steel grade;weight;forbidden;mandatory;cost0;cost1;cost2;cost3;cost4;cost5;cost6;flows
T250;77408;0;0;0.047132;0.046692;0.045922;0.045152;0.044382;0.043612;0.021612;GEBEITST,
T250;77408;0;0;0.047132;0.046692;0.045922;0.045152;0.044382;0.043612;0.021612;GEBEITST,
T250;77408;0;0;0.047132;0.046692;0.045922;0.045152;0.044382;0.043612;0.021612;GEBEITST,
T250;77408;0;0;0.047132;0.046692;0.045922;0.045152;0.044382;0.043612;0.021612;GEBEITST,
T250;77408;0;0;0.047132;0.046692;0.045922;0.045152;0.044382;0.043612;0.021612;GEBEITST,
T250;77408;0;0;0.047132;0.046692;0.045922;0.045152;0.044382;0.043612;0.021612;GEBEITST,
T250;77408;0;0;0.047132;0.046692;0.045922;0.045152;0.044382;0.043612;0.021612;GEBEITST,
T250;77408;0;0;0.047132;0.046692;0.045922;0.045152;0.044382;0.043612;0.021612;GEBEITST,
T250;77408;0;0;0.047132;0.046692;0.045922;0.045152;0.044382;0.043612;0.021612;GEBEITST,
T250;77408;0;0;0.047132;0.046692;0.045922;0.045152;0.044382;0.043612;0.021612;GEBEITST,
T250;77408;0;0;0.047132;0.046692;0.045922;0.045152;0.044382;0.043612;0.021612;GEBEITST,
T250;77408;0;0;0.047132;0.046692;0.045922;0.045152;0.044382;0.043612;0.021612;GEBEITST,
T250;51606;0;0;0.047132;0.046692;0.045922;0.045152;0.044382;0.043612;0.021612;GEBEITST,
T250;51606;0;0;0.047132;0.046692;0.045922;0.045152;0.044382;0.043612;0.021612;GEBEITST,
T250;51606;0;0;0.047132;0.046692;0.045922;0.045152;0.044382;0.043612;0.021612;GEBEITST,
T250;51606;0;0;0.047132;0.046692;0.045922;0.045152;0.044382;0.043612;0.021612;GEBEITST,
T250;51606;0;0;0.047132;0.046692;0.045922;0.045152;0.044382;0.043612;0.021612;GEBEITST,
T250;51606;0;0;0.047132;0.046692;0.045922;0.045152;0.044382;0.043612;0.021612;GEBEITST,
T250;51606;0;0;0.047132;0.046692;0.045922;0.045152;0.044382;0.043612;0.021612;GEBEITST,
T250;51606;0;0;0.047132;0.046692;0.045922;0.045152;0.044382;0.043612;0.021612;GEBEITST,
T250;51606;0;0;0.047132;0.046692;0.045922;0.045152;0.044382;0.043612;0.021612;GEBEITST,
T250;51606;0;0;0.047132;0.046692;0.045922;0.045152;0.044382;0.043612;0.021612;GEBEITST,
T250;51606;0;0;0.047132;0.046692;0.045922;0.045152;0.044382;0.043612;0.021612;GEBEITST,
T250;51606;0;0;0.047132;0.046692;0.045922;0.045152;0.044382;0.043612;0.021612;GEBEITST,
T250;51606;0;0;0.047132;0.046692;0.045922;0.045152;0.044382;0.043612;0.021612;GEBEITST,
K200;10218;1;0;0.415555;0.443231;0.481533;0.552411;0.628189;0.708867;0.794445;GEBEITST,
KN50;83870;0;0;0.00240998;0.00301436;0.00450773;0.0104179;0.0212855;0.0368895;0.057376;GALTEC,SDG,TTS,HDG,
KN50;182947;0;0;0.0033121;0.00292537;0.00233967;0.00198813;0.00196477;0.00227747;0.00404042;GALTEC,SDG,TTS,HDG,
K820;14860;0;0;0.00220669;0.0020148;0.00196477;0.00217226;0.00364156;0.00817559;0.0177148;GEBEITST,
K820;29931;0;0;0.00424721;0.00382354;0.00311568;0.00249087;0.00205171;0.00196477;0.00209176;GEBEITST,
K270;82114;0;0;0.00283292;0.00249087;0.00205171;0.00196477;0.00209176;0.00330309;0.00722707;CAPL,BT2,
K270;61647;0;0;0.00274359;0.00241314;0.0020148;0.00196477;0.00217226;0.00364156;0.00817559;CAPL,BT2,
K820;22706;0;0;0.00292537;0.00257191;0.00209667;0.00196477;0.00203321;0.00301436;0.00639731;GEBEITST,
K820;22706;0;0;0.00403409;0.003616;0.00292537;0.00233967;0.00198813;0.00196477;0.00227747;GEBEITST,
K820;22706;0;0;0.00424721;0.00382354;0.00311568;0.00249087;0.00205171;0.00196477;0.00209176;GEBEITST,
K820;51606;0;0;0.00414042;0.00371934;0.00301968;0.00241314;0.0020148;0.00196477;0.00217226;GEBEITST,
K820;33028;0;0;0.00382354;0.00341243;0.00274359;0.00220669;0.00196477;0.00197231;0.00257305;GEBEITST,
K820;33028;0;0;0.00403409;0.003616;0.00292537;0.00233967;0.00198813;0.00196477;0.00227747;GEBEITST,
K820;16973;0;0;0.00214847;0.00198813;0.00196477;0.00227747;0.00404042;0.00923905;0.0194514;GEBEITST,
K820;74312;0;0;0.00265631;0.00233967;0.00198813;0.00196477;0.00227747;0.00404042;0.00923905;GEBEITST,
K820;74312;0;0;0.00382354;0.00341243;0.00274359;0.00220669;0.00196477;0.00197231;0.00257305;GEBEITST,
K820;74312;0;0;0.00403409;0.003616;0.00292537;0.00233967;0.00198813;0.00196477;0.00227747;GEBEITST,
K820;74312;0;0;0.00414042;0.00371934;0.00301968;0.00241314;0.0020148;0.00196477;0.00217226;GEBEITST,
K820;74312;0;0;0.00610204;0.00566213;0.00489585;0.00414042;0.00341243;0.00274359;0.00196477;GEBEITST,
K820;18040;0;0;0.00249087;0.00220669;0.00196477;0.00197231;0.00257305;0.0050491;0.0116869;GEBEITST,
K820;30963;0;0;0.00341243;0.00301968;0.00241314;0.0020148;0.00196477;0.00217226;0.00364156;GEBEITST,
K820;30963;0;0;0.00414042;0.00371934;0.00301968;0.00241314;0.0020148;0.00196477;0.00217226;GEBEITST,
LK70;41318;0;0;0.00220669;0.0020148;0.00196477;0.00217226;0.00364156;0.00817559;0.0177148;SG3,SDG,TTS,HDG,
K570;51400;0;0;0.00227048;0.00205171;0.00196477;0.00209176;0.00330309;0.00722707;0.0160717;ZWART,
K820;4543;0;0;3.77823;3.86111;3.97301;4.17269;4.37727;4.58675;4.80112;GEBEITST,
K570;21540;0;0;0.00330309;0.00450773;0.00722707;0.0160717;0.0296055;0.0479972;0.0712798;ZWART,
K570;61680;0;0;0.00227048;0.00205171;0.00196477;0.00209176;0.00330309;0.00722707;0.0160717;ZWART,
LK30;20723;0;0;0.00424721;0.00382354;0.00311568;0.00249087;0.00205171;0.00196477;0.00209176;SG3,SDG,TTS,HDG,
LK30;29006;0;0;0.00424721;0.00382354;0.00311568;0.00249087;0.00205171;0.00196477;0.00209176;SG3,SDG,TTS,HDG,
LK30;23558;0;0;0.00424721;0.00382354;0.00311568;0.00249087;0.00205171;0.00196477;0.00209176;SG3,SDG,TTS,HDG,
K570;11224;0;0;0.00209176;0.00240998;0.00330309;0.00722707;0.0160717;0.0296055;0.0479972;ZWART,
K210;38919;0;0;0.00165867;0.00140803;0.00125336;0.00129525;0.00214354;0.00521529;0.0135676;CAPL,TTS,
KM50;20642;0;0;0.00265631;0.00233967;0.00198813;0.00196477;0.00227747;0.00404042;0.00923905;GEBEITST,
KM50;20642;0;0;0.00414042;0.00371934;0.00301968;0.00241314;0.0020148;0.00196477;0.00217226;GEBEITST,
KT70;144989;0;0;0.00321322;0.00283292;0.00227048;0.0019711;0.00196477;0.00240998;0.00450773;CAPL,TTS,
LT70;11926;0;0;0.00424721;0.00382354;0.00311568;0.00249087;0.00205171;0.00196477;0.00209176;SG3,SDG,BT2,HDG,
LT70;20704;0;0;0.00808204;0.00764204;0.00687204;0.00610204;0.00533308;0.00456995;0.00196477;SG3,SDG,BT2,HDG,
LT70;11399;0;0;0.00808204;0.00764204;0.00687204;0.00610204;0.00533308;0.00456995;0.00196477;SG3,SDG,TTS,HDG,
KM30;25700;0;0;0.00351372;0.00311568;0.00249087;0.00205171;0.00196477;0.00209176;0.00330309;ZWART,
KN40;50367;0;0;0.00244632;0.00207246;0.00152333;0.00125336;0.00125406;0.00175477;0.00396752;GALTEC,SDG,BT2,HDG,
K370;9037;0;0;0.00161271;0.00214354;0.00348114;0.00903016;0.0221784;0.0399881;0.0620299;GALTEC,SDG,BT2,HDG,
K370;15101;0;0;0.00321322;0.00283292;0.00227048;0.0019711;0.00196477;0.00240998;0.00450773;SG2,SDG,BT2,HDG,
K370;70105;0;0;0.00192906;0.00270741;0.00454663;0.011855;0.0269928;0.0457948;0.0692164;GALTEC,SDG,BT2,HDG,
K370;50810;0;0;0.00152333;0.00131912;0.00125336;0.00141274;0.00270741;0.00685566;0.0176129;GALTEC,SDG,BT2,HDG,
K370;51751;0;0;0.00131912;0.00125336;0.00126695;0.00192906;0.00454663;0.011855;0.0269928;GALTEC,SDG,BT2,HDG,
K370;25376;0;0;0.00129525;0.00149828;0.00214354;0.00521529;0.0135676;0.0294557;0.0488444;GALTEC,SDG,BT2,HDG,
K370;11904;0;0;0.00125406;0.00134575;0.00175477;0.00396752;0.0103575;0.024556;0.0428424;GALTEC,SDG,BT2,HDG,
KT70;41284;0;0;0.00311568;0.00274359;0.00220669;0.00196477;0.00197231;0.00257305;0.0050491;GEBEITST,
K570;20642;0;0;0.00240998;0.00301436;0.00450773;0.0104179;0.0212855;0.0368895;0.057376;GEBEITST,
K570;12390;0;0;0.00240998;0.00301436;0.00450773;0.0104179;0.0212855;0.0368895;0.057376;GEBEITST,
LK40;30963;0;0;0.00305336;0.00264317;0.00198446;0.00146236;0.00125336;0.00126695;0.00192906;GEBEITST,
KM50;25803;0;0;0.00311568;0.00274359;0.00220669;0.00196477;0.00197231;0.00257305;0.0050491;GEBEITST,
KM50;95112;1;0;0.003616;0.00321322;0.00257191;0.00209667;0.00196477;0.00203321;0.00301436;GEBEITST,
KM50;22285;0;0;0.00639731;0.00923905;0.0145202;0.0273767;0.0450707;0.0676541;0.0951337;GEBEITST,
KM50;51606;0;0;0.00198813;0.00196477;0.00203321;0.00301436;0.00639731;0.0145202;0.0273767;GEBEITST,
KM50;51606;0;0;0.003616;0.00321322;0.00257191;0.00209667;0.00196477;0.00203321;0.00301436;GEBEITST,
K320;11043;0;0;0.00305336;0.00264317;0.00198446;0.00146236;0.00125336;0.00126695;0.00192906;GEBEITST,
K580;79949;0;0;0.00240998;0.00301436;0.00450773;0.0104179;0.0212855;0.0368895;0.057376;GEBEITST,
K370;17480;0;0;0.00131912;0.00125336;0.00126695;0.00192906;0.00454663;0.011855;0.0269928;GALTEC,SDG,BT2,HDG,
KM40;18934;0;0;0.0104179;0.0145202;0.0212855;0.0368895;0.057376;0.082757;0.113036;GEBEITST,
K820;49541;0;0;0.00198813;0.00196477;0.00203321;0.00301436;0.00639731;0.0145202;0.0273767;GEBEITST,
K820;49541;0;0;0.00249087;0.00220669;0.00196477;0.00197231;0.00257305;0.0050491;0.0116869;GEBEITST,
K210;8624;0;0;0.00207246;0.00173547;0.00131912;0.00125336;0.00141274;0.00270741;0.00685566;SG2,SDG,BT2,HDG,
K570;18826;0;0;0.00240998;0.00301436;0.00450773;0.0104179;0.0212855;0.0368895;0.057376;GEBEITST,
KM20;20642;0;0;0.0039284;0.00351372;0.00283292;0.00227048;0.0019711;0.00196477;0.00240998;GEBEITST,
L740;3143;0;0;0.00414042;0.00371934;0.00301968;0.00241314;0.0020148;0.00196477;0.00217226;CAPL,BT2,
K450;49659;0;0;0.0019711;0.00196477;0.00209176;0.00330309;0.00722707;0.0160717;0.0296055;SG2,SDG,BT2,HDG,
K450;24829;0;0;0.00198813;0.00196477;0.00203321;0.00301436;0.00639731;0.0145202;0.0273767;SG2,SDG,BT2,HDG,
KN40;20387;0;0;0.00125406;0.00134575;0.00175477;0.00396752;0.0103575;0.024556;0.0428424;GALTEC,SDG,BT2,HDG,
KM50;67087;0;0;0.00196477;0.00203321;0.00240998;0.00450773;0.0104179;0.0212855;0.0368895;GEBEITST,
LK60;20642;0;0;0.00198813;0.00196477;0.00203321;0.00301436;0.00639731;0.0145202;0.0273767;GEBEITST,
KM40;25803;0;0;0.00214847;0.00198813;0.00196477;0.00227747;0.00404042;0.00923905;0.0194514;GEBEITST,
KM50;61927;0;0;0.00196477;0.00203321;0.00240998;0.00450773;0.0104179;0.0212855;0.0368895;GEBEITST,
K210;101815;0;0;0.00189863;0.00158981;0.00126485;0.00125336;0.00161271;0.00348114;0.00903016;SG2,SDG,BT2,HDG,
K320;15482;0;0;0.00227048;0.00205171;0.00196477;0.00209176;0.00330309;0.00722707;0.0160717;GEBEITST,
K820;23739;0;0;0.00301968;0.00265631;0.00214847;0.00196477;0.00199442;0.00277186;0.00567697;GEBEITST,
K820;25803;0;0;0.00227048;0.00205171;0.00196477;0.00209176;0.00330309;0.00722707;0.0160717;GEBEITST,
K570;41774;0;0;0.00198446;0.00165867;0.00128646;0.00125336;0.00149828;0.00306541;0.00787307;GEBEITST,
KM50;20642;0;0;0.00311568;0.00274359;0.00220669;0.00196477;0.00197231;0.00257305;0.0050491;GEBEITST,
K140;18358;0;0;0.00567697;0.00817559;0.0130556;0.0252471;0.0422437;0.0641281;0.0909081;GEBEITST,
KM40;23739;0;0;0.00240998;0.00301436;0.00450773;0.0104179;0.0212855;0.0368895;0.057376;GEBEITST,
KM50;25803;0;0;0.00220669;0.0020148;0.00196477;0.00217226;0.00364156;0.00817559;0.0177148;GEBEITST,
KM50;51606;0;0;0.00249087;0.00220669;0.00196477;0.00197231;0.00257305;0.0050491;0.0116869;GEBEITST,
K340;24913;0;0;0.00351372;0.00311568;0.00249087;0.00205171;0.00196477;0.00209176;0.00330309;GALTEC,SDG,TTS,HDG,
KM30;43349;0;0;0.00209176;0.00240998;0.00330309;0.00722707;0.0160717;0.0296055;0.0479972;GEBEITST,
K380;33299;0;0;0.00257305;0.00330309;0.0050491;0.0116869;0.023217;0.0395169;0.0607021;GEBEITST,
T230;69011;0;0;0.00817559;0.0116869;0.0177148;0.031934;0.0510236;0.0750055;0.103885;GALTEC,SDG,BT2,HDG,
KB30;25803;0;0;0.0050491;0.00722707;0.0116869;0.023217;0.0395169;0.0607021;0.0867826;GEBEITST,
K200;99550;0;0;0.00227048;0.00205171;0.00196477;0.00209176;0.00330309;0.00722707;0.0160717;GEBEITST,
K200;211562;0;0;0.00292537;0.00257191;0.00209667;0.00196477;0.00203321;0.00301436;0.00639731;GEBEITST,
K200;211562;0;0;0.003616;0.00321322;0.00257191;0.00209667;0.00196477;0.00203321;0.00301436;GEBEITST,
KM50;25803;0;0;0.00209667;0.0019711;0.00196477;0.00240998;0.00450773;0.0104179;0.0212855;GEBEITST,
T210;24070;0;0;0.00207246;0.00173547;0.00131912;0.00125336;0.00141274;0.00270741;0.00685566;FULL HARD,BT2,
KM40;25803;0;0;0.00311568;0.00274359;0.00220669;0.00196477;0.00197231;0.00257305;0.0050491;GEBEITST,
KM50;25803;0;0;0.00311568;0.00274359;0.00220669;0.00196477;0.00197231;0.00257305;0.0050491;GEBEITST,
KT30;20911;0;0;0.00382354;0.00341243;0.00274359;0.00220669;0.00196477;0.00197231;0.00257305;CAPL,BT2,
T230;24253;0;0;0.00198813;0.00196477;0.00203321;0.00301436;0.00639731;0.0145202;0.0273767;SG2,SDG,BT2,HDG,
K820;77408;0;0;0.0019711;0.00196477;0.00209176;0.00330309;0.00722707;0.0160717;0.0296055;GEBEITST,
K370;11910;0;0;0.00209176;0.00240998;0.00330309;0.00722707;0.0160717;0.0296055;0.0479972;GALTEC,SDG,BT2,HDG,
K210;92829;0;0;0.00240998;0.00301436;0.00450773;0.0104179;0.0212855;0.0368895;0.057376;CAPL,TTS,
K210;111063;0;0;0.00351372;0.00311568;0.00249087;0.00205171;0.00196477;0.00209176;0.00330309;CAPL,TTS,
KM50;20642;0;0;0.00311568;0.00274359;0.00220669;0.00196477;0.00197231;0.00257305;0.0050491;GEBEITST,
KM50;20642;0;0;0.00240998;0.00301436;0.00450773;0.0104179;0.0212855;0.0368895;0.057376;GEBEITST,
KM50;20642;0;0;0.00311568;0.00274359;0.00220669;0.00196477;0.00197231;0.00257305;0.0050491;GEBEITST,
KM50;13524;0;0;0.00311568;0.00274359;0.00220669;0.00196477;0.00197231;0.00257305;0.0050491;GEBEITST,
K370;86802;0;0;0.00131912;0.00125336;0.00126695;0.00192906;0.00454663;0.011855;0.0269928;SG2,SDG,BT2,HDG,
K370;102780;0;0;0.00125336;0.00125406;0.00141274;0.00270741;0.00685566;0.0176129;0.0345568;SG2,SDG,BT2,HDG,
KM60;24771;0;0;0.00371934;0.0033121;0.00265631;0.00214847;0.00196477;0.00199442;0.00277186;GEBEITST,
LT70;23880;0;0;0.00241314;0.00214847;0.00196477;0.00199442;0.00277186;0.00567697;0.0130556;SG3,SDG,TTS,HDG,
KN50;26858;0;0;0.00220669;0.0020148;0.00196477;0.00217226;0.00364156;0.00817559;0.0177148;GALTEC,SDG,TTS,HDG,
K370;5696;0;0;0.00403409;0.003616;0.00292537;0.00233967;0.00198813;0.00196477;0.00227747;GALTEC,SDG,BT2,HDG,
KM30;87983;0;0;0.0116869;0.0160717;0.023217;0.0395169;0.0607021;0.0867826;0.117761;ZWART,
KM30;25676;0;0;0.0116869;0.0160717;0.023217;0.0395169;0.0607021;0.0867826;0.117761;ZWART,
KM30;154200;0;0;0.00301436;0.00404042;0.00639731;0.0145202;0.0273767;0.0450707;0.0676541;ZWART,
KM30;154200;0;0;0.00199442;0.00217226;0.00277186;0.00567697;0.0130556;0.0252471;0.0422437;ZWART,
KM30;154200;0;0;0.00249087;0.00220669;0.00196477;0.00197231;0.00257305;0.0050491;0.0116869;ZWART,
K370;99951;0;0;0.00249087;0.00220669;0.00196477;0.00197231;0.00257305;0.0050491;0.0116869;SG2,SDG,BT2,HDG,
K370;49926;0;0;0.00351372;0.00311568;0.00249087;0.00205171;0.00196477;0.00209176;0.00330309;SG2,SDG,BT2,HDG,
K370;146460;0;0;0.00351372;0.00311568;0.00249087;0.00205171;0.00196477;0.00209176;0.00330309;SG2,SDG,BT2,HDG,
T220;12218;0;0;0.0296055;0.0368895;0.0479972;0.0712798;0.0994592;0.132538;0.170516;FULL HARD,TTS,
KN10;11397;0;0;0.0273767;0.0343621;0.0450707;0.0676541;0.0951337;0.127512;0.16479;FULL HARD,BT2,
K370;20767;0;0;0.003616;0.00321322;0.00257191;0.00209667;0.00196477;0.00203321;0.00301436;SG2,SDG,BT2,HDG,
K370;24865;0;0;0.00341243;0.00301968;0.00241314;0.0020148;0.00196477;0.00217226;0.00364156;SG2,SDG,BT2,HDG,
K370;50026;0;0;0.00311568;0.00274359;0.00220669;0.00196477;0.00197231;0.00257305;0.0050491;SG2,SDG,BT2,HDG,
KM80;27989;0;0;0.00199442;0.00217226;0.00277186;0.00567697;0.0130556;0.0252471;0.0422437;GEBEITST,
K200;30963;0;0;0.00414042;0.00371934;0.00301968;0.00241314;0.0020148;0.00196477;0.00217226;GEBEITST,
K450;81352;0;0;0.00257191;0.00227048;0.0019711;0.00196477;0.00240998;0.00450773;0.0104179;SG2,SDG,BT2,HDG,
KB30;25642;0;0;0.00424721;0.00382354;0.00311568;0.00249087;0.00205171;0.00196477;0.00209176;SG2,SDG,BT2,HDG,
KB30;25642;0;0;0.00424721;0.00382354;0.00311568;0.00249087;0.00205171;0.00196477;0.00209176;SG2,SDG,BT2,HDG,
KB30;25642;0;0;0.00588204;0.00544262;0.00467823;0.0039284;0.00321322;0.00257191;0.00196477;SG2,SDG,BT2,HDG,
K370;75038;0;0;0.00311568;0.00274359;0.00220669;0.00196477;0.00197231;0.00257305;0.0050491;SG2,SDG,BT2,HDG,
K370;24988;0;0;0.00209667;0.0019711;0.00196477;0.00240998;0.00450773;0.0104179;0.0212855;SG2,SDG,BT2,HDG,
K370;24963;0;0;0.00209667;0.0019711;0.00196477;0.00240998;0.00450773;0.0104179;0.0212855;SG2,SDG,BT2,HDG,
K370;13518;0;0;0.00209667;0.0019711;0.00196477;0.00240998;0.00450773;0.0104179;0.0212855;SG2,SDG,BT2,HDG,
K370;14490;0;0;0.00205171;0.00196477;0.00197231;0.00257305;0.0050491;0.0116869;0.023217;SG2,SDG,BT2,HDG,
K370;93060;0;0;0.00249087;0.00220669;0.00196477;0.00197231;0.00257305;0.0050491;0.0116869;SG2,SDG,BT2,HDG,
K370;49829;0;0;0.00311568;0.00274359;0.00220669;0.00196477;0.00197231;0.00257305;0.0050491;SG2,SDG,BT2,HDG,
K370;8643;0;0;0.00351372;0.00311568;0.00249087;0.00205171;0.00196477;0.00209176;0.00330309;SG2,SDG,BT2,HDG,
T230;24688;0;0;0.00198813;0.00196477;0.00203321;0.00301436;0.00639731;0.0145202;0.0273767;SG2,SDG,BT2,HDG,
T230;24688;0;0;0.00274359;0.00241314;0.0020148;0.00196477;0.00217226;0.00364156;0.00817559;SG2,SDG,BT2,HDG,
T230;25716;0;0;0.0033121;0.00292537;0.00233967;0.00198813;0.00196477;0.00227747;0.00404042;SG2,SDG,BT2,HDG,
T230;25716;0;0;0.00424721;0.00382354;0.00311568;0.00249087;0.00205171;0.00196477;0.00209176;SG2,SDG,BT2,HDG,
T230;25716;0;0;0.00424721;0.00382354;0.00311568;0.00249087;0.00205171;0.00196477;0.00209176;SG2,SDG,BT2,HDG,
T230;25716;0;0;0.00621204;0.00577204;0.00500497;0.00424721;0.00351372;0.00283292;0.00196477;SG2,SDG,BT2,HDG,
K370;24865;0;0;0.00249087;0.00220669;0.00196477;0.00197231;0.00257305;0.0050491;0.0116869;SG2,SDG,BT2,HDG,
K370;24865;0;0;0.00311568;0.00274359;0.00220669;0.00196477;0.00197231;0.00257305;0.0050491;SG2,SDG,BT2,HDG,
K370;56359;0;0;0.00311568;0.00274359;0.00220669;0.00196477;0.00197231;0.00257305;0.0050491;SG2,SDG,BT2,HDG,
K370;49879;0;0;0.00341243;0.00301968;0.00241314;0.0020148;0.00196477;0.00217226;0.00364156;SG2,SDG,BT2,HDG,
K370;24939;0;0;0.00351372;0.00311568;0.00249087;0.00205171;0.00196477;0.00209176;0.00330309;SG2,SDG,BT2,HDG,
K370;19038;0;0;0.00311568;0.00274359;0.00220669;0.00196477;0.00197231;0.00257305;0.0050491;SG2,SDG,BT2,HDG,
K370;49829;0;0;0.0033121;0.00292537;0.00233967;0.00198813;0.00196477;0.00227747;0.00404042;SG2,SDG,BT2,HDG,
KN70;26939;0;0;0.0019711;0.00196477;0.00209176;0.00330309;0.00722707;0.0160717;0.0296055;GALTEC,SDG,TTS,HDG,
K370;298607;0;0;0.00257305;0.00330309;0.0050491;0.0116869;0.023217;0.0395169;0.0607021;SG2,SDG,BT2,HDG,
K370;298607;0;0;0.00214847;0.00198813;0.00196477;0.00227747;0.00404042;0.00923905;0.0194514;SG2,SDG,BT2,HDG,
K370;198565;0;0;0.00198813;0.00196477;0.00203321;0.00301436;0.00639731;0.0145202;0.0273767;SG2,SDG,BT2,HDG,
K370;199268;0;0;0.00424721;0.00382354;0.00311568;0.00249087;0.00205171;0.00196477;0.00209176;SG2,SDG,BT2,HDG,
KM50;25803;0;0;0.00196477;0.00203321;0.00240998;0.00450773;0.0104179;0.0212855;0.0368895;GEBEITST,
K130;13973;0;0;0.00214847;0.00198813;0.00196477;0.00227747;0.00404042;0.00923905;0.0194514;BAF_HNX,BAF,TTS,ELG,
LK50;12604;0;0;0.00240998;0.00301436;0.00450773;0.0104179;0.0212855;0.0368895;0.057376;GALTEC,SDG,TTS,HDG,
TB60;25018;0;0;0.00371934;0.0033121;0.00265631;0.00214847;0.00196477;0.00199442;0.00277186;CAPL,BT2,
KT50;20642;0;0;0.0039284;0.00351372;0.00283292;0.00227048;0.0019711;0.00196477;0.00240998;GEBEITST,
KT50;20642;0;0;0.00414042;0.00371934;0.00301968;0.00241314;0.0020148;0.00196477;0.00217226;GEBEITST,
KT10;22706;0;0;0.00257191;0.00227048;0.0019711;0.00196477;0.00240998;0.00450773;0.0104179;BAF_H2,BAF,BT2,
KT50;20642;0;0;0.00414042;0.00371934;0.00301968;0.00241314;0.0020148;0.00196477;0.00217226;GEBEITST,
KT10;46445;0;0;0.00311568;0.00274359;0.00220669;0.00196477;0.00197231;0.00257305;0.0050491;BAF_H2,BAF,BT2,
T230;17838;0;0;0.0194514;0.0252471;0.0343621;0.0541498;0.0788313;0.10841;0.142889;SG3,SDG,TTS,HDG,
T230;82987;0;0;0.00203321;0.00227747;0.00301436;0.00639731;0.0145202;0.0273767;0.0450707;SG3,SDG,TTS,HDG,
T230;9333;0;0;0.00249087;0.00220669;0.00196477;0.00197231;0.00257305;0.0050491;0.0116869;GALTEC,SDG,BT2,HDG,
KM40;18806;0;0;0.00197231;0.00209176;0.00257305;0.0050491;0.0116869;0.023217;0.0395169;GEBEITST,
K340;10433;0;0;0.0488444;0.0585848;0.0729584;0.101949;0.135835;0.174621;0.218306;SG2,SDG,BT2,HDG,
K340;40062;0;0;0.00158981;0.00135924;0.00125336;0.00134575;0.00240134;0.00597483;0.0155024;SG2,SDG,BT2,HDG,
K370;111421;0;0;0.0039284;0.00351372;0.00283292;0.00227048;0.0019711;0.00196477;0.00240998;GALTEC,SDG,TTS,HDG,
KM30;31995;0;0;0.00205171;0.00196477;0.00197231;0.00257305;0.0050491;0.0116869;0.023217;GEBEITST,
TB50;29142;0;0;0.023217;0.0296055;0.0395169;0.0607021;0.0867826;0.117761;0.153639;FULL HARD,TTS,
L620;23460;0;0;0.00175477;0.00240134;0.00396752;0.0103575;0.024556;0.0428424;0.0655725;GALTEC,SDG,TTS,HDG,
K570;36358;0;0;0.00424721;0.00382354;0.00311568;0.00249087;0.00205171;0.00196477;0.00209176;ZWART,
TB50;22936;0;0;0.0212855;0.0273767;0.0368895;0.057376;0.082757;0.113036;0.148214;FULL HARD,BT2,
K320;89781;0;0;0.00764204;0.00720204;0.00643204;0.00566213;0.00489585;0.00414042;0.00196477;GEBEITST,
K320;105267;0;0;0.00808204;0.00764204;0.00687204;0.00610204;0.00533308;0.00456995;0.00196477;GEBEITST,
KM40;51400;0;0;0.0039284;0.00351372;0.00283292;0.00227048;0.0019711;0.00196477;0.00240998;ZWART,
LT70;8812;0;0;0.00330309;0.00450773;0.00722707;0.0160717;0.0296055;0.0479972;0.0712798;SG3,SDG,BT2,HDG,
LT70;25145;0;0;0.00214847;0.00198813;0.00196477;0.00227747;0.00404042;0.00923905;0.0194514;SG3,SDG,BT2,HDG,
K390;17787;0;0;0.0130556;0.0177148;0.0252471;0.0422437;0.0641281;0.0909081;0.122587;BAF_HNX,BAF,TTS,
K370;20947;0;0;0.00196477;0.00203321;0.00240998;0.00450773;0.0104179;0.0212855;0.0368895;GALTEC,SDG,BT2,HDG,
K820;25803;0;0;0.003616;0.00321322;0.00257191;0.00209667;0.00196477;0.00203321;0.00301436;GEBEITST,
K210;90364;0;0;0.00198813;0.00196477;0.00203321;0.00301436;0.00639731;0.0145202;0.0273767;CAPL,TTS,
K210;111063;0;0;0.00371934;0.0033121;0.00265631;0.00214847;0.00196477;0.00199442;0.00277186;CAPL,TTS,
K350;51400;0;0;0.0039284;0.00351372;0.00283292;0.00227048;0.0019711;0.00196477;0.00240998;ZWART,
KT20;4272;0;0;0.00220669;0.0020148;0.00196477;0.00217226;0.00364156;0.00817559;0.0177148;GEBEITST,
KM30;41284;0;0;0.00189863;0.00158981;0.00126485;0.00125336;0.00161271;0.00348114;0.00903016;GEBEITST,
T260;6524;0;0;0.0372283;0.0457948;0.0585848;0.0847841;0.115872;0.151858;0.192743;BAF_HNX,BAF,TTS,
LK70;29632;0;0;0.00207246;0.00173547;0.00131912;0.00125336;0.00141274;0.00270741;0.00685566;SG3,SDG,TTS,HDG,
LK60;9009;0;0;0.00301436;0.00404042;0.00639731;0.0145202;0.0273767;0.0450707;0.0676541;GEBEITST,
K820;53641;0;0;0.00209667;0.0019711;0.00196477;0.00240998;0.00450773;0.0104179;0.0212855;GEBEITST,
K320;46851;0;0;0.0019711;0.00196477;0.00209176;0.00330309;0.00722707;0.0160717;0.0296055;GALTEC,SDG,BT2,HDG,
K370;13697;0;0;0.00198813;0.00196477;0.00203321;0.00301436;0.00639731;0.0145202;0.0273767;SG2,SDG,BT2,HDG,
K820;25803;0;0;0.00203321;0.00227747;0.00301436;0.00639731;0.0145202;0.0273767;0.0450707;GEBEITST,
K820;25803;0;0;0.00227048;0.00205171;0.00196477;0.00209176;0.00330309;0.00722707;0.0160717;GEBEITST,
K820;51606;0;0;0.00382354;0.00341243;0.00274359;0.00220669;0.00196477;0.00197231;0.00257305;GEBEITST,
K320;74088;0;0;0.00240998;0.00301436;0.00450773;0.0104179;0.0212855;0.0368895;0.057376;GEBEITST,
LK60;46884;0;0;0.00205171;0.00196477;0.00197231;0.00257305;0.0050491;0.0116869;0.023217;GEBEITST,
LK70;159197;0;0;0.00207246;0.00173547;0.00131912;0.00125336;0.00141274;0.00270741;0.00685566;SG3,SDG,TTS,HDG,
K820;25803;0;0;0.00240998;0.00301436;0.00450773;0.0104179;0.0212855;0.0368895;0.057376;GEBEITST,
KM40;25700;0;0;0.0039284;0.00351372;0.00283292;0.00227048;0.0019711;0.00196477;0.00240998;ZWART,
K820;27867;0;0;0.0039284;0.00351372;0.00283292;0.00227048;0.0019711;0.00196477;0.00240998;GEBEITST,
K100;78642;0;0;0.00240134;0.00348114;0.00597483;0.0155024;0.0319727;0.0519929;0.0768008;BAF_HNX,BAF,BT2,
KN50;35934;0;0;0.0033121;0.00292537;0.00233967;0.00198813;0.00196477;0.00227747;0.00404042;GALTEC,SDG,TTS,HDG,
T230;16768;0;0;0.00277186;0.00364156;0.00567697;0.0130556;0.0252471;0.0422437;0.0641281;SG2,SDG,BT2,HDG,
K580;20642;0;0;0.00265631;0.00233967;0.00198813;0.00196477;0.00227747;0.00404042;0.00923905;GEBEITST,
LK10;3469;0;0;1.20118;1.24806;1.31196;1.42764;1.54822;1.67369;1.80407;GEBEITST,
KM40;10344;0;0;0.00199442;0.00217226;0.00277186;0.00567697;0.0130556;0.0252471;0.0422437;GEBEITST,
K370;37395;0;0;0.00135924;0.00125336;0.00125406;0.00175477;0.00396752;0.0103575;0.024556;SG2,SDG,BT2,HDG,
K820;28899;0;0;0.00209667;0.0019711;0.00196477;0.00240998;0.00450773;0.0104179;0.0212855;GEBEITST,
KT50;20642;0;0;0.0039284;0.00351372;0.00283292;0.00227048;0.0019711;0.00196477;0.00240998;GEBEITST,
K820;41284;0;0;0.0039284;0.00351372;0.00283292;0.00227048;0.0019711;0.00196477;0.00240998;GEBEITST,
KN30;30551;0;0;0.00292537;0.00257191;0.00209667;0.00196477;0.00203321;0.00301436;0.00639731;GALTEC,SDG,TTS,HDG,
KN30;18083;0;0;0.00198813;0.00196477;0.00203321;0.00301436;0.00639731;0.0145202;0.0273767;GALTEC,SDG,TTS,HDG,
KM40;10609;0;0;0.00209176;0.00240998;0.00330309;0.00722707;0.0160717;0.0296055;0.0479972;GEBEITST,
T210;46046;0;0;0.00639731;0.00923905;0.0145202;0.0273767;0.0450707;0.0676541;0.0951337;FULL HARD,TTS,
T210;46046;0;0;0.00301436;0.00404042;0.00639731;0.0145202;0.0273767;0.0450707;0.0676541;FULL HARD,TTS,
T210;136046;0;0;0.00203321;0.00227747;0.00301436;0.00639731;0.0145202;0.0273767;0.0450707;FULL HARD,TTS,
T210;69069;0;0;0.00198813;0.00196477;0.00203321;0.00301436;0.00639731;0.0145202;0.0273767;FULL HARD,TTS,
T210;23023;0;0;0.00227048;0.00205171;0.00196477;0.00209176;0.00330309;0.00722707;0.0160717;FULL HARD,TTS,
LT70;3749;0;0;0.0372283;0.0457948;0.0585848;0.0847841;0.115872;0.151858;0.192743;SG3,SDG,BT2,HDG,
LT70;4817;0;0;0.00125406;0.00134575;0.00175477;0.00396752;0.0103575;0.024556;0.0428424;SG3,SDG,BT2,HDG,
KN40;20250;0;0;0.00205171;0.00196477;0.00197231;0.00257305;0.0050491;0.0116869;0.023217;SG2,SDG,BT2,HDG,
NB60;10164;0;0;0.00390709;0.00347564;0.00274402;0.00207246;0.00152333;0.00125336;0.00125406;SG3,SDG,TTS,HDG,
KM80;10321;0;0;0.00181556;0.00152333;0.00125336;0.00125406;0.00175477;0.00396752;0.0103575;GEBEITST,
KM50;25803;0;0;0.00209667;0.0019711;0.00196477;0.00240998;0.00450773;0.0104179;0.0212855;GEBEITST,
KM50;25803;0;0;0.00209667;0.0019711;0.00196477;0.00240998;0.00450773;0.0104179;0.0212855;GEBEITST,
KM50;25803;0;0;0.00257191;0.00227048;0.0019711;0.00196477;0.00240998;0.00450773;0.0104179;GEBEITST,
KM50;25803;0;0;0.00311568;0.00274359;0.00220669;0.00196477;0.00197231;0.00257305;0.0050491;GEBEITST,
KM50;25803;0;0;0.00196477;0.00203321;0.00240998;0.00450773;0.0104179;0.0212855;0.0368895;GEBEITST,
KM50;25803;0;0;0.00209667;0.0019711;0.00196477;0.00240998;0.00450773;0.0104179;0.0212855;GEBEITST,
KM50;25803;0;0;0.00257191;0.00227048;0.0019711;0.00196477;0.00240998;0.00450773;0.0104179;GEBEITST,
KM50;25803;0;0;0.00209667;0.0019711;0.00196477;0.00240998;0.00450773;0.0104179;0.0212855;GEBEITST,
KM50;25803;0;0;0.00257191;0.00227048;0.0019711;0.00196477;0.00240998;0.00450773;0.0104179;GEBEITST,
K140;14840;0;0;0.00817559;0.0116869;0.0177148;0.031934;0.0510236;0.0750055;0.103885;GEBEITST,
TB50;22616;0;0;0.0450707;0.0541498;0.0676541;0.0951337;0.127512;0.16479;0.206968;ZWART,
K370;179071;0;0;0.003616;0.00321322;0.00257191;0.00209667;0.00196477;0.00203321;0.00301436;SG2,SDG,BT2,HDG,
TB50;66039;0;0;0.00903016;0.0135676;0.0221784;0.0399881;0.0620299;0.0889256;0.120713;SG3,SDG,TTS,HDG,
TB80;51400;0;0;0.00685566;0.0103575;0.0176129;0.0345568;0.0552404;0.0807423;0.111131;ZWART,
K340;20849;0;0;0.00301436;0.00404042;0.00639731;0.0145202;0.0273767;0.0450707;0.0676541;CAPL,TTS,
K340;20849;0;0;0.00197231;0.00209176;0.00257305;0.0050491;0.0116869;0.023217;0.0395169;CAPL,TTS,
KM40;51606;0;0;0.00240998;0.00301436;0.00450773;0.0104179;0.0212855;0.0368895;0.057376;GEBEITST,
KM80;84214;0;0;0.00128646;0.00125336;0.00129525;0.00214354;0.00521529;0.0135676;0.0294557;GEBEITST,
KM40;25803;0;0;0.00197231;0.00209176;0.00257305;0.0050491;0.0116869;0.023217;0.0395169;GEBEITST,
KN70;6137;0;0;0.0019711;0.00196477;0.00209176;0.00330309;0.00722707;0.0160717;0.0296055;GALTEC,SDG,TTS,HDG,
KM30;25803;0;0;0.00249087;0.00220669;0.00196477;0.00197231;0.00257305;0.0050491;0.0116869;GEBEITST,
K320;103211;0;0;0.00414042;0.00371934;0.00301968;0.00241314;0.0020148;0.00196477;0.00217226;GEBEITST,
TB50;123477;0;0;0.0273767;0.0343621;0.0450707;0.0676541;0.0951337;0.127512;0.16479;ZWART,
LT70;20827;0;0;0.00198446;0.00165867;0.00128646;0.00125336;0.00149828;0.00306541;0.00787307;SG3,SDG,TTS,HDG,
KM50;41120;0;0;0.00351372;0.00311568;0.00249087;0.00205171;0.00196477;0.00209176;0.00330309;ZWART,
KM40;52325;0;0;0.00292537;0.00257191;0.00209667;0.00196477;0.00203321;0.00301436;0.00639731;GEBEITST,
KM40;78488;0;0;0.00414042;0.00371934;0.00301968;0.00241314;0.0020148;0.00196477;0.00217226;GEBEITST,
K370;4583;0;0;0.00404042;0.00567697;0.00923905;0.0194514;0.0343621;0.0541498;0.0788313;SG2,SDG,BT2,HDG,
K370;9201;0;0;0.00265631;0.00233967;0.00198813;0.00196477;0.00227747;0.00404042;0.00923905;SG2,SDG,BT2,HDG,
K370;18401;0;0;0.00265631;0.00233967;0.00198813;0.00196477;0.00227747;0.00404042;0.00923905;SG2,SDG,BT2,HDG,
K370;46003;0;0;0.00265631;0.00233967;0.00198813;0.00196477;0.00227747;0.00404042;0.00923905;SG2,SDG,BT2,HDG,
KB30;14421;0;0;0.0273767;0.0343621;0.0450707;0.0676541;0.0951337;0.127512;0.16479;FULL HARD,BT2,
K140;40694;0;0;0.00404042;0.00567697;0.00923905;0.0194514;0.0343621;0.0541498;0.0788313;GEBEITST,
KM80;61894;0;0;0.00128646;0.00125336;0.00129525;0.00214354;0.00521529;0.0135676;0.0294557;GEBEITST,
TB50;26309;0;0;0.0273767;0.0343621;0.0450707;0.0676541;0.0951337;0.127512;0.16479;ZWART,
KM40;15806;0;0;0.00722707;0.0104179;0.0160717;0.0296055;0.0479972;0.0712798;0.0994592;GEBEITST,
K200;104650;0;0;0.00240998;0.00301436;0.00450773;0.0104179;0.0212855;0.0368895;0.057376;GEBEITST,
K200;26086;0;0;0.00403409;0.003616;0.00292537;0.00233967;0.00198813;0.00196477;0.00227747;GEBEITST,
KM40;13901;0;0;0.00128646;0.00125336;0.00129525;0.00214354;0.00521529;0.0135676;0.0294557;GEBEITST,
LT70;50420;0;0;0.00181556;0.00152333;0.00125336;0.00125406;0.00175477;0.00396752;0.0103575;SG3,SDG,BT2,HDG,
K820;25803;0;0;0.0019711;0.00196477;0.00209176;0.00330309;0.00722707;0.0160717;0.0296055;GEBEITST,
K370;38819;0;0;0.00351372;0.00311568;0.00249087;0.00205171;0.00196477;0.00209176;0.00330309;GALTEC,SDG,BT2,HDG,
K570;54895;0;0;0.00227048;0.00205171;0.00196477;0.00209176;0.00330309;0.00722707;0.0160717;GEBEITST,
KM40;15754;0;0;0.00923905;0.0130556;0.0194514;0.0343621;0.0541498;0.0788313;0.10841;GEBEITST,
K570;108043;0;0;0.00249087;0.00220669;0.00196477;0.00197231;0.00257305;0.0050491;0.0116869;GEBEITST,
K570;16721;0;0;0.00209667;0.0019711;0.00196477;0.00240998;0.00450773;0.0104179;0.0212855;GEBEITST,
K820;25803;0;0;0.00214847;0.00198813;0.00196477;0.00227747;0.00404042;0.00923905;0.0194514;GEBEITST,
TB50;12315;0;0;0.0273767;0.0343621;0.0450707;0.0676541;0.0951337;0.127512;0.16479;ZWART,
TB50;25524;0;0;0.00722707;0.0104179;0.0160717;0.0296055;0.0479972;0.0712798;0.0994592;FULL HARD,TTS,
TB50;25722;0;0;0.0296055;0.0368895;0.0479972;0.0712798;0.0994592;0.132538;0.170516;FULL HARD,TTS,
KM30;206422;0;0;0.00199442;0.00217226;0.00277186;0.00567697;0.0130556;0.0252471;0.0422437;GEBEITST,
K340;102665;0;0;0.00141274;0.00175477;0.00270741;0.00685566;0.0176129;0.0345568;0.0552404;GALTEC,SDG,TTS,HDG,
K370;84569;0;0;0.00196477;0.00203321;0.00240998;0.00450773;0.0104179;0.0212855;0.0368895;GALTEC,SDG,BT2,HDG,
K370;110373;0;0;0.00198813;0.00196477;0.00203321;0.00301436;0.00639731;0.0145202;0.0273767;SG2,SDG,BT2,HDG,
K370;83098;0;0;0.00198813;0.00196477;0.00203321;0.00301436;0.00639731;0.0145202;0.0273767;SG2,SDG,BT2,HDG,
K370;54890;0;0;0.00240998;0.00301436;0.00450773;0.0104179;0.0212855;0.0368895;0.057376;SG2,SDG,BT2,HDG,
T230;76591;0;0;0.00240998;0.00301436;0.00450773;0.0104179;0.0212855;0.0368895;0.057376;SG2,SDG,BT2,HDG,
T230;57444;0;0;0.00240998;0.00301436;0.00450773;0.0104179;0.0212855;0.0368895;0.057376;SG2,SDG,BT2,HDG,
KM40;20642;0;0;0.00753204;0.00709204;0.00632204;0.0055524;0.004787;0.00403409;0.00196477;GEBEITST,
K370;32375;0;0;0.00227048;0.00205171;0.00196477;0.00209176;0.00330309;0.00722707;0.0160717;GALTEC,SDG,BT2,HDG,
K370;14613;0;0;0.00240998;0.00301436;0.00450773;0.0104179;0.0212855;0.0368895;0.057376;SG2,SDG,BT2,HDG,
K370;77076;0;0;0.00196477;0.00203321;0.00240998;0.00450773;0.0104179;0.0212855;0.0368895;SG2,SDG,BT2,HDG,
K370;115615;0;0;0.00265631;0.00233967;0.00198813;0.00196477;0.00227747;0.00404042;0.00923905;SG2,SDG,BT2,HDG,
T230;18513;0;0;0.00240998;0.00301436;0.00450773;0.0104179;0.0212855;0.0368895;0.057376;SG2,SDG,BT2,HDG,
T230;15949;0;0;0.00240998;0.00301436;0.00450773;0.0104179;0.0212855;0.0368895;0.057376;SG2,SDG,BT2,HDG,
T230;18804;0;0;0.00240998;0.00301436;0.00450773;0.0104179;0.0212855;0.0368895;0.057376;SG2,SDG,BT2,HDG,
KM50;36124;0;0;0.00199442;0.00217226;0.00277186;0.00567697;0.0130556;0.0252471;0.0422437;GEBEITST,
KM50;72248;0;0;0.00371934;0.0033121;0.00265631;0.00214847;0.00196477;0.00199442;0.00277186;GEBEITST,
TB80;51400;0;0;0.0176129;0.024556;0.0345568;0.0552404;0.0807423;0.111131;0.146417;ZWART,
TB80;20560;0;0;0.00685566;0.0103575;0.0176129;0.0345568;0.0552404;0.0807423;0.111131;ZWART,
KT20;23739;0;0;0.00742204;0.00698204;0.00621204;0.00544262;0.00467823;0.0039284;0.00196477;GEBEITST,
T230;11568;0;0;0.00240998;0.00301436;0.00450773;0.0104179;0.0212855;0.0368895;0.057376;SG2,SDG,BT2,HDG,
TB50;18542;0;0;0.0428424;0.0519929;0.0655725;0.0931671;0.125653;0.163039;0.205324;GALTEC,SDG,BT2,HDG,
TB50;103705;0;0;0.024556;0.0319727;0.0428424;0.0655725;0.0931671;0.125653;0.163039;GALTEC,SDG,BT2,HDG,
T230;22746;0;0;0.00371934;0.0033121;0.00265631;0.00214847;0.00196477;0.00199442;0.00277186;GALTEC,SDG,BT2,HDG,
K320;62956;0;0;0.00311568;0.00274359;0.00220669;0.00196477;0.00197231;0.00257305;0.0050491;BAF_H2,BAF,BT2,
K210;63248;0;0;0.00214847;0.00198813;0.00196477;0.00227747;0.00404042;0.00923905;0.0194514;GALTEC,SDG,TTS,HDG,
K210;51535;0;0;0.00214847;0.00198813;0.00196477;0.00227747;0.00404042;0.00923905;0.0194514;GALTEC,SDG,TTS,HDG,
KB30;26288;0;0;0.00722707;0.0104179;0.0160717;0.0296055;0.0479972;0.0712798;0.0994592;FULL HARD,TTS,
T230;19976;0;0;0.00240998;0.00301436;0.00450773;0.0104179;0.0212855;0.0368895;0.057376;SG2,SDG,BT2,HDG,
T230;19976;0;0;0.00240998;0.00301436;0.00450773;0.0104179;0.0212855;0.0368895;0.057376;SG2,SDG,BT2,HDG,
KN40;24790;0;0;0.00220669;0.0020148;0.00196477;0.00217226;0.00364156;0.00817559;0.0177148;GALTEC,SDG,BT2,HDG,
K370;25197;0;0;0.00198813;0.00196477;0.00203321;0.00301436;0.00639731;0.0145202;0.0273767;SG2,SDG,BT2,HDG,
KN70;25773;0;0;0.00214847;0.00198813;0.00196477;0.00227747;0.00404042;0.00923905;0.0194514;GALTEC,SDG,TTS,HDG,
KN70;28082;0;0;0.00220669;0.0020148;0.00196477;0.00217226;0.00364156;0.00817559;0.0177148;GALTEC,SDG,BT2,HDG,
K820;25803;0;0;0.00311568;0.00274359;0.00220669;0.00196477;0.00197231;0.00257305;0.0050491;GEBEITST,
K370;18904;0;0;0.00364156;0.0050491;0.00817559;0.0177148;0.031934;0.0510236;0.0750055;SG2,SDG,BT2,HDG,
KB30;39542;0;0;0.0194514;0.0252471;0.0343621;0.0541498;0.0788313;0.10841;0.142889;ZWART,
KB30;202516;0;0;0.0194514;0.0252471;0.0343621;0.0541498;0.0788313;0.10841;0.142889;ZWART,
T230;18905;0;0;0.0194514;0.0252471;0.0343621;0.0541498;0.0788313;0.10841;0.142889;ZWART,
TB50;21691;0;0;0.0194514;0.0252471;0.0343621;0.0541498;0.0788313;0.10841;0.142889;ZWART,
T230;51954;0;0;0.0020148;0.00196477;0.00199442;0.00277186;0.00567697;0.0130556;0.0252471;SG3,SDG,TTS,HDG,
T230;51954;0;0;0.0020148;0.00196477;0.00199442;0.00277186;0.00567697;0.0130556;0.0252471;SG3,SDG,TTS,HDG,
T230;51954;0;0;0.0020148;0.00196477;0.00199442;0.00277186;0.00567697;0.0130556;0.0252471;SG3,SDG,TTS,HDG,
K820;103211;0;0;0.00257191;0.00227048;0.0019711;0.00196477;0.00240998;0.00450773;0.0104179;GEBEITST,
KT20;10290;0;0;0.00709204;0.00665204;0.00588204;0.00511421;0.00435446;0.003616;0.00196477;GEBEITST,
T210;23023;0;0;0.00301968;0.00265631;0.00214847;0.00196477;0.00199442;0.00277186;0.00567697;FULL HARD,BT2,
KM80;52685;0;0;0.00698204;0.00654204;0.00577204;0.00500204;0.00423346;0.00347564;0.00125336;GEBEITST,
K140;21053;0;0;0.0050491;0.00722707;0.0116869;0.023217;0.0395169;0.0607021;0.0867826;GEBEITST,
K320;17284;0;0;0.00240998;0.00301436;0.00450773;0.0104179;0.0212855;0.0368895;0.057376;GEBEITST,
K130;22933;0;0;0.00632204;0.00588204;0.00511421;0.00435446;0.003616;0.00292537;0.00196477;BAF_HNX,BAF,TTS,
TB40;55981;0;0;0.00125336;0.00125406;0.00141274;0.00270741;0.00685566;0.0176129;0.0345568;ZWART,
TB80;123360;1;0;0.00270741;0.00396752;0.00685566;0.0176129;0.0345568;0.0552404;0.0807423;ZWART,
KN20;27972;0;0;0.00209667;0.0019711;0.00196477;0.00240998;0.00450773;0.0104179;0.0212855;SG3,SDG,BT2,HDG,
KN20;155126;0;0;0.00424721;0.00382354;0.00311568;0.00249087;0.00205171;0.00196477;0.00209176;SG3,SDG,BT2,HDG,
TB60;21199;0;0;0.00240998;0.00301436;0.00450773;0.0104179;0.0212855;0.0368895;0.057376;CAPL,BT2,
TB80;41120;0;0;0.00270741;0.00396752;0.00685566;0.0176129;0.0345568;0.0552404;0.0807423;ZWART,
K140;57897;0;0;0.00209176;0.00240998;0.00330309;0.00722707;0.0160717;0.0296055;0.0479972;GEBEITST,
TB80;51400;0;0;0.00270741;0.00396752;0.00685566;0.0176129;0.0345568;0.0552404;0.0807423;ZWART,
TB80;41120;1;0;0.00125336;0.00125406;0.00141274;0.00270741;0.00685566;0.0176129;0.0345568;ZWART,
K370;20051;0;0;0.00198813;0.00196477;0.00203321;0.00301436;0.00639731;0.0145202;0.0273767;SG2,SDG,BT2,HDG,
TB80;28109;0;0;0.0176129;0.024556;0.0345568;0.0552404;0.0807423;0.111131;0.146417;ZWART,
TB80;61680;0;0;0.00270741;0.00396752;0.00685566;0.0176129;0.0345568;0.0552404;0.0807423;ZWART,
K370;58225;0;0;0.00203321;0.00227747;0.00301436;0.00639731;0.0145202;0.0273767;0.0450707;SG2,SDG,BT2,HDG,
K370;16032;0;0;0.00203321;0.00227747;0.00301436;0.00639731;0.0145202;0.0273767;0.0450707;SG2,SDG,BT2,HDG,
KM20;15173;0;0;0.00227048;0.00205171;0.00196477;0.00209176;0.00330309;0.00722707;0.0160717;GEBEITST,
KM20;25803;0;0;0.00351372;0.00311568;0.00249087;0.00205171;0.00196477;0.00209176;0.00330309;GEBEITST,
TB80;9539;0;0;0.00270741;0.00396752;0.00685566;0.0176129;0.0345568;0.0552404;0.0807423;ZWART,
TB50;82240;0;0;0.00270741;0.00396752;0.00685566;0.0176129;0.0345568;0.0552404;0.0807423;ZWART,
K200;25803;0;0;0.00265631;0.00233967;0.00198813;0.00196477;0.00227747;0.00404042;0.00923905;GEBEITST,
LK10;8137;0;0;0.113036;0.127512;0.148214;0.188292;0.23327;0.283148;0.337926;GEBEITST,
K370;35650;0;0;0.00364156;0.0050491;0.00817559;0.0177148;0.031934;0.0510236;0.0750055;SG2,SDG,BT2,HDG,
K370;56656;0;0;0.00198813;0.00196477;0.00203321;0.00301436;0.00639731;0.0145202;0.0273767;SG2,SDG,BT2,HDG,
K820;37156;0;0;0.00257191;0.00227048;0.0019711;0.00196477;0.00240998;0.00450773;0.0104179;GEBEITST,
L650;10466;0;0;0.00240998;0.00301436;0.00450773;0.0104179;0.0212855;0.0368895;0.057376;CAPL,TTS,
KM50;29386;0;0;0.00199442;0.00217226;0.00277186;0.00567697;0.0130556;0.0252471;0.0422437;GEBEITST,
KM50;51606;0;0;0.00301968;0.00265631;0.00214847;0.00196477;0.00199442;0.00277186;0.00567697;GEBEITST,
KM30;24771;0;0;0.0020148;0.00196477;0.00199442;0.00277186;0.00567697;0.0130556;0.0252471;GEBEITST,
K450;292880;0;0;0.00196477;0.00197231;0.00217226;0.00364156;0.00817559;0.0177148;0.031934;GALTEC,SDG,TTS,HDG,
KM20;25803;0;0;0.00265631;0.00233967;0.00198813;0.00196477;0.00227747;0.00404042;0.00923905;GEBEITST,
KM20;25803;0;0;0.0019711;0.00196477;0.00209176;0.00330309;0.00722707;0.0160717;0.0296055;GEBEITST,
KM20;51606;0;0;0.00265631;0.00233967;0.00198813;0.00196477;0.00227747;0.00404042;0.00923905;GEBEITST,
K370;24915;0;0;0.00209667;0.0019711;0.00196477;0.00240998;0.00450773;0.0104179;0.0212855;SG2,SDG,BT2,HDG,
K340;22270;0;0;0.00209667;0.0019711;0.00196477;0.00240998;0.00450773;0.0104179;0.0212855;SG2,SDG,BT2,HDG,
T230;22861;0;0;0.00404042;0.00567697;0.00923905;0.0194514;0.0343621;0.0541498;0.0788313;GALTEC,SDG,BT2,HDG,
T230;22838;0;0;0.00241314;0.00214847;0.00196477;0.00199442;0.00277186;0.00567697;0.0130556;GALTEC,SDG,BT2,HDG,
K370;24411;0;0;0.00283292;0.00249087;0.00205171;0.00196477;0.00209176;0.00330309;0.00722707;SG2,SDG,BT2,HDG,
KB30;213618;0;0;0.00199442;0.00217226;0.00277186;0.00567697;0.0130556;0.0252471;0.0422437;GEBEITST,
KM40;20642;0;0;0.00198813;0.00196477;0.00203321;0.00301436;0.00639731;0.0145202;0.0273767;GEBEITST,
K820;46445;0;0;0.00311568;0.00274359;0.00220669;0.00196477;0.00197231;0.00257305;0.0050491;GEBEITST,
K820;49541;0;0;0.00311568;0.00274359;0.00220669;0.00196477;0.00197231;0.00257305;0.0050491;GEBEITST,
KM80;20683;0;0;0.00301436;0.00404042;0.00639731;0.0145202;0.0273767;0.0450707;0.0676541;FULL HARD,BT2,
TB50;91204;0;0;0.00923905;0.0130556;0.0194514;0.0343621;0.0541498;0.0788313;0.10841;ZWART,
K450;11973;0;0;0.00277186;0.00364156;0.00567697;0.0130556;0.0252471;0.0422437;0.0641281;SG2,SDG,BT2,HDG,
K450;105389;0;0;0.00205171;0.00196477;0.00197231;0.00257305;0.0050491;0.0116869;0.023217;SG2,SDG,BT2,HDG,
K450;78842;0;0;0.00283292;0.00249087;0.00205171;0.00196477;0.00209176;0.00330309;0.00722707;GALTEC,SDG,TTS,HDG,
K820;25831;0;0;0.00240998;0.00301436;0.00450773;0.0104179;0.0212855;0.0368895;0.057376;GEBEITST,
K820;264453;0;0;0.00311568;0.00274359;0.00220669;0.00196477;0.00197231;0.00257305;0.0050491;GEBEITST,
K320;30963;0;0;0.00189863;0.00158981;0.00126485;0.00125336;0.00161271;0.00348114;0.00903016;GEBEITST,
T230;20366;0;0;0.0020148;0.00196477;0.00199442;0.00277186;0.00567697;0.0130556;0.0252471;SG3,SDG,TTS,HDG,
T230;20637;0;0;0.00214847;0.00198813;0.00196477;0.00227747;0.00404042;0.00923905;0.0194514;GALTEC,SDG,TTS,HDG,
K340;44746;0;0;0.00209176;0.00240998;0.00330309;0.00722707;0.0160717;0.0296055;0.0479972;GALTEC,SDG,BT2,HDG,
K340;103189;0;0;0.00209176;0.00240998;0.00330309;0.00722707;0.0160717;0.0296055;0.0479972;GALTEC,SDG,BT2,HDG,
K210;26164;0;0;0.00227048;0.00205171;0.00196477;0.00209176;0.00330309;0.00722707;0.0160717;CAPL,BT2,
K450;71564;0;0;0.0019711;0.00196477;0.00209176;0.00330309;0.00722707;0.0160717;0.0296055;GALTEC,SDG,BT2,HDG,
K450;104339;0;0;0.0019711;0.00196477;0.00209176;0.00330309;0.00722707;0.0160717;0.0296055;GALTEC,SDG,BT2,HDG,
K450;104339;0;0;0.0019711;0.00196477;0.00209176;0.00330309;0.00722707;0.0160717;0.0296055;GALTEC,SDG,BT2,HDG,
KM50;5264;0;0;0.00257305;0.00330309;0.0050491;0.0116869;0.023217;0.0395169;0.0607021;GEBEITST,
KM50;18578;0;0;0.00249087;0.00220669;0.00196477;0.00197231;0.00257305;0.0050491;0.0116869;GEBEITST,
KN50;25849;0;0;0.00196477;0.00199442;0.00227747;0.00404042;0.00923905;0.0194514;0.0343621;GALTEC,SDG,TTS,HDG,
L630;45937;0;0;0.00227048;0.00205171;0.00196477;0.00209176;0.00330309;0.00722707;0.0160717;SG3,SDG,TTS,HDG,
T220;18504;0;0;0.00923905;0.0130556;0.0194514;0.0343621;0.0541498;0.0788313;0.10841;ZWART,
K820;22706;0;0;0.00265631;0.00233967;0.00198813;0.00196477;0.00227747;0.00404042;0.00923905;GEBEITST,
K820;22706;0;0;0.00403409;0.003616;0.00292537;0.00233967;0.00198813;0.00196477;0.00227747;GEBEITST,
K820;22706;0;0;0.00265631;0.00233967;0.00198813;0.00196477;0.00227747;0.00404042;0.00923905;GEBEITST,
K820;22706;0;0;0.00414042;0.00371934;0.00301968;0.00241314;0.0020148;0.00196477;0.00217226;GEBEITST,
K370;103819;0;0;0.0019711;0.00196477;0.00209176;0.00330309;0.00722707;0.0160717;0.0296055;SG2,SDG,BT2,HDG,
K570;6710;0;0;0.00639731;0.00923905;0.0145202;0.0273767;0.0450707;0.0676541;0.0951337;FULL HARD,TTS,
K370;21565;0;0;0.00220669;0.0020148;0.00196477;0.00217226;0.00364156;0.00817559;0.0177148;SG2,SDG,BT2,HDG,
K370;21565;0;0;0.00220669;0.0020148;0.00196477;0.00217226;0.00364156;0.00817559;0.0177148;SG2,SDG,BT2,HDG,
K370;21565;0;0;0.00220669;0.0020148;0.00196477;0.00217226;0.00364156;0.00817559;0.0177148;SG2,SDG,BT2,HDG,
K320;21158;0;0;0.00205171;0.00196477;0.00197231;0.00257305;0.0050491;0.0116869;0.023217;GEBEITST,
K320;20960;0;0;0.00205171;0.00196477;0.00197231;0.00257305;0.0050491;0.0116869;0.023217;GEBEITST,
KM70;147086;0;0;0.00209667;0.0019711;0.00196477;0.00240998;0.00450773;0.0104179;0.0212855;GEBEITST,
K210;95315;0;0;0.00135924;0.00125336;0.00125406;0.00175477;0.00396752;0.0103575;0.024556;CAPL,BT2,
KM40;82569;0;0;0.00301968;0.00265631;0.00214847;0.00196477;0.00199442;0.00277186;0.00567697;GEBEITST,
KM40;7870;0;0;0.00240998;0.00301436;0.00450773;0.0104179;0.0212855;0.0368895;0.057376;GEBEITST,
KN70;402793;0;0;0.00196477;0.00199442;0.00227747;0.00404042;0.00923905;0.0194514;0.0343621;GALTEC,SDG,TTS,HDG,
KN50;51442;0;0;0.00196477;0.00199442;0.00227747;0.00404042;0.00923905;0.0194514;0.0343621;GALTEC,SDG,TTS,HDG,
K340;119109;0;0;0.00240998;0.00301436;0.00450773;0.0104179;0.0212855;0.0368895;0.057376;GEBEITST,
K340;55027;0;0;0.0177148;0.023217;0.031934;0.0510236;0.0750055;0.103885;0.137663;GEBEITST,
K340;264453;0;0;0.00209667;0.0019711;0.00196477;0.00240998;0.00450773;0.0104179;0.0212855;GEBEITST,
K340;186961;0;0;0.00817559;0.0116869;0.0177148;0.031934;0.0510236;0.0750055;0.103885;GEBEITST,
K340;211562;0;0;0.00265631;0.00233967;0.00198813;0.00196477;0.00227747;0.00404042;0.00923905;GEBEITST,
TB50;22092;0;0;0.00923905;0.0130556;0.0194514;0.0343621;0.0541498;0.0788313;0.10841;ZWART,
TB50;17897;0;0;0.0194514;0.0252471;0.0343621;0.0541498;0.0788313;0.10841;0.142889;ZWART,
TB50;22102;0;0;0.00923905;0.0130556;0.0194514;0.0343621;0.0541498;0.0788313;0.10841;ZWART,
TB50;22493;0;0;0.00923905;0.0130556;0.0194514;0.0343621;0.0541498;0.0788313;0.10841;ZWART,
TB50;17897;0;0;0.00923905;0.0130556;0.0194514;0.0343621;0.0541498;0.0788313;0.10841;ZWART,
TB50;73965;0;0;0.0194514;0.0252471;0.0343621;0.0541498;0.0788313;0.10841;0.142889;ZWART,
TB50;44204;0;0;0.00923905;0.0130556;0.0194514;0.0343621;0.0541498;0.0788313;0.10841;ZWART,
TB50;37008;0;0;0.00923905;0.0130556;0.0194514;0.0343621;0.0541498;0.0788313;0.10841;ZWART,
TB50;22554;0;0;0.00923905;0.0130556;0.0194514;0.0343621;0.0541498;0.0788313;0.10841;ZWART,
TB50;22554;0;0;0.00923905;0.0130556;0.0194514;0.0343621;0.0541498;0.0788313;0.10841;ZWART,
K370;17214;0;0;0.00196477;0.00203321;0.00240998;0.00450773;0.0104179;0.0212855;0.0368895;SG2,SDG,BT2,HDG,
KM40;25803;0;0;0.00149828;0.00192906;0.00306541;0.00787307;0.0198783;0.0372283;0.0585848;GEBEITST,
KM40;51606;0;0;0.00198446;0.00165867;0.00128646;0.00125336;0.00149828;0.00306541;0.00787307;GEBEITST,
K350;10247;0;0;0.00240998;0.00301436;0.00450773;0.0104179;0.0212855;0.0368895;0.057376;GEBEITST,
TB70;130640;0;0;0.00192906;0.00270741;0.00454663;0.011855;0.0269928;0.0457948;0.0692164;SG3,SDG,TTS,HDG,
TB60;17414;0;0;0.00923905;0.0130556;0.0194514;0.0343621;0.0541498;0.0788313;0.10841;ZWART,
TB50;25858;0;0;0.0194514;0.0252471;0.0343621;0.0541498;0.0788313;0.10841;0.142889;ZWART,
TB50;21866;0;0;0.00923905;0.0130556;0.0194514;0.0343621;0.0541498;0.0788313;0.10841;ZWART,
KM80;64385;0;0;0.00203321;0.00227747;0.00301436;0.00639731;0.0145202;0.0273767;0.0450707;FULL HARD,BT2,
T210;45551;0;0;0.00923905;0.0130556;0.0194514;0.0343621;0.0541498;0.0788313;0.10841;ZWART,
T210;15184;0;0;0.00923905;0.0130556;0.0194514;0.0343621;0.0541498;0.0788313;0.10841;ZWART,
KN20;14132;0;0;0.00292537;0.00257191;0.00209667;0.00196477;0.00203321;0.00301436;0.00639731;CAPL,BT2,
KN20;26112;0;0;0.00321322;0.00283292;0.00227048;0.0019711;0.00196477;0.00240998;0.00450773;CAPL,BT2,
KM50;18324;0;0;0.00311568;0.00274359;0.00220669;0.00196477;0.00197231;0.00257305;0.0050491;GEBEITST,
KN50;22605;0;0;0.00923905;0.0130556;0.0194514;0.0343621;0.0541498;0.0788313;0.10841;ZWART,
KM20;25803;0;0;0.00249087;0.00220669;0.00196477;0.00197231;0.00257305;0.0050491;0.0116869;GEBEITST,
KM40;18939;0;0;0.00257305;0.00330309;0.0050491;0.0116869;0.023217;0.0395169;0.0607021;GEBEITST,
KM40;33028;0;0;0.00205171;0.00196477;0.00197231;0.00257305;0.0050491;0.0116869;0.023217;GEBEITST,
KM70;25803;0;0;0.00292537;0.00257191;0.00209667;0.00196477;0.00203321;0.00301436;0.00639731;GEBEITST,
K370;7090;0;0;0.00197231;0.00209176;0.00257305;0.0050491;0.0116869;0.023217;0.0395169;SG2,SDG,BT2,HDG,
K140;179301;0;0;0.0422437;0.0510236;0.0641281;0.0909081;0.122587;0.159165;0.200643;BAF_HNX,BAF,TTS,
L650;3364;0;0;0.0145202;0.0194514;0.0273767;0.0450707;0.0676541;0.0951337;0.127512;CAPL,BT2,
T230;28150;0;0;0.003616;0.00321322;0.00257191;0.00209667;0.00196477;0.00203321;0.00301436;SG2,SDG,BT2,HDG,
KM50;154817;0;0;0.00753204;0.00709204;0.00632204;0.0055524;0.004787;0.00403409;0.00196477;GEBEITST,
KM50;144496;0;0;0.00808204;0.00764204;0.00687204;0.00610204;0.00533308;0.00456995;0.00196477;GEBEITST,
KM50;144496;0;0;0.00808204;0.00764204;0.00687204;0.00610204;0.00533308;0.00456995;0.00196477;GEBEITST,
KM40;9542;0;0;0.00817559;0.0116869;0.0177148;0.031934;0.0510236;0.0750055;0.103885;GEBEITST,
KM40;20642;0;0;0.00227048;0.00205171;0.00196477;0.00209176;0.00330309;0.00722707;0.0160717;GEBEITST,
KM40;103211;0;0;0.00341243;0.00301968;0.00241314;0.0020148;0.00196477;0.00217226;0.00364156;GEBEITST,
KM80;11367;0;0;0.00203321;0.00227747;0.00301436;0.00639731;0.0145202;0.0273767;0.0450707;FULL HARD,BT2,
KM80;83924;0;0;0.00203321;0.00227747;0.00301436;0.00639731;0.0145202;0.0273767;0.0450707;FULL HARD,BT2,
KM30;49420;0;0;0.00197231;0.00209176;0.00257305;0.0050491;0.0116869;0.023217;0.0395169;ZWART,
LK40;25803;0;0;0.00632204;0.00588204;0.00511204;0.00434241;0.00358278;0.0028463;0.00125336;GEBEITST,
KM50;30963;0;0;0.00808204;0.00764204;0.00687204;0.00610204;0.00533204;0.00456204;0.00125336;GEBEITST,
KN40;26586;0;0;0.00196477;0.00199442;0.00227747;0.00404042;0.00923905;0.0194514;0.0343621;GALTEC,SDG,TTS,HDG,
TB50;26502;0;0;0.00321322;0.00283292;0.00227048;0.0019711;0.00196477;0.00240998;0.00450773;CAPL,BT2,ELG,
K710;15714;0;0;0.00203321;0.00227747;0.00301436;0.00639731;0.0145202;0.0273767;0.0450707;CAPL,BT2,
K210;220100;0;0;0.00214847;0.00198813;0.00196477;0.00227747;0.00404042;0.00923905;0.0194514;CAPL,BT2,
KB30;152534;0;0;0.00198813;0.00196477;0.00203321;0.00301436;0.00639731;0.0145202;0.0273767;SG2,SDG,BT2,HDG,
K210;252056;0;0;0.00214847;0.00198813;0.00196477;0.00227747;0.00404042;0.00923905;0.0194514;CAPL,BT2,
K140;3811;0;0;0.0368895;0.0450707;0.057376;0.082757;0.113036;0.148214;0.188292;BAF_H2,BAF,BT2,
T230;46872;0;0;0.0269928;0.0345568;0.0457948;0.0692164;0.0975085;0.130694;0.16878;SG3,SDG,TTS,HDG,
KM40;20642;0;0;0.00240998;0.00301436;0.00450773;0.0104179;0.0212855;0.0368895;0.057376;GEBEITST,
KM40;20642;0;0;0.00311568;0.00274359;0.00220669;0.00196477;0.00197231;0.00257305;0.0050491;GEBEITST,
K370;7379;0;0;0.00424721;0.00382354;0.00311568;0.00249087;0.00205171;0.00196477;0.00209176;GALTEC,SDG,BT2,HDG,
LK40;157075;0;0;0.00742204;0.00698204;0.00621204;0.00544262;0.00467823;0.0039284;0.00196477;GEBEITST,
T230;51436;0;0;0.00126695;0.00141274;0.00192906;0.00454663;0.011855;0.0269928;0.0457948;SG2,SDG,BT2,HDG,
T230;51436;0;0;0.00423346;0.00379871;0.00305336;0.00235005;0.00173547;0.00131912;0.00125336;SG2,SDG,BT2,HDG,
K210;59350;0;0;0.00146236;0.00128646;0.00125336;0.00149828;0.00306541;0.00787307;0.0198783;GALTEC,SDG,TTS,HDG,
K210;59350;0;0;0.00764204;0.00720204;0.00643204;0.00566204;0.00489204;0.00412411;0.00125336;GALTEC,SDG,TTS,HDG,
KM40;41284;0;0;0.00220669;0.0020148;0.00196477;0.00217226;0.00364156;0.00817559;0.0177148;GEBEITST,
K370;50948;0;0;0.00404042;0.00567697;0.00923905;0.0194514;0.0343621;0.0541498;0.0788313;ZWART,
T230;19100;0;0;0.00654204;0.00610204;0.00533308;0.00456995;0.00382354;0.00311568;0.00196477;BAF_HNX,BAF,TTS,
T230;43910;0;0;0.00808204;0.00764204;0.00687204;0.00610204;0.00533308;0.00456995;0.00196477;BAF_HNX,BAF,TTS,
K320;22170;0;0;0.00196477;0.00203321;0.00240998;0.00450773;0.0104179;0.0212855;0.0368895;GEBEITST,
K320;44340;0;0;0.00588204;0.00544262;0.00467823;0.0039284;0.00321322;0.00257191;0.00196477;GEBEITST,
TB50;10145;0;0;0.00454663;0.00685566;0.011855;0.0269928;0.0457948;0.0692164;0.0975085;GALTEC,SDG,BT2,HDG,
KM30;36134;0;0;0.00404042;0.00567697;0.00923905;0.0194514;0.0343621;0.0541498;0.0788313;ZWART,
K210;34797;0;0;0.00817559;0.0116869;0.0177148;0.031934;0.0510236;0.0750055;0.103885;GEBEITST,
K370;147129;0;0;0.00165867;0.00140803;0.00125336;0.00129525;0.00214354;0.00521529;0.0135676;GALTEC,SDG,BT2,HDG,
T230;24679;0;0;0.00450773;0.00639731;0.0104179;0.0212855;0.0368895;0.057376;0.082757;FULL HARD,BT2,
KB30;21588;0;0;0.00404042;0.00567697;0.00923905;0.0194514;0.0343621;0.0541498;0.0788313;ZWART,
KB30;21588;0;0;0.00404042;0.00567697;0.00923905;0.0194514;0.0343621;0.0541498;0.0788313;ZWART,
KB30;54484;0;0;0.00404042;0.00567697;0.00923905;0.0194514;0.0343621;0.0541498;0.0788313;ZWART,
KB30;21588;0;0;0.00404042;0.00567697;0.00923905;0.0194514;0.0343621;0.0541498;0.0788313;ZWART,
KB30;21588;0;0;0.00404042;0.00567697;0.00923905;0.0194514;0.0343621;0.0541498;0.0788313;ZWART,
T230;15708;0;0;0.00404042;0.00567697;0.00923905;0.0194514;0.0343621;0.0541498;0.0788313;ZWART,
T230;20560;0;0;0.00404042;0.00567697;0.00923905;0.0194514;0.0343621;0.0541498;0.0788313;ZWART,
KN30;371433;0;0;0.00128646;0.00125336;0.00129525;0.00214354;0.00521529;0.0135676;0.0294557;GALTEC,SDG,TTS,HDG,
K450;101637;0;0;0.0019711;0.00196477;0.00209176;0.00330309;0.00722707;0.0160717;0.0296055;SG2,SDG,BT2,HDG,
KM30;53209;0;0;0.00404042;0.00567697;0.00923905;0.0194514;0.0343621;0.0541498;0.0788313;ZWART,
K370;96801;0;0;0.00292537;0.00257191;0.00209667;0.00196477;0.00203321;0.00301436;0.00639731;SG2,SDG,BT2,HDG,
T210;17332;0;0;0.00404042;0.00567697;0.00923905;0.0194514;0.0343621;0.0541498;0.0788313;ZWART,
T210;20046;0;0;0.00404042;0.00567697;0.00923905;0.0194514;0.0343621;0.0541498;0.0788313;ZWART,
KB30;28404;0;0;0.00404042;0.00567697;0.00923905;0.0194514;0.0343621;0.0541498;0.0788313;ZWART,
KN40;11308;0;0;0.00404042;0.00567697;0.00923905;0.0194514;0.0343621;0.0541498;0.0788313;ZWART,
KN10;16016;0;0;0.00404042;0.00567697;0.00923905;0.0194514;0.0343621;0.0541498;0.0788313;ZWART,
KN10;15396;0;0;0.00404042;0.00567697;0.00923905;0.0194514;0.0343621;0.0541498;0.0788313;ZWART,
KM30;51400;0;0;0.00249087;0.00220669;0.00196477;0.00197231;0.00257305;0.0050491;0.0116869;ZWART,
K210;48404;0;0;0.00817559;0.0116869;0.0177148;0.031934;0.0510236;0.0750055;0.103885;GEBEITST,
K340;129563;0;0;0.00364156;0.0050491;0.00817559;0.0177148;0.031934;0.0510236;0.0750055;GEBEITST,
LT70;61927;1;0;0.0130556;0.0177148;0.0252471;0.0422437;0.0641281;0.0909081;0.122587;SG3,SDG,BT2,HDG,
K350;8467;0;0;0.00610204;0.00566213;0.00489585;0.00414042;0.00341243;0.00274359;0.00196477;GEBEITST,
KT50;77243;0;0;0.00351372;0.00311568;0.00249087;0.00205171;0.00196477;0.00209176;0.00330309;GEBEITST,
KT50;177367;0;0;0.00351372;0.00311568;0.00249087;0.00205171;0.00196477;0.00209176;0.00330309;GEBEITST,
KT50;12522;0;0;0.00351372;0.00311568;0.00249087;0.00205171;0.00196477;0.00209176;0.00330309;GEBEITST,
K370;101075;0;0;0.00198446;0.00165867;0.00128646;0.00125336;0.00149828;0.00306541;0.00787307;SG2,SDG,BT2,HDG,
K370;194118;0;0;0.00181556;0.00152333;0.00125336;0.00125406;0.00175477;0.00396752;0.0103575;SG2,SDG,BT2,HDG,
K370;198469;0;0;0.00181556;0.00152333;0.00125336;0.00125406;0.00175477;0.00396752;0.0103575;SG2,SDG,BT2,HDG,
K370;555129;0;0;0.00135924;0.00125336;0.00125406;0.00175477;0.00396752;0.0103575;0.024556;SG2,SDG,BT2,HDG,
K370;575753;0;0;0.00198446;0.00165867;0.00128646;0.00125336;0.00149828;0.00306541;0.00787307;SG2,SDG,BT2,HDG,
K370;575753;0;0;0.00264317;0.00225602;0.00165867;0.00128646;0.00125336;0.00149828;0.00306541;SG2,SDG,BT2,HDG,
KM40;32085;0;0;0.00277186;0.00364156;0.00567697;0.0130556;0.0252471;0.0422437;0.0641281;GEBEITST,
KM40;52171;0;0;0.00450773;0.00639731;0.0104179;0.0212855;0.0368895;0.057376;0.082757;GEBEITST,
KM40;52171;0;0;0.00240998;0.00301436;0.00450773;0.0104179;0.0212855;0.0368895;0.057376;GEBEITST,
KM40;52171;0;0;0.00205171;0.00196477;0.00197231;0.00257305;0.0050491;0.0116869;0.023217;GEBEITST,
KT30;18262;0;0;0.00610204;0.00566213;0.00489585;0.00414042;0.00341243;0.00274359;0.00196477;GEBEITST,
KM40;20560;0;0;0.0039284;0.00351372;0.00283292;0.00227048;0.0019711;0.00196477;0.00240998;ZWART,
K210;8529;0;0;0.00173547;0.00146236;0.00125336;0.00126695;0.00192906;0.00454663;0.011855;SG2,SDG,BT2,HDG,
K820;49691;0;0;0.00240998;0.00301436;0.00450773;0.0104179;0.0212855;0.0368895;0.057376;GEBEITST,
K820;104445;0;0;0.00196477;0.00197231;0.00217226;0.00364156;0.00817559;0.0177148;0.031934;GEBEITST,
K820;104445;0;0;0.00196477;0.00197231;0.00217226;0.00364156;0.00817559;0.0177148;0.031934;GEBEITST,
KM20;15482;0;0;0.00610204;0.00566213;0.00489585;0.00414042;0.00341243;0.00274359;0.00196477;GEBEITST,
K210;24882;0;0;0.00198813;0.00196477;0.00203321;0.00301436;0.00639731;0.0145202;0.0273767;SG2,SDG,BT2,HDG,
K210;10278;0;0;0.0019711;0.00196477;0.00209176;0.00330309;0.00722707;0.0160717;0.0296055;SG2,SDG,BT2,HDG,
K210;13264;0;0;0.0019711;0.00196477;0.00209176;0.00330309;0.00722707;0.0160717;0.0296055;SG2,SDG,BT2,HDG,
K140;67023;0;0;0.00292537;0.00257191;0.00209667;0.00196477;0.00203321;0.00301436;0.00639731;GEBEITST,
KM50;25700;0;0;0.00351372;0.00311568;0.00249087;0.00205171;0.00196477;0.00209176;0.00330309;ZWART,
KT60;15001;0;0;0.00414042;0.00371934;0.00301968;0.00241314;0.0020148;0.00196477;0.00217226;GEBEITST,
KT60;28899;0;0;0.00698204;0.00654204;0.00577204;0.00500497;0.00424721;0.00351372;0.00196477;GEBEITST,
LK40;25545;0;0;0.00610204;0.00566213;0.00489585;0.00414042;0.00341243;0.00274359;0.00196477;GEBEITST,
K140;21012;0;0;0.00209176;0.00240998;0.00330309;0.00722707;0.0160717;0.0296055;0.0479972;GEBEITST,
TB50;41120;0;0;0.00404042;0.00567697;0.00923905;0.0194514;0.0343621;0.0541498;0.0788313;ZWART,
KN20;33950;0;0;0.00639731;0.00923905;0.0145202;0.0273767;0.0450707;0.0676541;0.0951337;FULL HARD,TTS,
K270;25756;0;0;0.0104179;0.0145202;0.0212855;0.0368895;0.057376;0.082757;0.113036;BAF_HNX,BAF,TTS,
KM50;33494;0;0;0.00283292;0.00249087;0.00205171;0.00196477;0.00209176;0.00330309;0.00722707;ZWART,
KM50;7247;0;0;0.00351372;0.00311568;0.00249087;0.00205171;0.00196477;0.00209176;0.00330309;ZWART,
K140;37426;0;0;0.00277186;0.00364156;0.00567697;0.0130556;0.0252471;0.0422437;0.0641281;BAF_HNX,BAF,BT2,
K140;73111;0;0;0.00311568;0.00274359;0.00220669;0.00196477;0.00197231;0.00257305;0.0050491;GEBEITST,
KB30;23644;0;0;0.00404042;0.00567697;0.00923905;0.0194514;0.0343621;0.0541498;0.0788313;ZWART,
KB30;26564;0;0;0.00404042;0.00567697;0.00923905;0.0194514;0.0343621;0.0541498;0.0788313;ZWART,
KM40;20126;0;0;0.00382354;0.00341243;0.00274359;0.00220669;0.00196477;0.00197231;0.00257305;GEBEITST,
K570;32413;0;0;0.00196477;0.00199442;0.00227747;0.00404042;0.00923905;0.0194514;0.0343621;GEBEITST,
K370;40903;0;0;0.00257191;0.00227048;0.0019711;0.00196477;0.00240998;0.00450773;0.0104179;SG2,SDG,BT2,HDG,
LT70;58583;1;0;0.00207246;0.00173547;0.00131912;0.00125336;0.00141274;0.00270741;0.00685566;SG3,SDG,BT2,HDG,
K370;10747;0;0;0.00149828;0.00192906;0.00306541;0.00787307;0.0198783;0.0372283;0.0585848;SG2,SDG,BT2,HDG,
KK50;25803;0;0;0.00158981;0.00135924;0.00125336;0.00134575;0.00240134;0.00597483;0.0155024;GEBEITST,
K570;41284;0;0;0.00277186;0.00364156;0.00567697;0.0130556;0.0252471;0.0422437;0.0641281;GEBEITST,
KM30;55845;0;0;0.00348114;0.00521529;0.00903016;0.0221784;0.0399881;0.0620299;0.0889256;GEBEITST,
KM30;51606;0;0;0.00610204;0.00566213;0.00489585;0.00414042;0.00341243;0.00274359;0.00196477;GEBEITST,
KM30;21674;1;0;0.0050491;0.00722707;0.0116869;0.023217;0.0395169;0.0607021;0.0867826;GEBEITST,
LT40;21834;0;0;0.00639731;0.00923905;0.0145202;0.0273767;0.0450707;0.0676541;0.0951337;SG3,SDG,TTS,HDG,
LT70;43282;0;0;0.00240134;0.00348114;0.00597483;0.0155024;0.0319727;0.0519929;0.0768008;SG3,SDG,BT2,HDG,
LT70;41284;0;0;0.00326257;0.0028463;0.00216361;0.00158981;0.00126485;0.00125336;0.00161271;SG3,SDG,BT2,HDG,
LK70;13279;0;0;0.00390709;0.00347564;0.00274402;0.00207246;0.00152333;0.00125336;0.00125406;SG3,SDG,TTS,HDG,
KM80;8554;0;0;0.00126485;0.00125336;0.00134575;0.00240134;0.00597483;0.0155024;0.0319727;GEBEITST,
LT70;20745;0;0;0.00294935;0.00254425;0.00189863;0.00140803;0.00125336;0.00129525;0.00214354;SG3,SDG,BT2,HDG,
K820;25803;0;0;0.00414042;0.00371934;0.00301968;0.00241314;0.0020148;0.00196477;0.00217226;GEBEITST,
TB80;30560;0;0;0.00175477;0.00240134;0.00396752;0.0103575;0.024556;0.0428424;0.0655725;SG3,SDG,TTS,HDG,
KM60;25803;0;0;0.00382354;0.00341243;0.00274359;0.00220669;0.00196477;0.00197231;0.00257305;GEBEITST,
TB50;20560;0;0;0.00404042;0.00567697;0.00923905;0.0194514;0.0343621;0.0541498;0.0788313;ZWART,
K350;21855;0;0;0.00404042;0.00567697;0.00923905;0.0194514;0.0343621;0.0541498;0.0788313;ZWART,
LK70;29632;0;0;0.00621204;0.00577204;0.00500204;0.00423346;0.00347564;0.00274402;0.00125336;SG3,SDG,TTS,HDG,
K570;154200;0;0;0.0039284;0.00351372;0.00283292;0.00227048;0.0019711;0.00196477;0.00240998;ZWART,
K570;154200;0;0;0.00424721;0.00382354;0.00311568;0.00249087;0.00205171;0.00196477;0.00209176;ZWART,
TB80;90464;0;0;0.0104179;0.0145202;0.0212855;0.0368895;0.057376;0.082757;0.113036;ZWART,
K370;19952;0;0;0.00257191;0.00227048;0.0019711;0.00196477;0.00240998;0.00450773;0.0104179;SG2,SDG,BT2,HDG,
KN40;20640;0;0;0.0020148;0.00196477;0.00199442;0.00277186;0.00567697;0.0130556;0.0252471;SG3,SDG,TTS,HDG,
LK40;25803;0;0;0.00808204;0.00764204;0.00687204;0.00610204;0.00533204;0.00456204;0.00125336;GEBEITST,
KN40;47950;0;0;0.00424721;0.00382354;0.00311568;0.00249087;0.00205171;0.00196477;0.00209176;BAF_HNX,BAF,TTS,
K210;9980;0;0;0.00128646;0.00125336;0.00129525;0.00214354;0.00521529;0.0135676;0.0294557;CAPL,BT2,
T230;20570;0;0;0.00341243;0.00301968;0.00241314;0.0020148;0.00196477;0.00217226;0.00364156;SG2,SDG,BT2,HDG,
KN50;31364;0;0;0.00643204;0.00599204;0.0052236;0.0044619;0.00371934;0.00301968;0.00196477;BAF_HNX,BAF,BT2,
T230;244664;0;0;0.00404042;0.00567697;0.00923905;0.0194514;0.0343621;0.0541498;0.0788313;ZWART,
LM40;69181;0;0;0.00358278;0.0031571;0.00244632;0.00181556;0.00135924;0.00125336;0.00134575;GALTEC,SDG,BT2,HDG,
T210;70118;0;0;0.00336833;0.00294935;0.00225602;0.00165867;0.00128646;0.00125336;0.00149828;SG2,SDG,TTS,HDG,
T260;13092;0;0;0.0399881;0.0488444;0.0620299;0.0889256;0.120713;0.157399;0.198983;BAF_HNX,BAF,TTS,
T260;26845;0;0;0.0457948;0.0552404;0.0692164;0.0975085;0.130694;0.16878;0.211765;BAF_HNX,BAF,TTS,
T260;9546;0;0;0.16878;0.186602;0.211765;0.25965;0.312435;0.37012;0.432704;BAF_HNX,BAF,TTS,
T260;10738;0;0;0.16878;0.186602;0.211765;0.25965;0.312435;0.37012;0.432704;BAF_HNX,BAF,TTS,
L810;34961;0;0;0.0104179;0.0145202;0.0212855;0.0368895;0.057376;0.082757;0.113036;FULL HARD,TTS,
K370;260807;0;0;0.00198446;0.00165867;0.00128646;0.00125336;0.00149828;0.00306541;0.00787307;SG2,SDG,BT2,HDG,
K370;276879;0;0;0.00264317;0.00225602;0.00165867;0.00128646;0.00125336;0.00149828;0.00306541;SG2,SDG,BT2,HDG,
K370;40265;0;0;0.00369067;0.00326257;0.00254425;0.00189863;0.00140803;0.00125336;0.00129525;SG2,SDG,BT2,HDG,
KM40;23739;0;0;0.00341243;0.00301968;0.00241314;0.0020148;0.00196477;0.00217226;0.00364156;GEBEITST,
K370;47562;0;0;0.00126695;0.00141274;0.00192906;0.00454663;0.011855;0.0269928;0.0457948;SG2,SDG,BT2,HDG,
K370;47562;0;0;0.00173547;0.00146236;0.00125336;0.00126695;0.00192906;0.00454663;0.011855;SG2,SDG,BT2,HDG,
T230;20259;0;0;0.00214354;0.00306541;0.00521529;0.0135676;0.0294557;0.0488444;0.0729584;SG2,SDG,BT2,HDG,
T230;46596;0;0;0.00369067;0.00326257;0.00254425;0.00189863;0.00140803;0.00125336;0.00129525;SG2,SDG,BT2,HDG,
K570;43258;0;0;0.00220669;0.0020148;0.00196477;0.00217226;0.00364156;0.00817559;0.0177148;GEBEITST,
K370;23496;0;0;0.00321322;0.00283292;0.00227048;0.0019711;0.00196477;0.00240998;0.00450773;SG2,SDG,BT2,HDG,
K370;23146;0;0;0.00321322;0.00283292;0.00227048;0.0019711;0.00196477;0.00240998;0.00450773;SG2,SDG,BT2,HDG,
K370;46294;0;0;0.00321322;0.00283292;0.00227048;0.0019711;0.00196477;0.00240998;0.00450773;SG2,SDG,BT2,HDG,
K370;370347;0;0;0.00321322;0.00283292;0.00227048;0.0019711;0.00196477;0.00240998;0.00450773;SG2,SDG,BT2,HDG,
K370;23146;0;0;0.00321322;0.00283292;0.00227048;0.0019711;0.00196477;0.00240998;0.00450773;SG2,SDG,BT2,HDG,
K370;23146;0;0;0.00321322;0.00283292;0.00227048;0.0019711;0.00196477;0.00240998;0.00450773;SG2,SDG,BT2,HDG,
K370;23146;0;0;0.00321322;0.00283292;0.00227048;0.0019711;0.00196477;0.00240998;0.00450773;SG2,SDG,BT2,HDG,
K370;92588;0;0;0.00321322;0.00283292;0.00227048;0.0019711;0.00196477;0.00240998;0.00450773;SG2,SDG,BT2,HDG,
K370;92588;0;0;0.0033121;0.00292537;0.00233967;0.00198813;0.00196477;0.00227747;0.00404042;SG2,SDG,BT2,HDG,
K370;40606;0;0;0.00149828;0.00192906;0.00306541;0.00787307;0.0198783;0.0372283;0.0585848;SG2,SDG,BT2,HDG,
K370;60909;0;0;0.00369067;0.00326257;0.00254425;0.00189863;0.00140803;0.00125336;0.00129525;SG2,SDG,BT2,HDG,
T230;12285;0;0;0.00369067;0.00326257;0.00254425;0.00189863;0.00140803;0.00125336;0.00129525;SG2,SDG,BT2,HDG,
K570;43423;0;0;0.00227048;0.00205171;0.00196477;0.00209176;0.00330309;0.00722707;0.0160717;GEBEITST,
KB30;7924;0;0;0.00209176;0.00240998;0.00330309;0.00722707;0.0160717;0.0296055;0.0479972;FULL HARD,TTS,
KB30;35754;0;0;0.00209176;0.00240998;0.00330309;0.00722707;0.0160717;0.0296055;0.0479972;FULL HARD,TTS,
KB30;71519;0;0;0.00209176;0.00240998;0.00330309;0.00722707;0.0160717;0.0296055;0.0479972;FULL HARD,TTS,
KB30;35754;0;0;0.00209176;0.00240998;0.00330309;0.00722707;0.0160717;0.0296055;0.0479972;FULL HARD,TTS,
KB30;35754;0;0;0.00209176;0.00240998;0.00330309;0.00722707;0.0160717;0.0296055;0.0479972;FULL HARD,TTS,
K370;14034;0;0;0.00129525;0.00149828;0.00214354;0.00521529;0.0135676;0.0294557;0.0488444;SG2,SDG,BT2,HDG,
K370;13725;0;0;0.00189863;0.00158981;0.00126485;0.00125336;0.00161271;0.00348114;0.00903016;SG2,SDG,BT2,HDG,
K370;19431;0;0;0.00321322;0.00283292;0.00227048;0.0019711;0.00196477;0.00240998;0.00450773;SG2,SDG,BT2,HDG,
K380;136063;0;0;0.0020148;0.00196477;0.00199442;0.00277186;0.00567697;0.0130556;0.0252471;CAPL,TTS,
K380;208280;0;0;0.00753204;0.00709204;0.00632204;0.0055524;0.004787;0.00403409;0.00196477;CAPL,TTS,
LT80;25400;0;0;0.00722707;0.0104179;0.0160717;0.0296055;0.0479972;0.0712798;0.0994592;ZWART,
LT80;22616;0;0;0.00240998;0.00301436;0.00450773;0.0104179;0.0212855;0.0368895;0.057376;ZWART,
T220;181175;0;0;0.0104179;0.0145202;0.0212855;0.0368895;0.057376;0.082757;0.113036;ZWART,
T210;257000;0;0;0.0104179;0.0145202;0.0212855;0.0368895;0.057376;0.082757;0.113036;ZWART,
T220;30760;0;0;0.0104179;0.0145202;0.0212855;0.0368895;0.057376;0.082757;0.113036;ZWART,
T220;80184;0;0;0.0104179;0.0145202;0.0212855;0.0368895;0.057376;0.082757;0.113036;ZWART,
T210;497640;0;0;0.0104179;0.0145202;0.0212855;0.0368895;0.057376;0.082757;0.113036;ZWART,
T210;123583;0;0;0.0104179;0.0145202;0.0212855;0.0368895;0.057376;0.082757;0.113036;ZWART,
T220;430864;0;0;0.0104179;0.0145202;0.0212855;0.0368895;0.057376;0.082757;0.113036;ZWART,
T220;542210;0;0;0.00404042;0.00567697;0.00923905;0.0194514;0.0343621;0.0541498;0.0788313;ZWART,
LT80;25800;0;0;0.00722707;0.0104179;0.0160717;0.0296055;0.0479972;0.0712798;0.0994592;ZWART,
T230;20448;0;0;0.00369067;0.00326257;0.00254425;0.00189863;0.00140803;0.00125336;0.00129525;SG2,SDG,BT2,HDG,
TB80;49344;0;0;0.00404042;0.00567697;0.00923905;0.0194514;0.0343621;0.0541498;0.0788313;ZWART,
TB80;44204;0;0;0.00404042;0.00567697;0.00923905;0.0194514;0.0343621;0.0541498;0.0788313;ZWART,
T230;24881;0;0;0.00214847;0.00198813;0.00196477;0.00227747;0.00404042;0.00923905;0.0194514;SG2,SDG,BT2,HDG,
K580;20642;0;0;0.00364156;0.0050491;0.00817559;0.0177148;0.031934;0.0510236;0.0750055;GEBEITST,
K200;20560;0;0;0.00351372;0.00311568;0.00249087;0.00205171;0.00196477;0.00209176;0.00330309;ZWART,
K200;15420;0;0;0.00351372;0.00311568;0.00249087;0.00205171;0.00196477;0.00209176;0.00330309;ZWART,
KM80;35804;0;0;0.00203321;0.00227747;0.00301436;0.00639731;0.0145202;0.0273767;0.0450707;FULL HARD,BT2,
K370;51110;0;0;0.030412;0.029972;0.029202;0.028432;0.027662;0.026892;0.00489585;SG2,SDG,BT2,HDG,
K370;9644;0;0;0.00135924;0.00125336;0.00125406;0.00175477;0.00396752;0.0103575;0.024556;SG2,SDG,BT2,HDG,
K820;25803;0;0;0.00311568;0.00274359;0.00220669;0.00196477;0.00197231;0.00257305;0.0050491;GEBEITST,
T210;141827;0;0;0.00369067;0.00326257;0.00254425;0.00189863;0.00140803;0.00125336;0.00129525;SG2,SDG,BT2,HDG,
KT70;20849;0;0;0.00424721;0.00382354;0.00311568;0.00249087;0.00205171;0.00196477;0.00209176;CAPL,TTS,
K100;5824;0;0;0.0116869;0.0160717;0.023217;0.0395169;0.0607021;0.0867826;0.117761;BAF_HNX,BAF,BT2,
KN40;52120;0;0;0.00196477;0.00203321;0.00240998;0.00450773;0.0104179;0.0212855;0.0368895;BAF_HNX,BAF,BT2,
LK40;124804;0;0;0.00676204;0.00632204;0.0055524;0.004787;0.00403409;0.0033121;0.00196477;GEBEITST,
K370;30979;0;0;0.00306541;0.00454663;0.00787307;0.0198783;0.0372283;0.0585848;0.0847841;SG2,SDG,BT2,HDG,
TB80;25700;0;0;0.00270741;0.00396752;0.00685566;0.0176129;0.0345568;0.0552404;0.0807423;ZWART,
TB80;25700;0;0;0.00141274;0.00175477;0.00270741;0.00685566;0.0176129;0.0345568;0.0552404;ZWART,
K140;43298;0;0;0.00364156;0.0050491;0.00817559;0.0177148;0.031934;0.0510236;0.0750055;GEBEITST,
TB80;25700;0;0;0.00141274;0.00175477;0.00270741;0.00685566;0.0176129;0.0345568;0.0552404;ZWART,
K370;23768;0;0;0.00321322;0.00283292;0.00227048;0.0019711;0.00196477;0.00240998;0.00450773;SG2,SDG,BT2,HDG,
K370;95557;0;0;0.0033121;0.00292537;0.00233967;0.00198813;0.00196477;0.00227747;0.00404042;SG2,SDG,BT2,HDG,
T230;36010;0;0;0.00301968;0.00265631;0.00214847;0.00196477;0.00199442;0.00277186;0.00567697;CAPL,BT2,
K370;49676;0;0;0.00371934;0.0033121;0.00265631;0.00214847;0.00196477;0.00199442;0.00277186;SG2,SDG,BT2,HDG,
K210;102356;0;0;0.00351372;0.00311568;0.00249087;0.00205171;0.00196477;0.00209176;0.00330309;SG2,SDG,BT2,HDG,
KN70;7010;0;0;0.0457948;0.0552404;0.0692164;0.0975085;0.130694;0.16878;0.211765;BAF_HNX,BAF,TTS,
TB80;20560;1;0;0.00141274;0.00175477;0.00270741;0.00685566;0.0176129;0.0345568;0.0552404;ZWART,
TB80;25700;0;0;0.00270741;0.00396752;0.00685566;0.0176129;0.0345568;0.0552404;0.0807423;ZWART,
TB80;25700;0;0;0.00141274;0.00175477;0.00270741;0.00685566;0.0176129;0.0345568;0.0552404;ZWART,
KM50;25803;0;0;0.0039284;0.00351372;0.00283292;0.00227048;0.0019711;0.00196477;0.00240998;GEBEITST,
TB80;14672;0;0;0.117761;0.132538;0.153639;0.194417;0.240095;0.290673;0.346151;SG3,SDG,TTS,HDG,
TB80;30840;0;0;0.00141274;0.00175477;0.00270741;0.00685566;0.0176129;0.0345568;0.0552404;ZWART,
TB80;71960;0;0;0.00270741;0.00396752;0.00685566;0.0176129;0.0345568;0.0552404;0.0807423;ZWART,
TB80;20560;0;0;0.00141274;0.00175477;0.00270741;0.00685566;0.0176129;0.0345568;0.0552404;ZWART,
K820;97208;0;0;0.00311568;0.00274359;0.00220669;0.00196477;0.00197231;0.00257305;0.0050491;GEBEITST,
K820;41284;0;0;0.00311568;0.00274359;0.00220669;0.00196477;0.00197231;0.00257305;0.0050491;GEBEITST,
KB30;14385;0;0;0.00209176;0.00240998;0.00330309;0.00722707;0.0160717;0.0296055;0.0479972;FULL HARD,TTS,
KB30;49670;0;0;0.00209176;0.00240998;0.00330309;0.00722707;0.0160717;0.0296055;0.0479972;FULL HARD,TTS,
KB30;28759;0;0;0.00209176;0.00240998;0.00330309;0.00722707;0.0160717;0.0296055;0.0479972;FULL HARD,TTS,
K370;10872;0;0;0.00301968;0.00265631;0.00214847;0.00196477;0.00199442;0.00277186;0.00567697;SG2,SDG,BT2,HDG,
K210;26164;0;0;0.00135924;0.00125336;0.00125406;0.00175477;0.00396752;0.0103575;0.024556;CAPL,BT2,
K580;31772;0;0;0.0273767;0.0343621;0.0450707;0.0676541;0.0951337;0.127512;0.16479;FULL HARD,TTS,
KM40;18578;0;0;0.0019711;0.00196477;0.00209176;0.00330309;0.00722707;0.0160717;0.0296055;GEBEITST,
K130;21161;0;0;0.00599204;0.00555204;0.00478204;0.00401561;0.00326257;0.00254425;0.00125336;BAF_HNX,BAF,TTS,ELG,
LT70;53670;0;0;0.00450773;0.00639731;0.0104179;0.0212855;0.0368895;0.057376;0.082757;FULL HARD,TTS,
KN50;19094;0;0;0.00196477;0.00203321;0.00240998;0.00450773;0.0104179;0.0212855;0.0368895;SG3,SDG,TTS,HDG,
K100;20930;0;0;0.00639731;0.00923905;0.0145202;0.0273767;0.0450707;0.0676541;0.0951337;BAF_HNX,BAF,BT2,
K370;35476;0;0;0.00351372;0.00311568;0.00249087;0.00205171;0.00196477;0.00209176;0.00330309;SG2,SDG,BT2,HDG,
T230;20271;0;0;0.00131912;0.00125336;0.00126695;0.00192906;0.00454663;0.011855;0.0269928;SG3,SDG,TTS,HDG,
K820;51606;0;0;0.00311568;0.00274359;0.00220669;0.00196477;0.00197231;0.00257305;0.0050491;GEBEITST,
KM40;23739;0;0;0.0019711;0.00196477;0.00209176;0.00330309;0.00722707;0.0160717;0.0296055;GEBEITST,
KM30;51400;0;0;0.00347564;0.00305336;0.00235005;0.00173547;0.00131912;0.00125336;0.00141274;ZWART,
K370;16654;0;0;0.00424721;0.00382354;0.00311568;0.00249087;0.00205171;0.00196477;0.00209176;SG2,SDG,BT2,HDG,
K580;31962;0;0;0.057376;0.0676541;0.082757;0.113036;0.148214;0.188292;0.23327;GEBEITST,
K580;18010;0;0;0.00364156;0.0050491;0.00817559;0.0177148;0.031934;0.0510236;0.0750055;GEBEITST,
K210;20972;0;0;0.003616;0.00321322;0.00257191;0.00209667;0.00196477;0.00203321;0.00301436;CAPL,BT2,
K820;26214;0;0;0.00698204;0.00654204;0.00577204;0.00500497;0.00424721;0.00351372;0.00196477;GEBEITST,
KM40;5796;0;0;0.00240998;0.00301436;0.00450773;0.0104179;0.0212855;0.0368895;0.057376;GEBEITST,
KM40;21053;0;0;0.00698204;0.00654204;0.00577204;0.00500497;0.00424721;0.00351372;0.00196477;GEBEITST,
KM40;25067;0;0;0.00698204;0.00654204;0.00577204;0.00500497;0.00424721;0.00351372;0.00196477;GEBEITST,
KM40;20889;0;0;0.00209667;0.0019711;0.00196477;0.00240998;0.00450773;0.0104179;0.0212855;GEBEITST,
KM40;25067;0;0;0.00698204;0.00654204;0.00577204;0.00500497;0.00424721;0.00351372;0.00196477;GEBEITST,
K210;9701;0;0;0.00227048;0.00205171;0.00196477;0.00209176;0.00330309;0.00722707;0.0160717;CAPL,BT2,
LT70;20622;0;0;0.00125406;0.00134575;0.00175477;0.00396752;0.0103575;0.024556;0.0428424;SG3,SDG,BT2,HDG,
K340;27054;0;0;0.00270741;0.00396752;0.00685566;0.0176129;0.0345568;0.0552404;0.0807423;SG2,SDG,BT2,HDG,
K340;19150;0;0;0.00244632;0.00207246;0.00152333;0.00125336;0.00125406;0.00175477;0.00396752;SG2,SDG,BT2,HDG,
KM80;25803;0;0;0.00301968;0.00265631;0.00214847;0.00196477;0.00199442;0.00277186;0.00567697;GEBEITST,
K210;4676;0;0;0.003616;0.00321322;0.00257191;0.00209667;0.00196477;0.00203321;0.00301436;CAPL,BT2,
KM50;12226;0;0;0.00305336;0.00264317;0.00198446;0.00146236;0.00125336;0.00126695;0.00192906;GEBEITST,
KM50;51606;0;0;0.00808204;0.00764204;0.00687204;0.00610204;0.00533204;0.00456204;0.00125336;GEBEITST,
KM40;26188;0;0;0.00698204;0.00654204;0.00577204;0.00500497;0.00424721;0.00351372;0.00196477;GEBEITST,
TB80;113080;0;0;0.00141274;0.00175477;0.00270741;0.00685566;0.0176129;0.0345568;0.0552404;ZWART,
TB80;123360;1;0;0.00270741;0.00396752;0.00685566;0.0176129;0.0345568;0.0552404;0.0807423;ZWART,
KM50;25803;0;0;0.00305336;0.00264317;0.00198446;0.00146236;0.00125336;0.00126695;0.00192906;GEBEITST,
KM50;25803;0;0;0.00808204;0.00764204;0.00687204;0.00610204;0.00533204;0.00456204;0.00125336;GEBEITST,
KT30;14458;0;0;0.00709204;0.00665204;0.00588204;0.00511421;0.00435446;0.003616;0.00196477;CAPL,TTS,
K820;69240;0;0;0.00209176;0.00240998;0.00330309;0.00722707;0.0160717;0.0296055;0.0479972;GEBEITST,
K820;51606;0;0;0.00227048;0.00205171;0.00196477;0.00209176;0.00330309;0.00722707;0.0160717;GEBEITST,
K820;103211;0;0;0.00351372;0.00311568;0.00249087;0.00205171;0.00196477;0.00209176;0.00330309;GEBEITST,
K820;51606;0;0;0.00414042;0.00371934;0.00301968;0.00241314;0.0020148;0.00196477;0.00217226;GEBEITST,
K200;22248;0;0;0.00321322;0.00283292;0.00227048;0.0019711;0.00196477;0.00240998;0.00450773;SG2,SDG,BT2,HDG,
KM50;25803;0;0;0.00632204;0.00588204;0.00511204;0.00434241;0.00358278;0.0028463;0.00125336;GEBEITST,
KM50;25803;0;0;0.00808204;0.00764204;0.00687204;0.00610204;0.00533204;0.00456204;0.00125336;GEBEITST,
K320;25803;0;0;0.00808204;0.00764204;0.00687204;0.00610204;0.00533204;0.00456204;0.00125336;GEBEITST,
T230;25564;0;0;0.00125406;0.00134575;0.00175477;0.00396752;0.0103575;0.024556;0.0428424;SG3,SDG,TTS,HDG,
T230;43996;0;0;0.00610204;0.00566213;0.00489585;0.00414042;0.00341243;0.00274359;0.00196477;BAF_HNX,BAF,TTS,
KN40;25747;0;0;0.00676204;0.00632204;0.0055524;0.004787;0.00403409;0.0033121;0.00196477;SG3,SDG,TTS,HDG,
K320;180620;0;0;0.00709204;0.00665204;0.00588204;0.00511421;0.00435446;0.003616;0.00196477;GEBEITST,
K140;26782;0;0;0.00351372;0.00311568;0.00249087;0.00205171;0.00196477;0.00209176;0.00330309;GEBEITST,
KM20;18578;0;0;0.00687204;0.00643204;0.00566213;0.00489585;0.00414042;0.00341243;0.00196477;GEBEITST,
KM50;15482;0;0;0.00687204;0.00643204;0.00566213;0.00489585;0.00414042;0.00341243;0.00196477;GEBEITST,
K320;17546;0;0;0.00764204;0.00720204;0.00643204;0.00566213;0.00489585;0.00414042;0.00196477;GEBEITST,
KM80;20930;0;0;0.00254425;0.00216361;0.00158981;0.00126485;0.00125336;0.00161271;0.00348114;GEBEITST,
K210;46849;0;0;0.003616;0.00321322;0.00257191;0.00209667;0.00196477;0.00203321;0.00301436;CAPL,BT2,
KN40;22933;0;0;0.00621204;0.00577204;0.00500497;0.00424721;0.00351372;0.00283292;0.00196477;BAF_HNX,BAF,BT2,
KN10;63777;0;0;0.00240998;0.00301436;0.00450773;0.0104179;0.0212855;0.0368895;0.057376;ZWART,
KN10;42518;0;0;0.00240998;0.00301436;0.00450773;0.0104179;0.0212855;0.0368895;0.057376;ZWART,
KM50;51606;0;0;0.00687204;0.00643204;0.00566213;0.00489585;0.00414042;0.00341243;0.00196477;GEBEITST,
K350;144181;0;0;0.00240998;0.00301436;0.00450773;0.0104179;0.0212855;0.0368895;0.057376;ZWART,
KM30;31995;0;0;0.00205171;0.00196477;0.00197231;0.00257305;0.0050491;0.0116869;0.023217;GEBEITST,
KM30;31995;0;0;0.00610204;0.00566213;0.00489585;0.00414042;0.00341243;0.00274359;0.00196477;GEBEITST,
KM50;24977;0;0;0.00610204;0.00566213;0.00489585;0.00414042;0.00341243;0.00274359;0.00196477;GEBEITST,
KM50;24977;0;0;0.00764204;0.00720204;0.00643204;0.00566213;0.00489585;0.00414042;0.00196477;GEBEITST,
KM20;15688;0;0;0.00808204;0.00764204;0.00687204;0.00610204;0.00533308;0.00456995;0.00196477;GEBEITST,
LK50;15083;0;0;0.00610204;0.00566213;0.00489585;0.00414042;0.00341243;0.00274359;0.00196477;GEBEITST,
LK50;50160;0;0;0.00764204;0.00720204;0.00643204;0.00566213;0.00489585;0.00414042;0.00196477;GEBEITST,
KM50;24771;0;0;0.00205171;0.00196477;0.00197231;0.00257305;0.0050491;0.0116869;0.023217;GEBEITST,
KM50;24771;0;0;0.00249087;0.00220669;0.00196477;0.00197231;0.00257305;0.0050491;0.0116869;GEBEITST,
KM50;24771;0;0;0.00687204;0.00643204;0.00566213;0.00489585;0.00414042;0.00341243;0.00196477;GEBEITST,
KM50;24771;0;0;0.00808204;0.00764204;0.00687204;0.00610204;0.00533308;0.00456995;0.00196477;GEBEITST,
K320;34110;0;0;0.00687204;0.00643204;0.00566213;0.00489585;0.00414042;0.00341243;0.00196477;GEBEITST,
KN10;30840;0;0;0.00240998;0.00301436;0.00450773;0.0104179;0.0212855;0.0368895;0.057376;ZWART,
KM50;7803;0;0;0.00249087;0.00220669;0.00196477;0.00197231;0.00257305;0.0050491;0.0116869;GEBEITST,
KM50;32202;0;0;0.00687204;0.00643204;0.00566213;0.00489585;0.00414042;0.00341243;0.00196477;GEBEITST,
KM50;25803;0;0;0.00808204;0.00764204;0.00687204;0.00610204;0.00533308;0.00456995;0.00196477;GEBEITST,
K350;21259;0;0;0.00240998;0.00301436;0.00450773;0.0104179;0.0212855;0.0368895;0.057376;ZWART,
TB80;41120;1;0;0.00685566;0.0103575;0.0176129;0.0345568;0.0552404;0.0807423;0.111131;ZWART,
TB80;92520;1;0;0.00597483;0.00903016;0.0155024;0.0319727;0.0519929;0.0768008;0.10649;ZWART,
KM30;61464;0;0;0.00240998;0.00301436;0.00450773;0.0104179;0.0212855;0.0368895;0.057376;ZWART,
T210;116904;0;0;0.00240998;0.00301436;0.00450773;0.0104179;0.0212855;0.0368895;0.057376;ZWART,
KN10;63777;0;0;0.00240998;0.00301436;0.00450773;0.0104179;0.0212855;0.0368895;0.057376;ZWART,
KN10;63777;0;0;0.00240998;0.00301436;0.00450773;0.0104179;0.0212855;0.0368895;0.057376;ZWART,
KM30;28784;0;0;0.00240998;0.00301436;0.00450773;0.0104179;0.0212855;0.0368895;0.057376;ZWART,
T210;8762;0;0;0.00404042;0.00567697;0.00923905;0.0194514;0.0343621;0.0541498;0.0788313;ZWART,
T210;42796;0;0;0.00240998;0.00301436;0.00450773;0.0104179;0.0212855;0.0368895;0.057376;ZWART,
T210;20457;0;0;0.00240998;0.00301436;0.00450773;0.0104179;0.0212855;0.0368895;0.057376;ZWART,
T210;20046;0;0;0.00240998;0.00301436;0.00450773;0.0104179;0.0212855;0.0368895;0.057376;ZWART,
K320;16720;0;0;0.00205171;0.00196477;0.00197231;0.00257305;0.0050491;0.0116869;0.023217;GEBEITST,
K320;16720;0;0;0.00249087;0.00220669;0.00196477;0.00197231;0.00257305;0.0050491;0.0116869;GEBEITST,
K320;33441;0;0;0.00764204;0.00720204;0.00643204;0.00566213;0.00489585;0.00414042;0.00196477;GEBEITST,
T210;62788;0;0;0.00240998;0.00301436;0.00450773;0.0104179;0.0212855;0.0368895;0.057376;ZWART,
KM80;9328;0;0;0.00209176;0.00240998;0.00330309;0.00722707;0.0160717;0.0296055;0.0479972;GEBEITST,
KM30;25803;0;0;0.00257305;0.00330309;0.0050491;0.0116869;0.023217;0.0395169;0.0607021;GEBEITST,
KM30;25803;0;0;0.00205171;0.00196477;0.00197231;0.00257305;0.0050491;0.0116869;0.023217;GEBEITST,
KM30;25803;0;0;0.00311568;0.00274359;0.00220669;0.00196477;0.00197231;0.00257305;0.0050491;GEBEITST,
KM30;25803;0;0;0.00610204;0.00566213;0.00489585;0.00414042;0.00341243;0.00274359;0.00196477;GEBEITST,
KM30;25803;0;0;0.00808204;0.00764204;0.00687204;0.00610204;0.00533308;0.00456995;0.00196477;GEBEITST,
KM50;21034;0;0;0.00764204;0.00720204;0.00643204;0.00566213;0.00489585;0.00414042;0.00196477;GEBEITST,
LT70;131249;0;0;0.00227048;0.00205171;0.00196477;0.00209176;0.00330309;0.00722707;0.0160717;SG3,SDG,BT2,HDG,
LT70;51554;0;0;0.00424721;0.00382354;0.00311568;0.00249087;0.00205171;0.00196477;0.00209176;SG3,SDG,BT2,HDG,
LT70;51554;0;0;0.00808204;0.00764204;0.00687204;0.00610204;0.00533308;0.00456995;0.00196477;SG3,SDG,BT2,HDG,
K140;103541;0;0;0.00364156;0.0050491;0.00817559;0.0177148;0.031934;0.0510236;0.0750055;GEBEITST,
K210;18874;0;0;0.00364156;0.0050491;0.00817559;0.0177148;0.031934;0.0510236;0.0750055;GEBEITST,
K140;40430;0;0;0.00364156;0.0050491;0.00817559;0.0177148;0.031934;0.0510236;0.0750055;GEBEITST,
K140;40363;0;0;0.00364156;0.0050491;0.00817559;0.0177148;0.031934;0.0510236;0.0750055;GEBEITST,
K320;25803;0;0;0.00808204;0.00764204;0.00687204;0.00610204;0.00533204;0.00456204;0.00125336;GEBEITST,
K320;25803;0;0;0.00808204;0.00764204;0.00687204;0.00610204;0.00533204;0.00456204;0.00125336;GEBEITST,
K320;51606;0;0;0.00808204;0.00764204;0.00687204;0.00610204;0.00533204;0.00456204;0.00125336;GEBEITST,
K140;80594;0;0;0.00364156;0.0050491;0.00817559;0.0177148;0.031934;0.0510236;0.0750055;GEBEITST,
KN50;20617;0;0;0.0033121;0.00292537;0.00233967;0.00198813;0.00196477;0.00227747;0.00404042;GALTEC,SDG,BT2,HDG,
K140;19531;0;0;0.00364156;0.0050491;0.00817559;0.0177148;0.031934;0.0510236;0.0750055;GEBEITST,
K210;23337;0;0;0.00364156;0.0050491;0.00817559;0.0177148;0.031934;0.0510236;0.0750055;GEBEITST,
K140;45261;0;0;0.00364156;0.0050491;0.00817559;0.0177148;0.031934;0.0510236;0.0750055;GEBEITST,
T220;13342;0;0;0.00923905;0.0130556;0.0194514;0.0343621;0.0541498;0.0788313;0.10841;ZWART,
T220;30840;0;0;0.00240998;0.00301436;0.00450773;0.0104179;0.0212855;0.0368895;0.057376;ZWART,
T220;123401;0;0;0.00240998;0.00301436;0.00450773;0.0104179;0.0212855;0.0368895;0.057376;ZWART,
T220;23850;0;0;0.00240998;0.00301436;0.00450773;0.0104179;0.0212855;0.0368895;0.057376;ZWART,
KN10;5798;0;0;0.00923905;0.0130556;0.0194514;0.0343621;0.0541498;0.0788313;0.10841;ZWART,
KN10;64764;0;0;0.00240998;0.00301436;0.00450773;0.0104179;0.0212855;0.0368895;0.057376;ZWART,
T220;30840;0;0;0.00240998;0.00301436;0.00450773;0.0104179;0.0212855;0.0368895;0.057376;ZWART,
KN40;12734;0;0;0.00257191;0.00227048;0.0019711;0.00196477;0.00240998;0.00450773;0.0104179;BAF_HNX,BAF,BT2,
KN40;53477;0;0;0.00274359;0.00241314;0.0020148;0.00196477;0.00217226;0.00364156;0.00817559;BAF_HNX,BAF,BT2,
KN10;61680;0;0;0.00240998;0.00301436;0.00450773;0.0104179;0.0212855;0.0368895;0.057376;ZWART,
KM40;22706;0;0;0.0104179;0.0145202;0.0212855;0.0368895;0.057376;0.082757;0.113036;GEBEITST,
KM50;27867;0;0;0.00311568;0.00274359;0.00220669;0.00196477;0.00197231;0.00257305;0.0050491;GEBEITST,
KM50;27867;0;0;0.00808204;0.00764204;0.00687204;0.00610204;0.00533308;0.00456995;0.00196477;GEBEITST,
T220;22706;0;0;0.0273767;0.0343621;0.0450707;0.0676541;0.0951337;0.127512;0.16479;FULL HARD,BT2,
T220;22778;0;0;0.0273767;0.0343621;0.0450707;0.0676541;0.0951337;0.127512;0.16479;FULL HARD,BT2,
K340;10889;0;0;0.0372283;0.0457948;0.0585848;0.0847841;0.115872;0.151858;0.192743;GALTEC,SDG,TTS,HDG,
L950;40041;0;0;0.0177148;0.023217;0.031934;0.0510236;0.0750055;0.103885;0.137663;FULL HARD,TTS,
T210;41171;0;0;0.00923905;0.0130556;0.0194514;0.0343621;0.0541498;0.0788313;0.10841;ZWART,
T210;20581;0;0;0.00240998;0.00301436;0.00450773;0.0104179;0.0212855;0.0368895;0.057376;ZWART,
LK50;123853;1;0;0.00610204;0.00566213;0.00489585;0.00414042;0.00341243;0.00274359;0.00196477;GEBEITST,
KN10;43299;0;0;0.00923905;0.0130556;0.0194514;0.0343621;0.0541498;0.0788313;0.10841;ZWART,
KN10;42806;0;0;0.00923905;0.0130556;0.0194514;0.0343621;0.0541498;0.0788313;0.10841;ZWART,
KN10;43299;0;0;0.00240998;0.00301436;0.00450773;0.0104179;0.0212855;0.0368895;0.057376;ZWART,
KN10;15163;0;0;0.00923905;0.0130556;0.0194514;0.0343621;0.0541498;0.0788313;0.10841;ZWART,
KN10;16448;0;0;0.00240998;0.00301436;0.00450773;0.0104179;0.0212855;0.0368895;0.057376;ZWART,
T230;30840;0;0;0.00240998;0.00301436;0.00450773;0.0104179;0.0212855;0.0368895;0.057376;ZWART,
T230;22739;0;0;0.00240998;0.00301436;0.00450773;0.0104179;0.0212855;0.0368895;0.057376;ZWART,
K450;103048;0;0;0.00207246;0.00173547;0.00131912;0.00125336;0.00141274;0.00270741;0.00685566;SG2,SDG,BT2,HDG,
K450;360666;0;0;0.00207246;0.00173547;0.00131912;0.00125336;0.00141274;0.00270741;0.00685566;SG2,SDG,BT2,HDG,
K450;360666;0;0;0.00254425;0.00216361;0.00158981;0.00126485;0.00125336;0.00161271;0.00348114;SG2,SDG,BT2,HDG,
K140;43366;0;0;0.00364156;0.0050491;0.00817559;0.0177148;0.031934;0.0510236;0.0750055;GEBEITST,
K320;25803;0;0;0.00808204;0.00764204;0.00687204;0.00610204;0.00533204;0.00456204;0.00125336;GEBEITST,
K370;19345;0;0;0.00720204;0.00676204;0.00599204;0.0052236;0.0044619;0.00371934;0.00196477;SG2,SDG,BT2,HDG,
K320;7661;0;0;0.00240998;0.00301436;0.00450773;0.0104179;0.0212855;0.0368895;0.057376;ZWART,
K320;25803;0;0;0.00808204;0.00764204;0.00687204;0.00610204;0.00533204;0.00456204;0.00125336;GEBEITST,
TB60;25693;0;0;0.00621204;0.00577204;0.00500497;0.00424721;0.00351372;0.00283292;0.00196477;GALTEC,SDG,TTS,HDG,
KN50;81310;0;0;0.00654204;0.00610204;0.00533308;0.00456995;0.00382354;0.00311568;0.00196477;GALTEC,SDG,TTS,HDG,
KN50;81310;0;0;0.00786204;0.00742204;0.00665204;0.00588204;0.00511421;0.00435446;0.00196477;GALTEC,SDG,TTS,HDG,
KN40;23644;0;0;0.00240998;0.00301436;0.00450773;0.0104179;0.0212855;0.0368895;0.057376;ZWART,
T230;69862;0;0;0.0104179;0.0145202;0.0212855;0.0368895;0.057376;0.082757;0.113036;ZWART,
K370;31118;0;0;0.00404042;0.00567697;0.00923905;0.0194514;0.0343621;0.0541498;0.0788313;ZWART,
T230;53456;0;0;0.00240998;0.00301436;0.00450773;0.0104179;0.0212855;0.0368895;0.057376;ZWART,
T230;33924;0;0;0.00240998;0.00301436;0.00450773;0.0104179;0.0212855;0.0368895;0.057376;ZWART,
KB30;6545;0;0;0.0130556;0.0177148;0.0252471;0.0422437;0.0641281;0.0909081;0.122587;GEBEITST,
KB30;20642;0;0;0.00277186;0.00364156;0.00567697;0.0130556;0.0252471;0.0422437;0.0641281;GEBEITST,
KB30;103211;0;0;0.00240998;0.00301436;0.00450773;0.0104179;0.0212855;0.0368895;0.057376;GEBEITST,
KB30;103211;0;0;0.00424721;0.00382354;0.00311568;0.00249087;0.00205171;0.00196477;0.00209176;GEBEITST,
KM40;20642;0;0;0.00414042;0.00371934;0.00301968;0.00241314;0.0020148;0.00196477;0.00217226;GEBEITST,
K820;249793;0;0;0.00240998;0.00301436;0.00450773;0.0104179;0.0212855;0.0368895;0.057376;FULL HARD,TTS,
K820;208273;0;0;0.00196477;0.00199442;0.00227747;0.00404042;0.00923905;0.0194514;0.0343621;FULL HARD,TTS,
K450;50928;0;0;0.00196477;0.00203321;0.00240998;0.00450773;0.0104179;0.0212855;0.0368895;SG2,SDG,BT2,HDG,
K820;81542;0;0;0.00196477;0.00203321;0.00240998;0.00450773;0.0104179;0.0212855;0.0368895;FULL HARD,BT2,
K820;35628;0;0;0.00196477;0.00203321;0.00240998;0.00450773;0.0104179;0.0212855;0.0368895;FULL HARD,BT2,
K210;26764;0;0;0.00665204;0.00621204;0.00544262;0.00467823;0.0039284;0.00321322;0.00196477;GALTEC,SDG,BT2,HDG,
K210;147051;0;0;0.00306541;0.00454663;0.00787307;0.0198783;0.0372283;0.0585848;0.0847841;CAPL,BT2,
K210;66239;0;0;0.00306541;0.00454663;0.00787307;0.0198783;0.0372283;0.0585848;0.0847841;CAPL,BT2,
K220;13166;0;0;0.00135924;0.00125336;0.00125406;0.00175477;0.00396752;0.0103575;0.024556;CAPL,BT2,
LK40;24375;0;0;0.0039284;0.00351372;0.00283292;0.00227048;0.0019711;0.00196477;0.00240998;GEBEITST,
LK40;22706;0;0;0.0039284;0.00351372;0.00283292;0.00227048;0.0019711;0.00196477;0.00240998;GEBEITST,
KN10;14399;0;0;0.00923905;0.0130556;0.0194514;0.0343621;0.0541498;0.0788313;0.10841;ZWART,
K450;54478;0;0;0.00196477;0.00197231;0.00217226;0.00364156;0.00817559;0.0177148;0.031934;GALTEC,SDG,TTS,HDG,
LM40;50857;0;0;0.00423346;0.00379871;0.00305336;0.00235005;0.00173547;0.00131912;0.00125336;GALTEC,SDG,BT2,HDG,
LM40;15023;0;0;0.00423346;0.00379871;0.00305336;0.00235005;0.00173547;0.00131912;0.00125336;GALTEC,SDG,BT2,HDG,
KN10;23109;0;0;0.0019711;0.00196477;0.00209176;0.00330309;0.00722707;0.0160717;0.0296055;FULL HARD,TTS,
KM30;25803;0;0;0.00358278;0.0031571;0.00244632;0.00181556;0.00135924;0.00125336;0.00134575;GEBEITST,
K370;47434;0;0;0.00390709;0.00347564;0.00274402;0.00207246;0.00152333;0.00125336;0.00125406;SG2,SDG,BT2,HDG,
K370;22261;0;0;0.00390709;0.00347564;0.00274402;0.00207246;0.00152333;0.00125336;0.00125406;SG2,SDG,BT2,HDG,
K370;69276;0;0;0.00390709;0.00347564;0.00274402;0.00207246;0.00152333;0.00125336;0.00125406;SG2,SDG,BT2,HDG,
T230;83005;0;0;0.00149828;0.00192906;0.00306541;0.00787307;0.0198783;0.0372283;0.0585848;SG2,SDG,BT2,HDG,
T230;23275;0;0;0.00369067;0.00326257;0.00254425;0.00189863;0.00140803;0.00125336;0.00129525;SG2,SDG,BT2,HDG,
K370;30239;0;0;0.00390709;0.00347564;0.00274402;0.00207246;0.00152333;0.00125336;0.00125406;SG2,SDG,BT2,HDG,
K370;23561;0;0;0.00134575;0.00161271;0.00240134;0.00597483;0.0155024;0.0319727;0.0519929;SG2,SDG,BT2,HDG,
K820;264453;0;0;0.00198813;0.00196477;0.00203321;0.00301436;0.00639731;0.0145202;0.0273767;GEBEITST,
K820;238008;0;0;0.00265631;0.00233967;0.00198813;0.00196477;0.00227747;0.00404042;0.00923905;GEBEITST,
K820;264453;0;0;0.00292537;0.00257191;0.00209667;0.00196477;0.00203321;0.00301436;0.00639731;GEBEITST,
K820;37508;0;0;0.00301436;0.00404042;0.00639731;0.0145202;0.0273767;0.0450707;0.0676541;FULL HARD,TTS,
K820;156205;0;0;0.00196477;0.00199442;0.00227747;0.00404042;0.00923905;0.0194514;0.0343621;FULL HARD,TTS,
K820;104548;0;0;0.00199442;0.00217226;0.00277186;0.00567697;0.0130556;0.0252471;0.0422437;FULL HARD,BT2,
T230;420276;0;0;0.0019711;0.00196477;0.00209176;0.00330309;0.00722707;0.0160717;0.0296055;FULL HARD,TTS,
T210;19961;0;0;0.00198813;0.00196477;0.00203321;0.00301436;0.00639731;0.0145202;0.0273767;FULL HARD,BT2,
T210;105905;0;0;0.0019711;0.00196477;0.00209176;0.00330309;0.00722707;0.0160717;0.0296055;FULL HARD,TTS,
KM80;21674;0;0;0.00198813;0.00196477;0.00203321;0.00301436;0.00639731;0.0145202;0.0273767;FULL HARD,BT2,
KN10;29931;0;0;0.00198813;0.00196477;0.00203321;0.00301436;0.00639731;0.0145202;0.0273767;FULL HARD,BT2,
K370;23955;0;0;0.0145202;0.0194514;0.0273767;0.0450707;0.0676541;0.0951337;0.127512;SG2,SDG,BT2,HDG,
T230;36946;0;0;0.00424721;0.00382354;0.00311568;0.00249087;0.00205171;0.00196477;0.00209176;SG2,SDG,BT2,HDG,
KN10;31106;0;0;0.00209176;0.00240998;0.00330309;0.00722707;0.0160717;0.0296055;0.0479972;FULL HARD,TTS,
K820;25803;0;0;0.00196477;0.00203321;0.00240998;0.00450773;0.0104179;0.0212855;0.0368895;GEBEITST,
K320;64747;0;0;0.0395169;0.0479972;0.0607021;0.0867826;0.117761;0.153639;0.194417;GEBEITST,
K320;324745;0;0;0.0160717;0.0212855;0.0296055;0.0479972;0.0712798;0.0994592;0.132538;GEBEITST,
K320;324745;0;0;0.00404042;0.00567697;0.00923905;0.0194514;0.0343621;0.0541498;0.0788313;GEBEITST,
K320;270621;0;0;0.00203321;0.00227747;0.00301436;0.00639731;0.0145202;0.0273767;0.0450707;GEBEITST,
K320;270621;0;0;0.00196477;0.00197231;0.00217226;0.00364156;0.00817559;0.0177148;0.031934;GEBEITST,
K320;162373;0;0;0.00382354;0.00341243;0.00274359;0.00220669;0.00196477;0.00197231;0.00257305;GEBEITST,
K320;378869;0;0;0.00764204;0.00720204;0.00643204;0.00566213;0.00489585;0.00414042;0.00196477;GEBEITST,
K320;378869;0;0;0.00775204;0.00731204;0.00654204;0.00577204;0.00500497;0.00424721;0.00196477;GEBEITST,
K320;378869;0;0;0.00808204;0.00764204;0.00687204;0.00610204;0.00533308;0.00456995;0.00196477;GEBEITST,
K320;378869;0;0;0.00808204;0.00764204;0.00687204;0.00610204;0.00533308;0.00456995;0.00196477;GEBEITST,
KN10;39220;0;0;0.0019711;0.00196477;0.00209176;0.00330309;0.00722707;0.0160717;0.0296055;FULL HARD,TTS,
KM40;41060;0;0;0.00414042;0.00371934;0.00301968;0.00241314;0.0020148;0.00196477;0.00217226;GEBEITST,
KM40;209918;0;0;0.00731204;0.00687204;0.00610204;0.00533308;0.00456995;0.00382354;0.00196477;GEBEITST,
KM40;104959;0;0;0.00808204;0.00764204;0.00687204;0.00610204;0.00533308;0.00456995;0.00196477;GEBEITST,
K380;47477;0;0;0.00396752;0.00597483;0.0103575;0.024556;0.0428424;0.0655725;0.0931671;GEBEITST,
K380;47477;0;0;0.00135924;0.00125336;0.00125406;0.00175477;0.00396752;0.0103575;0.024556;GEBEITST,
K450;14430;0;0;0.00301436;0.00404042;0.00639731;0.0145202;0.0273767;0.0450707;0.0676541;SG2,SDG,BT2,HDG,
T230;75230;0;0;0.00404042;0.00567697;0.00923905;0.0194514;0.0343621;0.0541498;0.0788313;ZWART,
T230;292980;0;0;0.00404042;0.00567697;0.00923905;0.0194514;0.0343621;0.0541498;0.0788313;ZWART,
KB30;47877;0;0;0.00265631;0.00233967;0.00198813;0.00196477;0.00227747;0.00404042;0.00923905;SG2,SDG,BT2,HDG,
KB30;47877;0;0;0.00274359;0.00241314;0.0020148;0.00196477;0.00217226;0.00364156;0.00817559;SG2,SDG,BT2,HDG,
KB30;47877;0;0;0.00283292;0.00249087;0.00205171;0.00196477;0.00209176;0.00330309;0.00722707;SG2,SDG,BT2,HDG,
K450;105490;0;0;0.00152333;0.00131912;0.00125336;0.00141274;0.00270741;0.00685566;0.0176129;GALTEC,SDG,TTS,HDG,
K450;105490;0;0;0.00207246;0.00173547;0.00131912;0.00125336;0.00141274;0.00270741;0.00685566;GALTEC,SDG,TTS,HDG,
K450;153446;0;0;0.00197231;0.00209176;0.00257305;0.0050491;0.0116869;0.023217;0.0395169;GALTEC,SDG,TTS,HDG,
K370;18497;0;0;0.0019711;0.00196477;0.00209176;0.00330309;0.00722707;0.0160717;0.0296055;SG2,SDG,BT2,HDG,
K450;28694;0;0;0.0019711;0.00196477;0.00209176;0.00330309;0.00722707;0.0160717;0.0296055;SG2,SDG,BT2,HDG,
KN70;10820;0;0;0.00196477;0.00199442;0.00227747;0.00404042;0.00923905;0.0194514;0.0343621;GALTEC,SDG,TTS,HDG,
K370;23418;0;0;0.00214354;0.00306541;0.00521529;0.0135676;0.0294557;0.0488444;0.0729584;SG2,SDG,BT2,HDG,
K820;103211;0;0;0.00161271;0.00214354;0.00348114;0.00903016;0.0221784;0.0399881;0.0620299;GEBEITST,
K320;52377;0;0;0.00336833;0.00294935;0.00225602;0.00165867;0.00128646;0.00125336;0.00149828;GEBEITST,
KM30;104753;0;0;0.00347564;0.00305336;0.00235005;0.00173547;0.00131912;0.00125336;0.00141274;GEBEITST,
KM30;33934;0;0;0.00305336;0.00264317;0.00198446;0.00146236;0.00125336;0.00126695;0.00192906;GEBEITST,
KM50;25803;0;0;0.00209667;0.0019711;0.00196477;0.00240998;0.00450773;0.0104179;0.0212855;GEBEITST,
KM50;25803;0;0;0.00196477;0.00203321;0.00240998;0.00450773;0.0104179;0.0212855;0.0368895;GEBEITST,
KM50;25803;0;0;0.00209667;0.0019711;0.00196477;0.00240998;0.00450773;0.0104179;0.0212855;GEBEITST,
K820;20642;0;0;0.00240998;0.00301436;0.00450773;0.0104179;0.0212855;0.0368895;0.057376;GEBEITST,
T230;43996;0;0;0.00808204;0.00764204;0.00687204;0.00610204;0.00533308;0.00456995;0.00196477;BAF_HNX,BAF,BT2,
KM80;24230;0;0;0.00404042;0.00567697;0.00923905;0.0194514;0.0343621;0.0541498;0.0788313;ZWART,
K820;103211;0;0;0.00240998;0.00301436;0.00450773;0.0104179;0.0212855;0.0368895;0.057376;GEBEITST,
K370;309592;0;0;0.00249087;0.00220669;0.00196477;0.00197231;0.00257305;0.0050491;0.0116869;SG2,SDG,BT2,HDG,
K370;12249;0;0;0.00249087;0.00220669;0.00196477;0.00197231;0.00257305;0.0050491;0.0116869;SG2,SDG,BT2,HDG,
KM80;14255;0;0;0.00687204;0.00643204;0.00566213;0.00489585;0.00414042;0.00341243;0.00196477;GEBEITST,
K820;144945;0;0;0.00203321;0.00227747;0.00301436;0.00639731;0.0145202;0.0273767;0.0450707;FULL HARD,TTS,
K210;4916;0;0;0.00787307;0.011855;0.0198783;0.0372283;0.0585848;0.0847841;0.115872;BAF_H2,BAF,BT2,
K100;44216;0;0;0.00639731;0.00923905;0.0145202;0.0273767;0.0450707;0.0676541;0.0951337;BAF_HNX,BAF,BT2,
LK50;20642;0;0;0.00808204;0.00764204;0.00687204;0.00610204;0.00533308;0.00456995;0.00196477;GEBEITST,
K450;135666;1;0;0.00639731;0.00923905;0.0145202;0.0273767;0.0450707;0.0676541;0.0951337;GALTEC,SDG,TTS,HDG,
LK60;30963;0;0;0.00597483;0.00903016;0.0155024;0.0319727;0.0519929;0.0768008;0.10649;GEBEITST,
K140;452323;0;0;0.00301436;0.00404042;0.00639731;0.0145202;0.0273767;0.0450707;0.0676541;FULL HARD,TTS,
K140;29554;0;0;0.00257305;0.00330309;0.0050491;0.0116869;0.023217;0.0395169;0.0607021;FULL HARD,TTS,
LK70;30928;0;0;0.00665204;0.00621204;0.00544204;0.00467204;0.00390709;0.0031571;0.00125336;SG3,SDG,TTS,HDG,
T230;25116;0;0;0.00257305;0.00330309;0.0050491;0.0116869;0.023217;0.0395169;0.0607021;FULL HARD,BT2,
K140;56289;0;0;0.00257305;0.00330309;0.0050491;0.0116869;0.023217;0.0395169;0.0607021;FULL HARD,TTS,
K140;28145;0;0;0.00257305;0.00330309;0.0050491;0.0116869;0.023217;0.0395169;0.0607021;FULL HARD,TTS,
T230;24093;0;0;0.00257305;0.00330309;0.0050491;0.0116869;0.023217;0.0395169;0.0607021;FULL HARD,BT2,
K820;25803;0;0;0.00209667;0.0019711;0.00196477;0.00240998;0.00450773;0.0104179;0.0212855;GEBEITST,
K820;13623;0;0;0.00277186;0.00364156;0.00567697;0.0130556;0.0252471;0.0422437;0.0641281;GEBEITST,
K580;56234;0;0;0.00257305;0.00330309;0.0050491;0.0116869;0.023217;0.0395169;0.0607021;FULL HARD,TTS,
K100;41860;0;0;0.00639731;0.00923905;0.0145202;0.0273767;0.0450707;0.0676541;0.0951337;BAF_HNX,BAF,BT2,
KM50;25803;0;0;0.00205171;0.00196477;0.00197231;0.00257305;0.0050491;0.0116869;0.023217;GEBEITST,
K140;56582;0;0;0.00257305;0.00330309;0.0050491;0.0116869;0.023217;0.0395169;0.0607021;FULL HARD,TTS,
K140;29872;0;0;0.00257305;0.00330309;0.0050491;0.0116869;0.023217;0.0395169;0.0607021;FULL HARD,TTS,
K140;59363;0;0;0.00301436;0.00404042;0.00639731;0.0145202;0.0273767;0.0450707;0.0676541;FULL HARD,TTS,
KM40;22706;0;0;0.0294557;0.0372283;0.0488444;0.0729584;0.101949;0.135835;0.174621;GEBEITST,
K370;49071;0;0;0.00257191;0.00227048;0.0019711;0.00196477;0.00240998;0.00450773;0.0104179;SG2,SDG,BT2,HDG,
K370;24411;0;0;0.00214847;0.00198813;0.00196477;0.00227747;0.00404042;0.00923905;0.0194514;SG2,SDG,BT2,HDG,
K820;28611;0;0;0.00209176;0.00240998;0.00330309;0.00722707;0.0160717;0.0296055;0.0479972;GEBEITST,
K820;103211;0;0;0.00414042;0.00371934;0.00301968;0.00241314;0.0020148;0.00196477;0.00217226;GEBEITST,
K370;47630;0;0;0.00321322;0.00283292;0.00227048;0.0019711;0.00196477;0.00240998;0.00450773;SG2,SDG,BT2,HDG,
K370;47630;0;0;0.00321322;0.00283292;0.00227048;0.0019711;0.00196477;0.00240998;0.00450773;SG2,SDG,BT2,HDG,
K370;23815;0;0;0.00321322;0.00283292;0.00227048;0.0019711;0.00196477;0.00240998;0.00450773;SG2,SDG,BT2,HDG,
K370;8406;0;0;0.024556;0.0319727;0.0428424;0.0655725;0.0931671;0.125653;0.163039;SG2,SDG,BT2,HDG,
L740;96143;0;0;0.00396752;0.00597483;0.0103575;0.024556;0.0428424;0.0655725;0.0931671;CAPL,TTS,
LK40;89991;0;0;0.00698204;0.00654204;0.00577204;0.00500497;0.00424721;0.00351372;0.00196477;GEBEITST,
LK40;103211;0;0;0.00775204;0.00731204;0.00654204;0.00577204;0.00500497;0.00424721;0.00196477;GEBEITST,
LK40;103211;0;0;0.00808204;0.00764204;0.00687204;0.00610204;0.00533308;0.00456995;0.00196477;GEBEITST,
LK40;103211;0;0;0.00808204;0.00764204;0.00687204;0.00610204;0.00533308;0.00456995;0.00196477;GEBEITST,
LK60;3916;0;0;0.00330309;0.00450773;0.00722707;0.0160717;0.0296055;0.0479972;0.0712798;GEBEITST,
T230;20701;0;0;0.00676204;0.00632204;0.00555204;0.00478204;0.00401561;0.00326257;0.00125336;BAF_HNX,BAF,TTS,ELG,
KT20;19890;0;0;0.00414042;0.00371934;0.00301968;0.00241314;0.0020148;0.00196477;0.00217226;GEBEITST,
KN10;15709;0;0;0.0296055;0.0368895;0.0479972;0.0712798;0.0994592;0.132538;0.170516;FULL HARD,TTS,
T230;21998;0;0;0.00257305;0.00330309;0.0050491;0.0116869;0.023217;0.0395169;0.0607021;FULL HARD,BT2,
K820;9475;0;0;0.00209667;0.0019711;0.00196477;0.00240998;0.00450773;0.0104179;0.0212855;GEBEITST,
TB60;19532;0;0;0.00923905;0.0130556;0.0194514;0.0343621;0.0541498;0.0788313;0.10841;ZWART,
K390;25700;0;0;0.00257305;0.00330309;0.0050491;0.0116869;0.023217;0.0395169;0.0607021;ZWART,
T230;23000;0;0;0.00277186;0.00364156;0.00567697;0.0130556;0.0252471;0.0422437;0.0641281;FULL HARD,BT2,
K320;52222;0;0;0.00588204;0.00544262;0.00467823;0.0039284;0.00321322;0.00257191;0.00196477;BAF_HNX,BAF,TTS,
K140;31918;0;0;0.00301436;0.00404042;0.00639731;0.0145202;0.0273767;0.0450707;0.0676541;FULL HARD,TTS,
KN30;99291;0;0;0.00227048;0.00205171;0.00196477;0.00209176;0.00330309;0.00722707;0.0160717;SG2,SDG,BT2,HDG,
KN30;25374;0;0;0.00227048;0.00205171;0.00196477;0.00209176;0.00330309;0.00722707;0.0160717;SG2,SDG,BT2,HDG,
K820;27686;0;0;0.00240998;0.00301436;0.00450773;0.0104179;0.0212855;0.0368895;0.057376;GEBEITST,
KN50;22680;0;0;0.00709204;0.00665204;0.00588204;0.00511421;0.00435446;0.003616;0.00196477;GALTEC,SDG,BT2,HDG,
K820;20642;0;0;0.00414042;0.00371934;0.00301968;0.00241314;0.0020148;0.00196477;0.00217226;GEBEITST,
K820;21053;0;0;0.00414042;0.00371934;0.00301968;0.00241314;0.0020148;0.00196477;0.00217226;GEBEITST,
LT80;22706;0;0;0.00203321;0.00227747;0.00301436;0.00639731;0.0145202;0.0273767;0.0450707;GEBEITST,
TB80;10609;0;0;0.00254425;0.00216361;0.00158981;0.00126485;0.00125336;0.00161271;0.00348114;GALTEC,SDG,TTS,HDG,
K370;25157;0;0;0.00189863;0.00158981;0.00126485;0.00125336;0.00161271;0.00348114;0.00903016;SG2,SDG,BT2,HDG,
K370;24988;0;0;0.00198446;0.00165867;0.00128646;0.00125336;0.00149828;0.00306541;0.00787307;SG2,SDG,BT2,HDG,
K340;4689;0;0;0.0177148;0.023217;0.031934;0.0510236;0.0750055;0.103885;0.137663;GEBEITST,
K340;211562;0;0;0.00220669;0.0020148;0.00196477;0.00217226;0.00364156;0.00817559;0.0177148;GEBEITST,
K340;211562;0;0;0.00265631;0.00233967;0.00198813;0.00196477;0.00227747;0.00404042;0.00923905;GEBEITST,
K210;16745;0;0;0.00348114;0.00521529;0.00903016;0.0221784;0.0399881;0.0620299;0.0889256;CAPL,BT2,
K820;191303;0;0;0.00196477;0.00197231;0.00217226;0.00364156;0.00817559;0.0177148;0.031934;GEBEITST,
K820;105781;0;0;0.00265631;0.00233967;0.00198813;0.00196477;0.00227747;0.00404042;0.00923905;GEBEITST,
K820;20642;0;0;0.00414042;0.00371934;0.00301968;0.00241314;0.0020148;0.00196477;0.00217226;GEBEITST,
K820;20642;0;0;0.00808204;0.00764204;0.00687204;0.00610204;0.00533308;0.00456995;0.00196477;GEBEITST,
K320;74211;0;0;0.00240998;0.00301436;0.00450773;0.0104179;0.0212855;0.0368895;0.057376;ZWART,
K130;449332;0;0;0.00240998;0.00301436;0.00450773;0.0104179;0.0212855;0.0368895;0.057376;GEBEITST,
K130;264453;0;0;0.00209176;0.00240998;0.00330309;0.00722707;0.0160717;0.0296055;0.0479972;GEBEITST,
K130;264453;0;0;0.00311568;0.00274359;0.00220669;0.00196477;0.00197231;0.00257305;0.0050491;GEBEITST,
K350;12551;0;0;0.00209667;0.0019711;0.00196477;0.00240998;0.00450773;0.0104179;0.0212855;GEBEITST,
K350;22706;0;0;0.0039284;0.00351372;0.00283292;0.00227048;0.0019711;0.00196477;0.00240998;GEBEITST,
K370;22854;0;0;0.00321322;0.00283292;0.00227048;0.0019711;0.00196477;0.00240998;0.00450773;SG2,SDG,BT2,HDG,
L810;29892;0;0;0.0450707;0.0541498;0.0676541;0.0951337;0.127512;0.16479;0.206968;FULL HARD,TTS,
T210;272852;0;0;0.00240998;0.00301436;0.00450773;0.0104179;0.0212855;0.0368895;0.057376;ZWART,
T210;19481;0;0;0.00240998;0.00301436;0.00450773;0.0104179;0.0212855;0.0368895;0.057376;ZWART,
T210;545570;0;0;0.00240998;0.00301436;0.00450773;0.0104179;0.0212855;0.0368895;0.057376;ZWART,
T210;155876;0;0;0.00240998;0.00301436;0.00450773;0.0104179;0.0212855;0.0368895;0.057376;ZWART,
KM80;20828;0;0;0.00632204;0.00588204;0.00511204;0.00434241;0.00358278;0.0028463;0.00125336;CAPL,TTS,
KK50;23999;0;0;0.00412411;0.00369067;0.00294935;0.00225602;0.00165867;0.00128646;0.00125336;GEBEITST,
L740;81428;0;0;0.00396752;0.00597483;0.0103575;0.024556;0.0428424;0.0655725;0.0931671;CAPL,TTS,
K320;63160;0;0;0.00643204;0.00599204;0.0052236;0.0044619;0.00371934;0.00301968;0.00196477;GEBEITST,
K320;63160;0;0;0.00808204;0.00764204;0.00687204;0.00610204;0.00533308;0.00456995;0.00196477;GEBEITST,
K320;63160;0;0;0.00808204;0.00764204;0.00687204;0.00610204;0.00533308;0.00456995;0.00196477;GEBEITST,
K320;47689;0;0;0.00196477;0.00199442;0.00227747;0.00404042;0.00923905;0.0194514;0.0343621;ZWART,
KM50;23795;0;0;0.00197231;0.00209176;0.00257305;0.0050491;0.0116869;0.023217;0.0395169;GEBEITST,
K820;29216;0;0;0.00227048;0.00205171;0.00196477;0.00209176;0.00330309;0.00722707;0.0160717;GEBEITST,
K370;22999;0;0;0.00403409;0.003616;0.00292537;0.00233967;0.00198813;0.00196477;0.00227747;SG2,SDG,BT2,HDG,
T260;7792;0;0;0.0768008;0.0889256;0.10649;0.141076;0.180561;0.224947;0.274231;BAF_HNX,BAF,TTS,
T230;106115;0;0;0.00687204;0.00643204;0.00566213;0.00489585;0.00414042;0.00341243;0.00196477;BAF_HNX,BAF,TTS,
L760;94844;0;0;0.00306541;0.00454663;0.00787307;0.0198783;0.0372283;0.0585848;0.0847841;CAPL,BT2,ELG,
KB30;16253;0;0;0.00311568;0.00274359;0.00220669;0.00196477;0.00197231;0.00257305;0.0050491;SG2,SDG,BT2,HDG,
T230;47952;0;0;0.0020148;0.00196477;0.00199442;0.00277186;0.00567697;0.0130556;0.0252471;CAPL,TTS,
KM50;25803;0;0;0.00240998;0.00301436;0.00450773;0.0104179;0.0212855;0.0368895;0.057376;GEBEITST,
KM50;25803;0;0;0.00311568;0.00274359;0.00220669;0.00196477;0.00197231;0.00257305;0.0050491;GEBEITST,
KM50;25803;0;0;0.00240998;0.00301436;0.00450773;0.0104179;0.0212855;0.0368895;0.057376;GEBEITST,
KN30;151778;0;0;0.00131912;0.00125336;0.00126695;0.00192906;0.00454663;0.011855;0.0269928;GALTEC,SDG,TTS,HDG,
L650;19255;0;0;0.00401561;0.00358278;0.0028463;0.00216361;0.00158981;0.00126485;0.00125336;CAPL,BT2,
KM40;21642;0;0;0.0050491;0.00722707;0.0116869;0.023217;0.0395169;0.0607021;0.0867826;GEBEITST,
KM30;81952;0;0;0.00240998;0.00301436;0.00450773;0.0104179;0.0212855;0.0368895;0.057376;ZWART,
K450;41513;0;0;0.00205171;0.00196477;0.00197231;0.00257305;0.0050491;0.0116869;0.023217;SG2,SDG,BT2,HDG,
T210;25906;0;0;0.00240998;0.00301436;0.00450773;0.0104179;0.0212855;0.0368895;0.057376;ZWART,
T210;77737;0;0;0.00240998;0.00301436;0.00450773;0.0104179;0.0212855;0.0368895;0.057376;ZWART,
T210;25906;0;0;0.00240998;0.00301436;0.00450773;0.0104179;0.0212855;0.0368895;0.057376;ZWART,
T210;25906;0;0;0.00240998;0.00301436;0.00450773;0.0104179;0.0212855;0.0368895;0.057376;ZWART,
LT70;32027;0;0;0.00165867;0.00140803;0.00125336;0.00129525;0.00214354;0.00521529;0.0135676;SG3,SDG,TTS,HDG,
T230;22952;0;0;0.00450773;0.00639731;0.0104179;0.0212855;0.0368895;0.057376;0.082757;GALTEC,SDG,TTS,HDG,
T220;145690;0;0;0.00722707;0.0104179;0.0160717;0.0296055;0.0479972;0.0712798;0.0994592;ZWART,
T230;174336;0;0;0.00722707;0.0104179;0.0160717;0.0296055;0.0479972;0.0712798;0.0994592;ZWART,
KM40;20560;0;0;0.00305336;0.00264317;0.00198446;0.00146236;0.00125336;0.00126695;0.00192906;ZWART,
KM40;41120;0;0;0.00305336;0.00264317;0.00198446;0.00146236;0.00125336;0.00126695;0.00192906;ZWART,
K370;72547;0;0;0.00225602;0.00189863;0.00140803;0.00125336;0.00129525;0.00214354;0.00521529;SG2,SDG,BT2,HDG,
K370;250160;0;0;0.00225602;0.00189863;0.00140803;0.00125336;0.00129525;0.00214354;0.00521529;SG2,SDG,BT2,HDG,
K320;48992;0;0;0.00227048;0.00205171;0.00196477;0.00209176;0.00330309;0.00722707;0.0160717;BAF_H2,BAF,TTS,
KM40;61927;0;0;0.00220669;0.0020148;0.00196477;0.00217226;0.00364156;0.00817559;0.0177148;GEBEITST,
KM50;154817;0;0;0.00220669;0.0020148;0.00196477;0.00217226;0.00364156;0.00817559;0.0177148;GEBEITST,
KM50;123853;0;0;0.00220669;0.0020148;0.00196477;0.00217226;0.00364156;0.00817559;0.0177148;GEBEITST,
KM50;123853;0;0;0.00220669;0.0020148;0.00196477;0.00217226;0.00364156;0.00817559;0.0177148;GEBEITST,
K820;30963;0;0;0.00220669;0.0020148;0.00196477;0.00217226;0.00364156;0.00817559;0.0177148;GEBEITST,
K820;30963;0;0;0.00220669;0.0020148;0.00196477;0.00217226;0.00364156;0.00817559;0.0177148;GEBEITST,
K820;30963;0;0;0.00220669;0.0020148;0.00196477;0.00217226;0.00364156;0.00817559;0.0177148;GEBEITST,
K820;30963;0;0;0.00220669;0.0020148;0.00196477;0.00217226;0.00364156;0.00817559;0.0177148;GEBEITST,
TB60;21674;0;0;0.00198813;0.00196477;0.00203321;0.00301436;0.00639731;0.0145202;0.0273767;FULL HARD,BT2,
K370;175594;0;0;0.00264317;0.00225602;0.00165867;0.00128646;0.00125336;0.00149828;0.00306541;SG2,SDG,BT2,HDG,
KN40;20278;0;0;0.00203321;0.00227747;0.00301436;0.00639731;0.0145202;0.0273767;0.0450707;FULL HARD,BT2,
K370;298289;0;0;0.00244632;0.00207246;0.00152333;0.00125336;0.00125406;0.00175477;0.00396752;SG2,SDG,BT2,HDG,
KN30;26061;0;0;0.0039284;0.00351372;0.00283292;0.00227048;0.0019711;0.00196477;0.00240998;CAPL,TTS,
K820;30963;0;0;0.00220669;0.0020148;0.00196477;0.00217226;0.00364156;0.00817559;0.0177148;GEBEITST,
K320;63099;0;0;0.00808204;0.00764204;0.00687204;0.00610204;0.00533308;0.00456995;0.00196477;GEBEITST,
KM30;61927;0;0;0.00424721;0.00382354;0.00311568;0.00249087;0.00205171;0.00196477;0.00209176;GEBEITST,
K370;52953;0;0;0.00198813;0.00196477;0.00203321;0.00301436;0.00639731;0.0145202;0.0273767;FULL HARD,BT2,
K370;288253;0;0;0.00198446;0.00165867;0.00128646;0.00125336;0.00149828;0.00306541;0.00787307;SG2,SDG,BT2,HDG,
KN40;27314;0;0;0.00240998;0.00301436;0.00450773;0.0104179;0.0212855;0.0368895;0.057376;ZWART,
LT40;18560;0;0;0.0020148;0.00196477;0.00199442;0.00277186;0.00567697;0.0130556;0.0252471;SG3,SDG,BT2,HDG,
K820;20642;0;0;0.00134575;0.00161271;0.00240134;0.00597483;0.0155024;0.0319727;0.0519929;GEBEITST,
K820;51864;0;0;0.00196477;0.00197231;0.00217226;0.00364156;0.00817559;0.0177148;0.031934;GEBEITST,
K820;14418;0;0;0.00196477;0.00197231;0.00217226;0.00364156;0.00817559;0.0177148;0.031934;GEBEITST,
K820;51606;0;0;0.00764204;0.00720204;0.00643204;0.00566213;0.00489585;0.00414042;0.00196477;GEBEITST,
K820;25803;0;0;0.00742204;0.00698204;0.00621204;0.00544262;0.00467823;0.0039284;0.00196477;GEBEITST,
K820;25803;0;0;0.00709204;0.00665204;0.00588204;0.00511421;0.00435446;0.003616;0.00196477;GEBEITST,
K320;52171;0;0;0.00588204;0.00544262;0.00467823;0.0039284;0.00321322;0.00257191;0.00196477;BAF_HNX,BAF,TTS,
KN70;78179;0;0;0.00621204;0.00577204;0.00500497;0.00424721;0.00351372;0.00283292;0.00196477;BAF_HNX,BAF,TTS,
KN70;78179;0;0;0.00808204;0.00764204;0.00687204;0.00610204;0.00533308;0.00456995;0.00196477;BAF_HNX,BAF,TTS,
K370;19667;0;0;0.00301968;0.00265631;0.00214847;0.00196477;0.00199442;0.00277186;0.00567697;SG2,SDG,BT2,HDG,
K320;20848;0;0;0.00240998;0.00301436;0.00450773;0.0104179;0.0212855;0.0368895;0.057376;ZWART,
K200;34719;0;0;0.00301968;0.00265631;0.00214847;0.00196477;0.00199442;0.00277186;0.00567697;SG2,SDG,BT2,HDG,
K210;20344;0;0;0.00454663;0.00685566;0.011855;0.0269928;0.0457948;0.0692164;0.0975085;SG2,SDG,BT2,HDG,
K370;20520;0;0;0.00265631;0.00233967;0.00198813;0.00196477;0.00227747;0.00404042;0.00923905;SG2,SDG,BT2,HDG,
K370;20520;0;0;0.00321322;0.00283292;0.00227048;0.0019711;0.00196477;0.00240998;0.00450773;SG2,SDG,BT2,HDG,
K370;24241;0;0;0.00292537;0.00257191;0.00209667;0.00196477;0.00203321;0.00301436;0.00639731;GALTEC,SDG,TTS,HDG,
K370;24384;0;0;0.00301968;0.00265631;0.00214847;0.00196477;0.00199442;0.00277186;0.00567697;SG2,SDG,BT2,HDG,
LK70;16219;0;0;0.00125406;0.00134575;0.00175477;0.00396752;0.0103575;0.024556;0.0428424;SG3,SDG,TTS,HDG,
LK70;31053;0;0;0.00158981;0.00135924;0.00125336;0.00134575;0.00240134;0.00597483;0.0155024;SG3,SDG,TTS,HDG,
TB80;51831;0;0;0.0198783;0.0269928;0.0372283;0.0585848;0.0847841;0.115872;0.151858;SG3,SDG,BT2,HDG,
TB80;113340;0;0;0.00158981;0.00135924;0.00125336;0.00134575;0.00240134;0.00597483;0.0155024;SG3,SDG,BT2,HDG,
KM40;41737;0;0;0.00423346;0.00379871;0.00305336;0.00235005;0.00173547;0.00131912;0.00125336;GEBEITST,
K820;9803;0;0;0.0019711;0.00196477;0.00209176;0.00330309;0.00722707;0.0160717;0.0296055;GEBEITST,
L810;16653;0;0;0.0541498;0.0641281;0.0788313;0.10841;0.142889;0.182267;0.226545;FULL HARD,TTS,
K450;23279;0;0;0.00382354;0.00341243;0.00274359;0.00220669;0.00196477;0.00197231;0.00257305;SG2,SDG,BT2,HDG,
K450;19400;0;0;0.00382354;0.00341243;0.00274359;0.00220669;0.00196477;0.00197231;0.00257305;SG2,SDG,BT2,HDG,
K450;23279;0;0;0.00382354;0.00341243;0.00274359;0.00220669;0.00196477;0.00197231;0.00257305;SG2,SDG,BT2,HDG,
K450;23279;0;0;0.0039284;0.00351372;0.00283292;0.00227048;0.0019711;0.00196477;0.00240998;SG2,SDG,BT2,HDG,
K450;23279;0;0;0.00424721;0.00382354;0.00311568;0.00249087;0.00205171;0.00196477;0.00209176;SG2,SDG,BT2,HDG,
K450;23279;0;0;0.00424721;0.00382354;0.00311568;0.00249087;0.00205171;0.00196477;0.00209176;SG2,SDG,BT2,HDG,
K450;23279;0;0;0.00424721;0.00382354;0.00311568;0.00249087;0.00205171;0.00196477;0.00209176;SG2,SDG,BT2,HDG,
K450;23279;0;0;0.00424721;0.00382354;0.00311568;0.00249087;0.00205171;0.00196477;0.00209176;SG2,SDG,BT2,HDG,
K450;46559;1;0;0.00403409;0.003616;0.00292537;0.00233967;0.00198813;0.00196477;0.00227747;SG2,SDG,BT2,HDG,
KM40;25803;0;0;0.00209176;0.00240998;0.00330309;0.00722707;0.0160717;0.0296055;0.0479972;GEBEITST,
K110;23792;0;0;0.00722707;0.0104179;0.0160717;0.0296055;0.0479972;0.0712798;0.0994592;BAF_HNX,BAF,TTS,
KT20;24771;0;0;0.00351372;0.00311568;0.00249087;0.00205171;0.00196477;0.00209176;0.00330309;GEBEITST,
K370;15553;0;0;0.00396752;0.00597483;0.0103575;0.024556;0.0428424;0.0655725;0.0931671;SG2,SDG,BT2,HDG,
KN40;40620;0;0;0.00390709;0.00347564;0.00274402;0.00207246;0.00152333;0.00125336;0.00125406;CAPL,TTS,
K370;100304;0;0;0.00244632;0.00207246;0.00152333;0.00125336;0.00125406;0.00175477;0.00396752;SG2,SDG,BT2,HDG,
K370;52818;0;0;0.00134575;0.00161271;0.00240134;0.00597483;0.0155024;0.0319727;0.0519929;SG2,SDG,BT2,HDG,
K370;100507;0;0;0.00244632;0.00207246;0.00152333;0.00125336;0.00125406;0.00175477;0.00396752;SG2,SDG,BT2,HDG,
KT20;22706;0;0;0.00351372;0.00311568;0.00249087;0.00205171;0.00196477;0.00209176;0.00330309;GEBEITST,
K200;94072;0;0;0.0104179;0.0145202;0.0212855;0.0368895;0.057376;0.082757;0.113036;CAPL,TTS,
L920;12919;0;0;0.127512;0.142889;0.16479;0.206968;0.254046;0.306024;0.362902;SG3,SDG,TTS,HDG,
T220;62959;0;0;0.0019711;0.00196477;0.00209176;0.00330309;0.00722707;0.0160717;0.0296055;BAF_HNX,BAF,TTS,
TB40;41120;0;0;0.00125336;0.00125406;0.00141274;0.00270741;0.00685566;0.0176129;0.0345568;ZWART,
TB80;82240;0;0;0.00141274;0.00175477;0.00270741;0.00685566;0.0176129;0.0345568;0.0552404;ZWART,
K820;25803;0;0;0.00214847;0.00198813;0.00196477;0.00227747;0.00404042;0.00923905;0.0194514;GEBEITST,
K820;25700;0;0;0.00283292;0.00249087;0.00205171;0.00196477;0.00209176;0.00330309;0.00722707;ZWART,
KN30;8145;0;0;0.00257305;0.00330309;0.0050491;0.0116869;0.023217;0.0395169;0.0607021;GALTEC,SDG,TTS,HDG,
K130;46150;0;0;0.00240998;0.00301436;0.00450773;0.0104179;0.0212855;0.0368895;0.057376;ZWART,
K820;51606;0;0;0.0020148;0.00196477;0.00199442;0.00277186;0.00567697;0.0130556;0.0252471;GEBEITST,
T260;7862;0;0;0.238528;0.25965;0.289213;0.344798;0.405282;0.470667;0.540952;BAF_HNX,BAF,TTS,
K820;26111;0;0;0.00227048;0.00205171;0.00196477;0.00209176;0.00330309;0.00722707;0.0160717;GEBEITST,
K820;22706;0;0;0.00227048;0.00205171;0.00196477;0.00209176;0.00330309;0.00722707;0.0160717;GEBEITST,
KN40;23728;0;0;0.00125406;0.00134575;0.00175477;0.00396752;0.0103575;0.024556;0.0428424;CAPL,TTS,
KN40;46863;0;0;0.00390709;0.00347564;0.00274402;0.00207246;0.00152333;0.00125336;0.00125406;CAPL,TTS,
K820;22706;0;0;0.0019711;0.00196477;0.00209176;0.00330309;0.00722707;0.0160717;0.0296055;GEBEITST,
K390;18504;0;0;0.00351372;0.00311568;0.00249087;0.00205171;0.00196477;0.00209176;0.00330309;ZWART,
KB30;23697;0;0;0.00639731;0.00923905;0.0145202;0.0273767;0.0450707;0.0676541;0.0951337;BAF_HNX,BAF,BT2,
T250;40779;0;0;0.00264317;0.00225602;0.00165867;0.00128646;0.00125336;0.00149828;0.00306541;SG3,SDG,BT2,HDG,
KN10;21300;0;0;0.00404042;0.00567697;0.00923905;0.0194514;0.0343621;0.0541498;0.0788313;ZWART,
LK60;28562;0;0;0.00240134;0.00348114;0.00597483;0.0155024;0.0319727;0.0519929;0.0768008;GEBEITST,
LK60;51606;0;0;0.00134575;0.00161271;0.00240134;0.00597483;0.0155024;0.0319727;0.0519929;GEBEITST,
K820;21674;0;0;0.0039284;0.00351372;0.00283292;0.00227048;0.0019711;0.00196477;0.00240998;GEBEITST,
K370;10818;0;0;0.00321322;0.00283292;0.00227048;0.0019711;0.00196477;0.00240998;0.00450773;SG2,SDG,BT2,HDG,
K110;28104;0;0;0.00196477;0.00197231;0.00217226;0.00364156;0.00817559;0.0177148;0.031934;CAPL,TTS,
K820;51606;0;0;0.00265631;0.00233967;0.00198813;0.00196477;0.00227747;0.00404042;0.00923905;GEBEITST,
KM50;92890;0;0;0.00220669;0.0020148;0.00196477;0.00217226;0.00364156;0.00817559;0.0177148;GEBEITST,
KM80;25803;0;0;0.00292537;0.00257191;0.00209667;0.00196477;0.00203321;0.00301436;0.00639731;GEBEITST,
K110;282930;0;0;0.00220669;0.0020148;0.00196477;0.00217226;0.00364156;0.00817559;0.0177148;CAPL,TTS,
K110;31204;0;0;0.00196477;0.00199442;0.00227747;0.00404042;0.00923905;0.0194514;0.0343621;BAF_HNX,BAF,TTS,
K110;27372;0;0;0.00220669;0.0020148;0.00196477;0.00217226;0.00364156;0.00817559;0.0177148;CAPL,TTS,
K200;110237;0;0;0.00220669;0.0020148;0.00196477;0.00217226;0.00364156;0.00817559;0.0177148;CAPL,TTS,
KM40;23739;0;0;0.0019711;0.00196477;0.00209176;0.00330309;0.00722707;0.0160717;0.0296055;GEBEITST,
TB60;20710;0;0;0.00152333;0.00131912;0.00125336;0.00141274;0.00270741;0.00685566;0.0176129;GALTEC,SDG,TTS,HDG,
TB60;20731;0;0;0.00158981;0.00135924;0.00125336;0.00134575;0.00240134;0.00597483;0.0155024;GALTEC,SDG,BT2,HDG,
KN40;12616;0;0;0.00321322;0.00283292;0.00227048;0.0019711;0.00196477;0.00240998;0.00450773;GALTEC,SDG,TTS,HDG,
K210;31334;0;0;0.0020148;0.00196477;0.00199442;0.00277186;0.00567697;0.0130556;0.0252471;CAPL,TTS,
K210;110745;0;0;0.0020148;0.00196477;0.00199442;0.00277186;0.00567697;0.0130556;0.0252471;CAPL,TTS,
K210;52224;0;0;0.0020148;0.00196477;0.00199442;0.00277186;0.00567697;0.0130556;0.0252471;CAPL,TTS,
K210;277657;0;0;0.0020148;0.00196477;0.00199442;0.00277186;0.00567697;0.0130556;0.0252471;CAPL,TTS,
KM40;8770;0;0;0.00196477;0.00199442;0.00227747;0.00404042;0.00923905;0.0194514;0.0343621;ZWART,
KM30;22754;0;0;0.00923905;0.0130556;0.0194514;0.0343621;0.0541498;0.0788313;0.10841;ZWART,
L810;61927;0;0;0.0450707;0.0541498;0.0676541;0.0951337;0.127512;0.16479;0.206968;FULL HARD,TTS,
T230;9587;0;0;0.0676541;0.0788313;0.0951337;0.127512;0.16479;0.206968;0.254046;SG3,SDG,TTS,HDG,
K370;31668;0;0;0.00450773;0.00639731;0.0104179;0.0212855;0.0368895;0.057376;0.082757;SG2,SDG,BT2,HDG,
T230;5710;0;0;0.00450773;0.00639731;0.0104179;0.0212855;0.0368895;0.057376;0.082757;GALTEC,SDG,BT2,HDG,
KM40;20642;0;0;0.00597483;0.00903016;0.0155024;0.0319727;0.0519929;0.0768008;0.10649;GEBEITST,
T230;22977;0;0;0.00567697;0.00817559;0.0130556;0.0252471;0.0422437;0.0641281;0.0909081;FULL HARD,BT2,
K370;19498;0;0;0.00301968;0.00265631;0.00214847;0.00196477;0.00199442;0.00277186;0.00567697;SG2,SDG,BT2,HDG,
K370;19498;0;0;0.00301968;0.00265631;0.00214847;0.00196477;0.00199442;0.00277186;0.00567697;SG2,SDG,BT2,HDG,
K350;95444;0;0;0.00330309;0.00450773;0.00722707;0.0160717;0.0296055;0.0479972;0.0712798;ZWART,
K350;102800;0;0;0.00277186;0.00364156;0.00567697;0.0130556;0.0252471;0.0422437;0.0641281;ZWART,
T230;14521;0;0;0.00277186;0.00364156;0.00567697;0.0130556;0.0252471;0.0422437;0.0641281;SG2,SDG,BT2,HDG,
T230;16962;0;0;0.00404042;0.00567697;0.00923905;0.0194514;0.0343621;0.0541498;0.0788313;ZWART,
KM80;16183;0;0;0.00567697;0.00817559;0.0130556;0.0252471;0.0422437;0.0641281;0.0909081;GEBEITST,
T230;77365;0;0;0.0212855;0.0273767;0.0368895;0.057376;0.082757;0.113036;0.148214;FULL HARD,BT2,
K820;27486;0;0;0.0019711;0.00196477;0.00209176;0.00330309;0.00722707;0.0160717;0.0296055;GEBEITST,
T230;11250;0;0;0.0104179;0.0145202;0.0212855;0.0368895;0.057376;0.082757;0.113036;ZWART,
KN40;21108;0;0;0.00203321;0.00227747;0.00301436;0.00639731;0.0145202;0.0273767;0.0450707;FULL HARD,BT2,
K320;14711;0;0;0.00240998;0.00301436;0.00450773;0.0104179;0.0212855;0.0368895;0.057376;ZWART,
K320;22706;0;0;0.00249087;0.00220669;0.00196477;0.00197231;0.00257305;0.0050491;0.0116869;GEBEITST,
K320;22706;0;0;0.00249087;0.00220669;0.00196477;0.00197231;0.00257305;0.0050491;0.0116869;GEBEITST,
K320;22706;0;0;0.00610204;0.00566213;0.00489585;0.00414042;0.00341243;0.00274359;0.00196477;GEBEITST,
K320;22706;0;0;0.00687204;0.00643204;0.00566213;0.00489585;0.00414042;0.00341243;0.00196477;GEBEITST,
K320;22706;0;0;0.00764204;0.00720204;0.00643204;0.00566213;0.00489585;0.00414042;0.00196477;GEBEITST,
KT20;20642;0;0;0.00610204;0.00566213;0.00489585;0.00414042;0.00341243;0.00274359;0.00196477;GEBEITST,
KT20;20642;0;0;0.00764204;0.00720204;0.00643204;0.00566213;0.00489585;0.00414042;0.00196477;GEBEITST,
KM30;54186;0;0;0.00687204;0.00643204;0.00566213;0.00489585;0.00414042;0.00341243;0.00196477;GEBEITST,
K320;25803;0;0;0.00687204;0.00643204;0.00566213;0.00489585;0.00414042;0.00341243;0.00196477;GEBEITST,
K320;30963;0;0;0.00764204;0.00720204;0.00643204;0.00566213;0.00489585;0.00414042;0.00196477;GEBEITST,
K320;30963;0;0;0.00610204;0.00566213;0.00489585;0.00414042;0.00341243;0.00274359;0.00196477;GEBEITST,
LK40;12101;0;0;0.00412411;0.00369067;0.00294935;0.00225602;0.00165867;0.00128646;0.00125336;GEBEITST,
LK40;20868;0;0;0.00412411;0.00369067;0.00294935;0.00225602;0.00165867;0.00128646;0.00125336;GEBEITST,
KM50;41942;0;0;0.00412411;0.00369067;0.00294935;0.00225602;0.00165867;0.00128646;0.00125336;GEBEITST,
LK40;20930;0;0;0.00412411;0.00369067;0.00294935;0.00225602;0.00165867;0.00128646;0.00125336;GEBEITST,
K320;25803;0;0;0.00687204;0.00643204;0.00566213;0.00489585;0.00414042;0.00341243;0.00196477;GEBEITST,
KT20;10012;0;0;0.00687204;0.00643204;0.00566213;0.00489585;0.00414042;0.00341243;0.00196477;GEBEITST,
T230;121346;0;0;0.0020148;0.00196477;0.00199442;0.00277186;0.00567697;0.0130556;0.0252471;CAPL,TTS,
T230;143835;0;0;0.00654204;0.00610204;0.00533308;0.00456995;0.00382354;0.00311568;0.00196477;CAPL,TTS,
K820;52874;0;0;0.00301436;0.00404042;0.00639731;0.0145202;0.0273767;0.0450707;0.0676541;GEBEITST,
K820;77408;0;0;0.00205171;0.00196477;0.00197231;0.00257305;0.0050491;0.0116869;0.023217;GEBEITST,
K820;77408;0;0;0.00265631;0.00233967;0.00198813;0.00196477;0.00227747;0.00404042;0.00923905;GEBEITST,
K820;77408;0;0;0.00414042;0.00371934;0.00301968;0.00241314;0.0020148;0.00196477;0.00217226;GEBEITST,
K820;77408;0;0;0.00424721;0.00382354;0.00311568;0.00249087;0.00205171;0.00196477;0.00209176;GEBEITST,
K320;25803;0;0;0.00764204;0.00720204;0.00643204;0.00566213;0.00489585;0.00414042;0.00196477;GEBEITST,
LK40;11361;0;0;0.00412411;0.00369067;0.00294935;0.00225602;0.00165867;0.00128646;0.00125336;GEBEITST,
KM80;25803;0;0;0.00311568;0.00274359;0.00220669;0.00196477;0.00197231;0.00257305;0.0050491;GEBEITST,
KM80;25803;0;0;0.00764204;0.00720204;0.00643204;0.00566213;0.00489585;0.00414042;0.00196477;GEBEITST,
K210;13505;0;0;0.00129525;0.00149828;0.00214354;0.00521529;0.0135676;0.0294557;0.0488444;CAPL,BT2,
T230;11039;0;0;0.00158981;0.00135924;0.00125336;0.00134575;0.00240134;0.00597483;0.0155024;GALTEC,SDG,BT2,HDG,
K370;25045;0;0;0.00424721;0.00382354;0.00311568;0.00249087;0.00205171;0.00196477;0.00209176;SG2,SDG,BT2,HDG,
K110;432535;0;0;0.00126695;0.00141274;0.00192906;0.00454663;0.011855;0.0269928;0.0457948;BAF_HNX,BAF,TTS,ELG,
T230;109685;0;0;0.00140803;0.00126485;0.00125336;0.00161271;0.00348114;0.00903016;0.0221784;SG3,SDG,TTS,HDG,
K110;145273;0;0;0.00126695;0.00141274;0.00192906;0.00454663;0.011855;0.0269928;0.0457948;BAF_HNX,BAF,TTS,ELG,
KM40;39220;0;0;0.00197231;0.00209176;0.00257305;0.0050491;0.0116869;0.023217;0.0395169;GEBEITST,
KM40;39220;0;0;0.00687204;0.00643204;0.00566213;0.00489585;0.00414042;0.00341243;0.00196477;GEBEITST,
T210;7498;0;0;0.046802;0.046362;0.045592;0.044822;0.044052;0.043282;0.021282;SG2,SDG,BT2,HDG,
LT70;20658;0;0;0.00181556;0.00152333;0.00125336;0.00125406;0.00175477;0.00396752;0.0103575;SG3,SDG,BT2,HDG,
K370;11932;0;0;0.00654204;0.00610204;0.00533308;0.00456995;0.00382354;0.00311568;0.00196477;SG2,SDG,BT2,HDG,
KM20;36124;0;0;0.00808204;0.00764204;0.00687204;0.00610204;0.00533308;0.00456995;0.00196477;GEBEITST,
KT70;104243;0;0;0.00379871;0.00336833;0.00264317;0.00198446;0.00146236;0.00125336;0.00126695;CAPL,TTS,
K370;24880;0;0;0.00665204;0.00621204;0.00544262;0.00467823;0.0039284;0.00321322;0.00196477;SG2,SDG,BT2,HDG,
K370;93020;0;0;0.0028463;0.00244632;0.00181556;0.00135924;0.00125336;0.00134575;0.00240134;SG2,SDG,BT2,HDG,
K370;7394;0;0;0.00175477;0.00240134;0.00396752;0.0103575;0.024556;0.0428424;0.0655725;SG2,SDG,BT2,HDG,
K370;102780;0;0;0.00244632;0.00207246;0.00152333;0.00125336;0.00125406;0.00175477;0.00396752;SG2,SDG,BT2,HDG,
K370;103191;0;0;0.00274402;0.00235005;0.00173547;0.00131912;0.00125336;0.00141274;0.00270741;SG2,SDG,BT2,HDG,
KT30;24771;0;0;0.00687204;0.00643204;0.00566213;0.00489585;0.00414042;0.00341243;0.00196477;GEBEITST,
NB60;15126;0;0;0.00424721;0.00382354;0.00311568;0.00249087;0.00205171;0.00196477;0.00209176;SG3,SDG,TTS,HDG,
K350;45413;0;0;0.00414042;0.00371934;0.00301968;0.00241314;0.0020148;0.00196477;0.00217226;GEBEITST,
K130;28398;0;0;0.00240998;0.00301436;0.00450773;0.0104179;0.0212855;0.0368895;0.057376;BAF_HNX,BAF,TTS,ELG,
KM30;20642;0;0;0.00610204;0.00566213;0.00489585;0.00414042;0.00341243;0.00274359;0.00196477;GEBEITST,
KM30;20642;0;0;0.00808204;0.00764204;0.00687204;0.00610204;0.00533308;0.00456995;0.00196477;GEBEITST,
KT20;24771;0;0;0.00610204;0.00566213;0.00489585;0.00414042;0.00341243;0.00274359;0.00196477;GEBEITST,
KM50;25803;0;0;0.00203321;0.00227747;0.00301436;0.00639731;0.0145202;0.0273767;0.0450707;GEBEITST,
LK70;82726;0;0;0.00292537;0.00257191;0.00209667;0.00196477;0.00203321;0.00301436;0.00639731;SG3,SDG,TTS,HDG,
LK70;82726;0;0;0.003616;0.00321322;0.00257191;0.00209667;0.00196477;0.00203321;0.00301436;SG3,SDG,TTS,HDG,
LK70;62045;0;0;0.00665204;0.00621204;0.00544262;0.00467823;0.0039284;0.00321322;0.00196477;SG3,SDG,TTS,HDG,
LK70;62045;0;0;0.00808204;0.00764204;0.00687204;0.00610204;0.00533308;0.00456995;0.00196477;SG3,SDG,TTS,HDG,
L760;31366;0;0;0.00390709;0.00347564;0.00274402;0.00207246;0.00152333;0.00125336;0.00125406;CAPL,BT2,
K370;17562;0;0;0.0345568;0.0428424;0.0552404;0.0807423;0.111131;0.146417;0.186602;SG2,SDG,BT2,HDG,
K370;49255;0;0;0.00254425;0.00216361;0.00158981;0.00126485;0.00125336;0.00161271;0.00348114;SG2,SDG,BT2,HDG,
KM80;25803;0;0;0.00687204;0.00643204;0.00566213;0.00489585;0.00414042;0.00341243;0.00196477;GEBEITST,
KM80;20663;0;0;0.0019711;0.00196477;0.00209176;0.00330309;0.00722707;0.0160717;0.0296055;FULL HARD,TTS,
K210;24288;0;0;0.00588204;0.00544262;0.00467823;0.0039284;0.00321322;0.00257191;0.00196477;CAPL,TTS,
K210;24288;0;0;0.00808204;0.00764204;0.00687204;0.00610204;0.00533308;0.00456995;0.00196477;CAPL,TTS,
K210;24288;0;0;0.00588204;0.00544262;0.00467823;0.0039284;0.00321322;0.00257191;0.00196477;CAPL,TTS,
K210;24288;0;0;0.00665204;0.00621204;0.00544262;0.00467823;0.0039284;0.00321322;0.00196477;CAPL,TTS,
K210;24288;0;0;0.00808204;0.00764204;0.00687204;0.00610204;0.00533308;0.00456995;0.00196477;CAPL,TTS,
KM80;18072;0;0;0.0019711;0.00196477;0.00209176;0.00330309;0.00722707;0.0160717;0.0296055;FULL HARD,TTS,
KT70;28134;0;0;0.0019711;0.00196477;0.00209176;0.00330309;0.00722707;0.0160717;0.0296055;FULL HARD,TTS,
KM50;51400;0;0;0.00424721;0.00382354;0.00311568;0.00249087;0.00205171;0.00196477;0.00209176;ZWART,
L910;23452;0;0;0.0422437;0.0510236;0.0641281;0.0909081;0.122587;0.159165;0.200643;SG3,SDG,BT2,HDG,
K370;25041;0;0;0.00244632;0.00207246;0.00152333;0.00125336;0.00125406;0.00175477;0.00396752;SG2,SDG,BT2,HDG,
K450;158980;0;0;0.00175477;0.00240134;0.00396752;0.0103575;0.024556;0.0428424;0.0655725;FULL HARD,TTS,
LK40;25803;0;0;0.00412411;0.00369067;0.00294935;0.00225602;0.00165867;0.00128646;0.00125336;GEBEITST,
LK40;25803;0;0;0.00786204;0.00742204;0.00665204;0.00588204;0.00511204;0.00434241;0.00125336;GEBEITST,
LT80;27743;0;0;0.00203321;0.00227747;0.00301436;0.00639731;0.0145202;0.0273767;0.0450707;GEBEITST,
LT80;51606;0;0;0.00214847;0.00198813;0.00196477;0.00227747;0.00404042;0.00923905;0.0194514;GEBEITST,
LK40;26319;0;0;0.00687204;0.00643204;0.00566213;0.00489585;0.00414042;0.00341243;0.00196477;GEBEITST,
KM50;33028;0;0;0.00764204;0.00720204;0.00643204;0.00566213;0.00489585;0.00414042;0.00196477;GEBEITST,
LK40;25803;0;0;0.00249087;0.00220669;0.00196477;0.00197231;0.00257305;0.0050491;0.0116869;GEBEITST,
LK40;25803;0;0;0.00764204;0.00720204;0.00643204;0.00566213;0.00489585;0.00414042;0.00196477;GEBEITST,
KM50;23644;0;0;0.00351372;0.00311568;0.00249087;0.00205171;0.00196477;0.00209176;0.00330309;ZWART,
KM50;23644;0;0;0.00351372;0.00311568;0.00249087;0.00205171;0.00196477;0.00209176;0.00330309;ZWART,
L620;154352;0;0;0.00257305;0.00330309;0.0050491;0.0116869;0.023217;0.0395169;0.0607021;GALTEC,SDG,TTS,HDG,
L620;42782;0;0;0.00257305;0.00330309;0.0050491;0.0116869;0.023217;0.0395169;0.0607021;GALTEC,SDG,TTS,HDG,
KB30;52428;0;0;0.00808204;0.00764204;0.00687204;0.00610204;0.00533308;0.00456995;0.00196477;GEBEITST,
K820;275031;0;0;0.00348114;0.00521529;0.00903016;0.0221784;0.0399881;0.0620299;0.0889256;GEBEITST,
K820;169250;0;0;0.00125406;0.00134575;0.00175477;0.00396752;0.0103575;0.024556;0.0428424;GEBEITST,
K820;296187;0;0;0.00336833;0.00294935;0.00225602;0.00165867;0.00128646;0.00125336;0.00149828;GEBEITST,
K200;33028;0;0;0.00764204;0.00720204;0.00643204;0.00566213;0.00489585;0.00414042;0.00196477;GEBEITST,
K320;16514;0;0;0.00742204;0.00698204;0.00621204;0.00544262;0.00467823;0.0039284;0.00196477;GEBEITST,
KM80;26106;0;0;0.0019711;0.00196477;0.00209176;0.00330309;0.00722707;0.0160717;0.0296055;FULL HARD,TTS,
TB50;24214;0;0;0.00220669;0.0020148;0.00196477;0.00217226;0.00364156;0.00817559;0.0177148;CAPL,TTS,
TB50;21055;0;0;0.00220669;0.0020148;0.00196477;0.00217226;0.00364156;0.00817559;0.0177148;CAPL,TTS,
TB50;21055;0;0;0.00220669;0.0020148;0.00196477;0.00217226;0.00364156;0.00817559;0.0177148;CAPL,TTS,
KB30;263452;0;0;0.00351372;0.00311568;0.00249087;0.00205171;0.00196477;0.00209176;0.00330309;FULL HARD,TTS,
KB30;240465;0;0;0.00351372;0.00311568;0.00249087;0.00205171;0.00196477;0.00209176;0.00330309;FULL HARD,TTS,
T230;86870;0;0;0.00158981;0.00135924;0.00125336;0.00134575;0.00240134;0.00597483;0.0155024;GALTEC,SDG,BT2,HDG,
K450;25452;0;0;0.00125406;0.00134575;0.00175477;0.00396752;0.0103575;0.024556;0.0428424;SG2,SDG,BT2,HDG,
K450;106962;0;0;0.00126695;0.00141274;0.00192906;0.00454663;0.011855;0.0269928;0.0457948;GALTEC,SDG,TTS,HDG,
K320;41284;0;0;0.00424721;0.00382354;0.00311568;0.00249087;0.00205171;0.00196477;0.00209176;GEBEITST,
K320;25803;0;0;0.00414042;0.00371934;0.00301968;0.00241314;0.0020148;0.00196477;0.00217226;GEBEITST,
K320;33488;0;0;0.00654204;0.00610204;0.00533308;0.00456995;0.00382354;0.00311568;0.00196477;BAF_HNX,BAF,TTS,
K370;51436;0;0;0.00599204;0.00555204;0.00478204;0.00401561;0.00326257;0.00254425;0.00125336;SG2,SDG,BT2,HDG,
K370;25844;0;0;0.00654204;0.00610204;0.00533204;0.00456204;0.00379871;0.00305336;0.00125336;SG2,SDG,BT2,HDG,
K370;35297;0;0;0.00125406;0.00134575;0.00175477;0.00396752;0.0103575;0.024556;0.0428424;GALTEC,SDG,BT2,HDG,
K370;51010;0;0;0.00599204;0.00555204;0.00478204;0.00401561;0.00326257;0.00254425;0.00125336;GALTEC,SDG,BT2,HDG,
K370;25480;0;0;0.00610204;0.00566204;0.00489204;0.00412411;0.00336833;0.00264317;0.00125336;SG2,SDG,BT2,HDG,
K370;51436;0;0;0.00610204;0.00566204;0.00489204;0.00412411;0.00336833;0.00264317;0.00125336;SG2,SDG,BT2,HDG,
KB30;18578;0;0;0.00306541;0.00454663;0.00787307;0.0198783;0.0372283;0.0585848;0.0847841;BAF_HNX,BAF,BT2,
K340;18789;0;0;0.00403409;0.003616;0.00292537;0.00233967;0.00198813;0.00196477;0.00227747;SG2,SDG,BT2,HDG,
K820;77408;0;0;0.00203321;0.00227747;0.00301436;0.00639731;0.0145202;0.0273767;0.0450707;GEBEITST,
K820;51606;0;0;0.00199442;0.00217226;0.00277186;0.00567697;0.0130556;0.0252471;0.0422437;GEBEITST,
K370;5931;0;0;0.00292537;0.00257191;0.00209667;0.00196477;0.00203321;0.00301436;0.00639731;SG2,SDG,BT2,HDG,
K370;49120;0;0;0.00424721;0.00382354;0.00311568;0.00249087;0.00205171;0.00196477;0.00209176;SG2,SDG,BT2,HDG,
K370;49120;0;0;0.00424721;0.00382354;0.00311568;0.00249087;0.00205171;0.00196477;0.00209176;SG2,SDG,BT2,HDG,
K210;26370;0;0;0.00808204;0.00764204;0.00687204;0.00610204;0.00533308;0.00456995;0.00196477;CAPL,TTS,
K340;20459;0;0;0.00643204;0.00599204;0.0052236;0.0044619;0.00371934;0.00301968;0.00196477;SG2,SDG,BT2,HDG,
K130;64051;0;0;0.00203321;0.00227747;0.00301436;0.00639731;0.0145202;0.0273767;0.0450707;BAF_HNX,BAF,BT2,
K220;10446;0;0;0.00135924;0.00125336;0.00125406;0.00175477;0.00396752;0.0103575;0.024556;CAPL,BT2,
KM50;25803;0;0;0.00203321;0.00227747;0.00301436;0.00639731;0.0145202;0.0273767;0.0450707;GEBEITST,
LT70;25751;0;0;0.00140803;0.00126485;0.00125336;0.00161271;0.00348114;0.00903016;0.0221784;SG3,SDG,TTS,HDG,
T210;50708;0;0;0.00149828;0.00192906;0.00306541;0.00787307;0.0198783;0.0372283;0.0585848;GALTEC,SDG,BT2,HDG,
T210;50708;0;0;0.00135924;0.00125336;0.00125406;0.00175477;0.00396752;0.0103575;0.024556;GALTEC,SDG,BT2,HDG,
K820;25803;0;0;0.00311568;0.00274359;0.00220669;0.00196477;0.00197231;0.00257305;0.0050491;GEBEITST,
K370;11450;0;0;0.00241314;0.00214847;0.00196477;0.00199442;0.00277186;0.00567697;0.0130556;SG2,SDG,BT2,HDG,
KN40;20828;0;0;0.00390709;0.00347564;0.00274402;0.00207246;0.00152333;0.00125336;0.00125406;CAPL,TTS,
K370;29581;0;0;0.00301968;0.00265631;0.00214847;0.00196477;0.00199442;0.00277186;0.00567697;SG2,SDG,BT2,HDG,
K370;7115;0;0;0.00283292;0.00249087;0.00205171;0.00196477;0.00209176;0.00330309;0.00722707;GALTEC,SDG,TTS,HDG,
K370;27298;0;0;0.0198783;0.0269928;0.0372283;0.0585848;0.0847841;0.115872;0.151858;SG2,SDG,BT2,HDG,
K370;32086;0;0;0.00199442;0.00217226;0.00277186;0.00567697;0.0130556;0.0252471;0.0422437;SG2,SDG,BT2,HDG,
K370;32086;0;0;0.00301968;0.00265631;0.00214847;0.00196477;0.00199442;0.00277186;0.00567697;SG2,SDG,BT2,HDG,
K370;32086;0;0;0.00424721;0.00382354;0.00311568;0.00249087;0.00205171;0.00196477;0.00209176;SG2,SDG,BT2,HDG,
LK40;16100;0;0;0.00198446;0.00165867;0.00128646;0.00125336;0.00149828;0.00306541;0.00787307;GEBEITST,
T230;9181;0;0;0.00639731;0.00923905;0.0145202;0.0273767;0.0450707;0.0676541;0.0951337;SG3,SDG,TTS,HDG,
K370;21670;0;0;0.00347564;0.00305336;0.00235005;0.00173547;0.00131912;0.00125336;0.00141274;GALTEC,SDG,BT2,HDG,
K140;62668;0;0;0.00731204;0.00687204;0.00610204;0.00533204;0.00456204;0.00379871;0.00125336;BAF_H2,BAF,BT2,
K140;67890;0;0;0.00808204;0.00764204;0.00687204;0.00610204;0.00533204;0.00456204;0.00125336;BAF_H2,BAF,BT2,
LT70;25828;0;0;0.00192906;0.00270741;0.00454663;0.011855;0.0269928;0.0457948;0.0692164;SG3,SDG,BT2,HDG,
L740;11939;0;0;0.00240998;0.00301436;0.00450773;0.0104179;0.0212855;0.0368895;0.057376;BAF_HNX,BAF,TTS,ELG,
K370;9996;0;0;0.00274359;0.00241314;0.0020148;0.00196477;0.00217226;0.00364156;0.00817559;GALTEC,SDG,BT2,HDG,
K370;21870;0;0;0.00240134;0.00348114;0.00597483;0.0155024;0.0319727;0.0519929;0.0768008;GALTEC,SDG,BT2,HDG,
K370;101820;0;0;0.00198446;0.00165867;0.00128646;0.00125336;0.00149828;0.00306541;0.00787307;GALTEC,SDG,BT2,HDG,
K370;50910;0;0;0.00654204;0.00610204;0.00533204;0.00456204;0.00379871;0.00305336;0.00125336;GALTEC,SDG,BT2,HDG,
K370;9976;0;0;0.00274359;0.00241314;0.0020148;0.00196477;0.00217226;0.00364156;0.00817559;GALTEC,SDG,BT2,HDG,
K370;25590;0;0;0.00227048;0.00205171;0.00196477;0.00209176;0.00330309;0.00722707;0.0160717;SG2,SDG,BT2,HDG,
K370;8757;0;0;0.00227048;0.00205171;0.00196477;0.00209176;0.00330309;0.00722707;0.0160717;SG2,SDG,BT2,HDG,
T230;20911;0;0;0.00257305;0.00330309;0.0050491;0.0116869;0.023217;0.0395169;0.0607021;CAPL,BT2,
KM80;14984;0;0;0.0019711;0.00196477;0.00209176;0.00330309;0.00722707;0.0160717;0.0296055;FULL HARD,TTS,
K270;97621;0;0;0.00135924;0.00125336;0.00125406;0.00175477;0.00396752;0.0103575;0.024556;CAPL,BT2,
K270;97621;0;0;0.00687204;0.00643204;0.00566204;0.00489204;0.00412411;0.00336833;0.00125336;CAPL,BT2,
KT10;30840;0;0;0.00621204;0.00577204;0.00500497;0.00424721;0.00351372;0.00283292;0.00196477;GALTEC,SDG,TTS,HDG,
K270;24385;0;0;0.00423346;0.00379871;0.00305336;0.00235005;0.00173547;0.00131912;0.00125336;CAPL,BT2,
K270;24385;0;0;0.00687204;0.00643204;0.00566204;0.00489204;0.00412411;0.00336833;0.00125336;CAPL,BT2,
K270;10675;0;0;0.00135924;0.00125336;0.00125406;0.00175477;0.00396752;0.0103575;0.024556;CAPL,BT2,
K270;76445;0;0;0.00207246;0.00173547;0.00131912;0.00125336;0.00141274;0.00270741;0.00685566;CAPL,BT2,
K270;97441;0;0;0.00423346;0.00379871;0.00305336;0.00235005;0.00173547;0.00131912;0.00125336;CAPL,BT2,
K270;97441;0;0;0.00720204;0.00676204;0.00599204;0.00522204;0.00445204;0.00369067;0.00125336;CAPL,BT2,
KN30;15699;0;0;0.00687204;0.00643204;0.00566213;0.00489585;0.00414042;0.00341243;0.00196477;CAPL,TTS,
KN30;31397;0;0;0.00764204;0.00720204;0.00643204;0.00566213;0.00489585;0.00414042;0.00196477;CAPL,TTS,
K140;9599;0;0;0.00301968;0.00265631;0.00214847;0.00196477;0.00199442;0.00277186;0.00567697;BAF_H2,BAF,BT2,
K140;26240;0;0;0.00351372;0.00311568;0.00249087;0.00205171;0.00196477;0.00209176;0.00330309;BAF_H2,BAF,BT2,
K140;52479;0;0;0.00676204;0.00632204;0.0055524;0.004787;0.00403409;0.0033121;0.00196477;BAF_H2,BAF,BT2,
K140;26240;0;0;0.00709204;0.00665204;0.00588204;0.00511421;0.00435446;0.003616;0.00196477;BAF_H2,BAF,BT2,
KT70;16799;0;0;0.00198813;0.00196477;0.00203321;0.00301436;0.00639731;0.0145202;0.0273767;FULL HARD,BT2,
K370;10139;0;0;0.00301968;0.00265631;0.00214847;0.00196477;0.00199442;0.00277186;0.00567697;SG2,SDG,BT2,HDG,
T230;25431;0;0;0.00654204;0.00610204;0.00533204;0.00456204;0.00379871;0.00305336;0.00125336;SG2,SDG,TTS,HDG,
KN40;20828;0;0;0.00390709;0.00347564;0.00274402;0.00207246;0.00152333;0.00125336;0.00125406;CAPL,TTS,
LK40;25863;0;0;0.00412411;0.00369067;0.00294935;0.00225602;0.00165867;0.00128646;0.00125336;GEBEITST,
LK40;64113;0;0;0.00412411;0.00369067;0.00294935;0.00225602;0.00165867;0.00128646;0.00125336;GEBEITST,
K370;12710;0;0;0.00227048;0.00205171;0.00196477;0.00209176;0.00330309;0.00722707;0.0160717;GALTEC,SDG,BT2,HDG,
K370;22606;0;0;0.00227048;0.00205171;0.00196477;0.00209176;0.00330309;0.00722707;0.0160717;GALTEC,SDG,BT2,HDG,
K370;12730;0;0;0.00198813;0.00196477;0.00203321;0.00301436;0.00639731;0.0145202;0.0273767;SG2,SDG,BT2,HDG,
K370;22427;0;0;0.0039284;0.00351372;0.00283292;0.00227048;0.0019711;0.00196477;0.00240998;SG2,SDG,BT2,HDG,
K440;24952;0;0;0.00220669;0.0020148;0.00196477;0.00217226;0.00364156;0.00817559;0.0177148;GEBEITST,
K440;52171;0;0;0.0039284;0.00351372;0.00283292;0.00227048;0.0019711;0.00196477;0.00240998;GEBEITST,
K440;52171;0;0;0.00414042;0.00371934;0.00301968;0.00241314;0.0020148;0.00196477;0.00217226;GEBEITST,
K440;10751;0;0;0.00214847;0.00198813;0.00196477;0.00227747;0.00404042;0.00923905;0.0194514;GEBEITST,
K370;24729;0;0;0.0039284;0.00351372;0.00283292;0.00227048;0.0019711;0.00196477;0.00240998;SG2,SDG,BT2,HDG,
LK40;31272;0;0;0.00412411;0.00369067;0.00294935;0.00225602;0.00165867;0.00128646;0.00125336;GEBEITST,
K570;20930;0;0;0.00412411;0.00369067;0.00294935;0.00225602;0.00165867;0.00128646;0.00125336;GEBEITST,
K370;11768;0;0;0.00227048;0.00205171;0.00196477;0.00209176;0.00330309;0.00722707;0.0160717;SG2,SDG,BT2,HDG,
KT10;27159;0;0;0.00764204;0.00720204;0.00643204;0.00566213;0.00489585;0.00414042;0.00196477;SG3,SDG,BT2,HDG,
K370;11427;0;0;0.00249087;0.00220669;0.00196477;0.00197231;0.00257305;0.0050491;0.0116869;SG2,SDG,BT2,HDG,
K370;6878;0;0;0.00198813;0.00196477;0.00203321;0.00301436;0.00639731;0.0145202;0.0273767;SG2,SDG,BT2,HDG,
KN70;21683;1;0;0.00358278;0.0031571;0.00244632;0.00181556;0.00135924;0.00125336;0.00134575;GALTEC,SDG,BT2,HDG,
K350;47477;0;0;0.00131912;0.00125336;0.00126695;0.00192906;0.00454663;0.011855;0.0269928;GEBEITST,
K350;47477;0;0;0.00131912;0.00125336;0.00126695;0.00192906;0.00454663;0.011855;0.0269928;GEBEITST,
K370;25479;0;0;0.00265631;0.00233967;0.00198813;0.00196477;0.00227747;0.00404042;0.00923905;SG2,SDG,BT2,HDG,
K370;76439;0;0;0.00808204;0.00764204;0.00687204;0.00610204;0.00533308;0.00456995;0.00196477;SG2,SDG,BT2,HDG,
K370;101919;0;0;0.00808204;0.00764204;0.00687204;0.00610204;0.00533308;0.00456995;0.00196477;SG2,SDG,BT2,HDG,
K320;52222;0;0;0.00709204;0.00665204;0.00588204;0.00511421;0.00435446;0.003616;0.00196477;GEBEITST,
K320;26111;0;0;0.00808204;0.00764204;0.00687204;0.00610204;0.00533308;0.00456995;0.00196477;GEBEITST,
K270;24311;0;0;0.00597483;0.00903016;0.0155024;0.0319727;0.0519929;0.0768008;0.10649;CAPL,TTS,
K110;20280;0;0;0.00301436;0.00404042;0.00639731;0.0145202;0.0273767;0.0450707;0.0676541;BAF_HNX,BAF,TTS,
KM30;42467;0;0;0.00196477;0.00203321;0.00240998;0.00450773;0.0104179;0.0212855;0.0368895;GEBEITST,
KM40;27867;0;0;0.00414042;0.00371934;0.00301968;0.00241314;0.0020148;0.00196477;0.00217226;GEBEITST,
TB60;26112;0;0;0.00326257;0.0028463;0.00216361;0.00158981;0.00126485;0.00125336;0.00161271;CAPL,BT2,
LT70;41284;0;0;0.00450773;0.00639731;0.0104179;0.0212855;0.0368895;0.057376;0.082757;FULL HARD,TTS,
K370;19594;0;0;0.00764204;0.00720204;0.00643204;0.00566213;0.00489585;0.00414042;0.00196477;SG2,SDG,BT2,HDG,
K820;21115;0;0;0.00214847;0.00198813;0.00196477;0.00227747;0.00404042;0.00923905;0.0194514;GEBEITST,
KM70;25803;0;0;0.00311568;0.00274359;0.00220669;0.00196477;0.00197231;0.00257305;0.0050491;GEBEITST,
KM50;25803;0;0;0.00311568;0.00274359;0.00220669;0.00196477;0.00197231;0.00257305;0.0050491;GEBEITST,
KT10;10790;0;0;0.00424721;0.00382354;0.00311568;0.00249087;0.00205171;0.00196477;0.00209176;GALTEC,SDG,BT2,HDG,
KT10;15525;0;0;0.00786204;0.00742204;0.00665204;0.00588204;0.00511421;0.00435446;0.00196477;GALTEC,SDG,BT2,HDG,
TB60;9953;0;0;0.0130556;0.0177148;0.0252471;0.0422437;0.0641281;0.0909081;0.122587;SG3,SDG,TTS,HDG,
TB60;40243;0;0;0.00698204;0.00654204;0.00577204;0.00500497;0.00424721;0.00351372;0.00196477;SG3,SDG,TTS,HDG,
K350;5587;0;0;0.00257305;0.00330309;0.0050491;0.0116869;0.023217;0.0395169;0.0607021;GALTEC,SDG,BT2,HDG,
L650;80899;0;0;0.0020148;0.00196477;0.00199442;0.00277186;0.00567697;0.0130556;0.0252471;CAPL,TTS,ELG,
T210;28104;0;0;0.046582;0.046142;0.045372;0.044602;0.043832;0.043062;0.021062;GALTEC,SDG,TTS,HDG,
K820;20642;0;0;0.00227048;0.00205171;0.00196477;0.00209176;0.00330309;0.00722707;0.0160717;GEBEITST,
K390;25803;0;0;0.00199442;0.00217226;0.00277186;0.00567697;0.0130556;0.0252471;0.0422437;GEBEITST,
KT10;25486;0;0;0.00676204;0.00632204;0.0055524;0.004787;0.00403409;0.0033121;0.00196477;SG3,SDG,TTS,HDG,
KM80;25803;0;0;0.0028463;0.00244632;0.00181556;0.00135924;0.00125336;0.00134575;0.00240134;GEBEITST,
K820;20642;0;0;0.00227048;0.00205171;0.00196477;0.00209176;0.00330309;0.00722707;0.0160717;GEBEITST,
K340;24432;0;0;0.00214847;0.00198813;0.00196477;0.00227747;0.00404042;0.00923905;0.0194514;SG2,SDG,BT2,HDG,
TB60;52361;0;0;0.00698204;0.00654204;0.00577204;0.00500497;0.00424721;0.00351372;0.00196477;GALTEC,SDG,TTS,HDG,
K320;63454;0;0;0.00197231;0.00209176;0.00257305;0.0050491;0.0116869;0.023217;0.0395169;GEBEITST,
T230;25458;0;0;0.00599204;0.0055524;0.004787;0.00403409;0.0033121;0.00265631;0.00196477;SG3,SDG,TTS,HDG,
K370;125609;0;0;0.00632204;0.00588204;0.00511421;0.00435446;0.003616;0.00292537;0.00196477;GALTEC,SDG,TTS,HDG,
K370;75366;0;0;0.00808204;0.00764204;0.00687204;0.00610204;0.00533308;0.00456995;0.00196477;GALTEC,SDG,TTS,HDG,
KM50;51606;0;0;0.00358278;0.0031571;0.00244632;0.00181556;0.00135924;0.00125336;0.00134575;GEBEITST,
KT70;8567;0;0;0.0039284;0.00351372;0.00283292;0.00227048;0.0019711;0.00196477;0.00240998;CAPL,BT2,
K450;49717;0;0;0.00424721;0.00382354;0.00311568;0.00249087;0.00205171;0.00196477;0.00209176;SG2,SDG,BT2,HDG,
T230;37296;0;0;0.00698204;0.00654204;0.00577204;0.00500497;0.00424721;0.00351372;0.00196477;GALTEC,SDG,TTS,HDG,
K820;51997;0;0;0.00196477;0.00197231;0.00217226;0.00364156;0.00817559;0.0177148;0.031934;GEBEITST,
K820;77408;0;0;0.00257191;0.00227048;0.0019711;0.00196477;0.00240998;0.00450773;0.0104179;GEBEITST,
KM30;25803;0;0;0.00207246;0.00173547;0.00131912;0.00125336;0.00141274;0.00270741;0.00685566;GEBEITST,
K210;27023;0;0;0.00249087;0.00220669;0.00196477;0.00197231;0.00257305;0.0050491;0.0116869;SG2,SDG,BT2,HDG,
K210;216185;0;0;0.00249087;0.00220669;0.00196477;0.00197231;0.00257305;0.0050491;0.0116869;SG2,SDG,BT2,HDG,
K210;91000;0;0;0.00249087;0.00220669;0.00196477;0.00197231;0.00257305;0.0050491;0.0116869;SG2,SDG,BT2,HDG,
K210;25383;0;0;0.00249087;0.00220669;0.00196477;0.00197231;0.00257305;0.0050491;0.0116869;SG2,SDG,BT2,HDG,
K370;49149;0;0;0.00249087;0.00220669;0.00196477;0.00197231;0.00257305;0.0050491;0.0116869;SG2,SDG,BT2,HDG,
K570;20642;0;0;0.00240998;0.00301436;0.00450773;0.0104179;0.0212855;0.0368895;0.057376;GEBEITST,
LT70;9392;0;0;0.0951337;0.10841;0.127512;0.16479;0.206968;0.254046;0.306024;SG3,SDG,TTS,HDG,
KT30;20642;0;0;0.00220669;0.0020148;0.00196477;0.00217226;0.00364156;0.00817559;0.0177148;GEBEITST,
KB30;12903;0;0;0.003616;0.00321322;0.00257191;0.00209667;0.00196477;0.00203321;0.00301436;GALTEC,SDG,BT2,HDG,
K130;27455;0;0;0.00265631;0.00233967;0.00198813;0.00196477;0.00227747;0.00404042;0.00923905;BAF_HNX,BAF,TTS,ELG,
K370;5807;0;0;0.00283292;0.00249087;0.00205171;0.00196477;0.00209176;0.00330309;0.00722707;SG2,SDG,BT2,HDG,
T230;42066;0;0;0.00639731;0.00923905;0.0145202;0.0273767;0.0450707;0.0676541;0.0951337;FULL HARD,TTS,
KM40;51400;0;0;0.00305336;0.00264317;0.00198446;0.00146236;0.00125336;0.00126695;0.00192906;ZWART,
KM40;51400;0;0;0.00305336;0.00264317;0.00198446;0.00146236;0.00125336;0.00126695;0.00192906;ZWART,
K130;50486;0;0;0.00283292;0.00249087;0.00205171;0.00196477;0.00209176;0.00330309;0.00722707;BAF_HNX,BAF,TTS,ELG,
T230;303067;0;0;0.00227048;0.00205171;0.00196477;0.00209176;0.00330309;0.00722707;0.0160717;BAF_HNX,BAF,TTS,
T230;370415;0;0;0.00227048;0.00205171;0.00196477;0.00209176;0.00330309;0.00722707;0.0160717;BAF_HNX,BAF,TTS,
K110;28762;0;0;0.00274359;0.00241314;0.0020148;0.00196477;0.00217226;0.00364156;0.00817559;CAPL,TTS,
K370;25136;0;0;0.00249087;0.00220669;0.00196477;0.00197231;0.00257305;0.0050491;0.0116869;SG2,SDG,BT2,HDG,
K370;25136;0;0;0.00424721;0.00382354;0.00311568;0.00249087;0.00205171;0.00196477;0.00209176;SG2,SDG,BT2,HDG,
LK60;20642;0;0;0.00126485;0.00125336;0.00134575;0.00240134;0.00597483;0.0155024;0.0319727;GEBEITST,
K110;28453;0;0;0.00220669;0.0020148;0.00196477;0.00217226;0.00364156;0.00817559;0.0177148;CAPL,TTS,
K110;28453;0;0;0.00220669;0.0020148;0.00196477;0.00217226;0.00364156;0.00817559;0.0177148;CAPL,TTS,
LK70;20642;0;0;0.00207246;0.00173547;0.00131912;0.00125336;0.00141274;0.00270741;0.00685566;SG3,SDG,BT2,HDG,
KT30;26035;0;0;0.0039284;0.00351372;0.00283292;0.00227048;0.0019711;0.00196477;0.00240998;CAPL,TTS,
LT70;20642;0;0;0.00205171;0.00196477;0.00197231;0.00257305;0.0050491;0.0116869;0.023217;SG3,SDG,BT2,HDG,
K820;41284;0;0;0.00597483;0.00903016;0.0155024;0.0319727;0.0519929;0.0768008;0.10649;GEBEITST,
K820;41284;0;0;0.00311568;0.00274359;0.00220669;0.00196477;0.00197231;0.00257305;0.0050491;GEBEITST,
KN70;24916;0;0;0.00764204;0.00720204;0.00643204;0.00566213;0.00489585;0.00414042;0.00196477;GALTEC,SDG,TTS,HDG,
K130;105062;0;0;0.00665204;0.00621204;0.00544262;0.00467823;0.0039284;0.00321322;0.00196477;BAF_HNX,BAF,BT2,
K130;52531;0;0;0.00808204;0.00764204;0.00687204;0.00610204;0.00533308;0.00456995;0.00196477;BAF_HNX,BAF,BT2,
K140;25803;0;0;0.00610204;0.00566213;0.00489585;0.00414042;0.00341243;0.00274359;0.00196477;GEBEITST,
K140;25803;0;0;0.00687204;0.00643204;0.00566213;0.00489585;0.00414042;0.00341243;0.00196477;GEBEITST,
K140;25803;0;0;0.00764204;0.00720204;0.00643204;0.00566213;0.00489585;0.00414042;0.00196477;GEBEITST,
K140;25803;0;0;0.00808204;0.00764204;0.00687204;0.00610204;0.00533308;0.00456995;0.00196477;GEBEITST,
K140;51606;0;0;0.00610204;0.00566213;0.00489585;0.00414042;0.00341243;0.00274359;0.00196477;GEBEITST,
K140;51606;0;0;0.00687204;0.00643204;0.00566213;0.00489585;0.00414042;0.00341243;0.00196477;GEBEITST,
K140;25803;0;0;0.00764204;0.00720204;0.00643204;0.00566213;0.00489585;0.00414042;0.00196477;GEBEITST,
KT20;23223;0;0;0.00687204;0.00643204;0.00566213;0.00489585;0.00414042;0.00341243;0.00196477;GEBEITST,
KT20;30963;0;0;0.00687204;0.00643204;0.00566213;0.00489585;0.00414042;0.00341243;0.00196477;GEBEITST,
K320;5222;0;0;0.00687204;0.00643204;0.00566213;0.00489585;0.00414042;0.00341243;0.00196477;GEBEITST,
K320;20642;0;0;0.00764204;0.00720204;0.00643204;0.00566213;0.00489585;0.00414042;0.00196477;GEBEITST,
K320;23739;0;0;0.00687204;0.00643204;0.00566213;0.00489585;0.00414042;0.00341243;0.00196477;GEBEITST,
K140;40252;0;0;0.00687204;0.00643204;0.00566213;0.00489585;0.00414042;0.00341243;0.00196477;GEBEITST,
K320;52274;0;0;0.00610204;0.00566213;0.00489585;0.00414042;0.00341243;0.00274359;0.00196477;GEBEITST,
K320;52274;0;0;0.00764204;0.00720204;0.00643204;0.00566213;0.00489585;0.00414042;0.00196477;GEBEITST,
K320;37156;0;0;0.00687204;0.00643204;0.00566213;0.00489585;0.00414042;0.00341243;0.00196477;GEBEITST,
KM20;22706;0;0;0.00610204;0.00566213;0.00489585;0.00414042;0.00341243;0.00274359;0.00196477;GEBEITST,
KM20;22706;0;0;0.00808204;0.00764204;0.00687204;0.00610204;0.00533308;0.00456995;0.00196477;GEBEITST,
K320;25803;0;0;0.00687204;0.00643204;0.00566213;0.00489585;0.00414042;0.00341243;0.00196477;GEBEITST,
K820;10524;0;0;0.00306541;0.00454663;0.00787307;0.0198783;0.0372283;0.0585848;0.0847841;GEBEITST,
K370;4253;0;0;0.00161271;0.00214354;0.00348114;0.00903016;0.0221784;0.0399881;0.0620299;SG2,SDG,BT2,HDG,
K370;22943;0;0;0.00126695;0.00141274;0.00192906;0.00454663;0.011855;0.0269928;0.0457948;SG2,SDG,BT2,HDG,
K370;20276;0;0;0.00161271;0.00214354;0.00348114;0.00903016;0.0221784;0.0399881;0.0620299;SG2,SDG,BT2,HDG,
K370;12848;0;0;0.00214354;0.00306541;0.00521529;0.0135676;0.0294557;0.0488444;0.0729584;GALTEC,SDG,TTS,HDG,
K320;36865;0;0;0.00610204;0.00566213;0.00489585;0.00414042;0.00341243;0.00274359;0.00196477;GEBEITST,
K320;25803;0;0;0.00764204;0.00720204;0.00643204;0.00566213;0.00489585;0.00414042;0.00196477;GEBEITST,
K320;21674;0;0;0.00764204;0.00720204;0.00643204;0.00566213;0.00489585;0.00414042;0.00196477;GEBEITST,
KM60;22706;0;0;0.00687204;0.00643204;0.00566213;0.00489585;0.00414042;0.00341243;0.00196477;GEBEITST,
K370;16772;0;0;0.00424721;0.00382354;0.00311568;0.00249087;0.00205171;0.00196477;0.00209176;SG2,SDG,BT2,HDG,
KM30;25803;0;0;0.00610204;0.00566213;0.00489585;0.00414042;0.00341243;0.00274359;0.00196477;GEBEITST,
KM30;25803;0;0;0.00808204;0.00764204;0.00687204;0.00610204;0.00533308;0.00456995;0.00196477;GEBEITST,
K350;103211;0;0;0.00292537;0.00257191;0.00209667;0.00196477;0.00203321;0.00301436;0.00639731;GEBEITST,
LK50;25803;0;0;0.00687204;0.00643204;0.00566213;0.00489585;0.00414042;0.00341243;0.00196477;GEBEITST,
LK50;25803;0;0;0.00764204;0.00720204;0.00643204;0.00566213;0.00489585;0.00414042;0.00196477;GEBEITST,
LK50;25803;0;0;0.00808204;0.00764204;0.00687204;0.00610204;0.00533308;0.00456995;0.00196477;GEBEITST,
KM40;35069;0;0;0.00257305;0.00330309;0.0050491;0.0116869;0.023217;0.0395169;0.0607021;GEBEITST,
KM40;41903;0;0;0.00610204;0.00566213;0.00489585;0.00414042;0.00341243;0.00274359;0.00196477;GEBEITST,
TB50;3070;0;0;0.046472;0.046032;0.045262;0.044492;0.043722;0.042952;0.020952;GALTEC,SDG,BT2,HDG,
K170;12663;0;0;0.00189863;0.00158981;0.00126485;0.00125336;0.00161271;0.00348114;0.00903016;BAF_H2,BAF,TTS,
K170;159969;0;0;0.00336833;0.00294935;0.00225602;0.00165867;0.00128646;0.00125336;0.00149828;BAF_H2,BAF,TTS,
T260;53742;0;0;0.00336833;0.00294935;0.00225602;0.00165867;0.00128646;0.00125336;0.00149828;BAF_HNX,BAF,TTS,
T260;53689;0;0;0.00336833;0.00294935;0.00225602;0.00165867;0.00128646;0.00125336;0.00149828;BAF_HNX,BAF,TTS,
T260;53794;0;0;0.00347564;0.00305336;0.00235005;0.00173547;0.00131912;0.00125336;0.00141274;BAF_HNX,BAF,TTS,
K170;160287;0;0;0.00326257;0.0028463;0.00216361;0.00158981;0.00126485;0.00125336;0.00161271;BAF_H2,BAF,TTS,
K170;106858;0;0;0.00336833;0.00294935;0.00225602;0.00165867;0.00128646;0.00125336;0.00149828;BAF_H2,BAF,TTS,
K170;106858;0;0;0.00390709;0.00347564;0.00274402;0.00207246;0.00152333;0.00125336;0.00125406;BAF_H2,BAF,TTS,
K170;82769;0;0;0.00336833;0.00294935;0.00225602;0.00165867;0.00128646;0.00125336;0.00149828;BAF_H2,BAF,TTS,
K170;106437;0;0;0.00423346;0.00379871;0.00305336;0.00235005;0.00173547;0.00131912;0.00125336;BAF_H2,BAF,TTS,
T260;26976;0;0;0.00189863;0.00158981;0.00126485;0.00125336;0.00161271;0.00348114;0.00903016;BAF_HNX,BAF,TTS,
T260;26715;0;0;0.0031571;0.00274402;0.00207246;0.00152333;0.00125336;0.00125406;0.00175477;BAF_HNX,BAF,TTS,
T260;26923;0;0;0.00390709;0.00347564;0.00274402;0.00207246;0.00152333;0.00125336;0.00125406;BAF_HNX,BAF,TTS,
T260;26818;0;0;0.00189863;0.00158981;0.00126485;0.00125336;0.00161271;0.00348114;0.00903016;BAF_HNX,BAF,TTS,
T260;26871;0;0;0.00396752;0.00597483;0.0103575;0.024556;0.0428424;0.0655725;0.0931671;BAF_HNX,BAF,TTS,
T260;53742;0;0;0.00189863;0.00158981;0.00126485;0.00125336;0.00161271;0.00348114;0.00903016;BAF_HNX,BAF,TTS,
K170;159969;0;0;0.00189863;0.00158981;0.00126485;0.00125336;0.00161271;0.00348114;0.00903016;BAF_H2,BAF,TTS,
K170;35288;0;0;0.00189863;0.00158981;0.00126485;0.00125336;0.00161271;0.00348114;0.00903016;BAF_H2,BAF,TTS,
K170;26610;0;0;0.00189863;0.00158981;0.00126485;0.00125336;0.00161271;0.00348114;0.00903016;BAF_H2,BAF,TTS,
T260;106855;0;0;0.00369067;0.00326257;0.00254425;0.00189863;0.00140803;0.00125336;0.00129525;BAF_HNX,BAF,TTS,
KT30;25803;0;0;0.00808204;0.00764204;0.00687204;0.00610204;0.00533308;0.00456995;0.00196477;GEBEITST,
T260;53794;0;0;0.00189863;0.00158981;0.00126485;0.00125336;0.00161271;0.00348114;0.00903016;BAF_HNX,BAF,TTS,
KM30;33028;0;0;0.00197231;0.00209176;0.00257305;0.0050491;0.0116869;0.023217;0.0395169;GEBEITST,
KM30;33028;0;0;0.00764204;0.00720204;0.00643204;0.00566213;0.00489585;0.00414042;0.00196477;GEBEITST,
K320;37156;0;0;0.00808204;0.00764204;0.00687204;0.00610204;0.00533308;0.00456995;0.00196477;GEBEITST,
T260;26818;0;0;0.00189863;0.00158981;0.00126485;0.00125336;0.00161271;0.00348114;0.00903016;BAF_HNX,BAF,TTS,
T260;26923;0;0;0.00326257;0.0028463;0.00216361;0.00158981;0.00126485;0.00125336;0.00161271;BAF_HNX,BAF,TTS,
K210;79746;0;0;0.00227048;0.00205171;0.00196477;0.00209176;0.00330309;0.00722707;0.0160717;BAF_HNX,BAF,BT2,
KM60;25803;0;0;0.00764204;0.00720204;0.00643204;0.00566213;0.00489585;0.00414042;0.00196477;GEBEITST,
T260;26740;0;0;0.00390709;0.00347564;0.00274402;0.00207246;0.00152333;0.00125336;0.00125406;BAF_HNX,BAF,TTS,
T260;26923;0;0;0.00189863;0.00158981;0.00126485;0.00125336;0.00161271;0.00348114;0.00903016;BAF_HNX,BAF,TTS,
KM80;34060;0;0;0.00687204;0.00643204;0.00566213;0.00489585;0.00414042;0.00341243;0.00196477;GEBEITST,
K320;27446;0;0;0.00687204;0.00643204;0.00566213;0.00489585;0.00414042;0.00341243;0.00196477;GEBEITST,
K320;35092;0;0;0.00808204;0.00764204;0.00687204;0.00610204;0.00533308;0.00456995;0.00196477;GEBEITST,
KK80;37853;0;0;0.00764204;0.00720204;0.00643204;0.00566213;0.00489585;0.00414042;0.00196477;GEBEITST,
KN40;81550;0;0;0.00423346;0.00379871;0.00305336;0.00235005;0.00173547;0.00131912;0.00125336;GALTEC,SDG,BT2,HDG,
KN40;101939;0;0;0.00797204;0.00753204;0.00676204;0.00599204;0.00522204;0.00445204;0.00125336;GALTEC,SDG,BT2,HDG,
L740;240243;0;0;0.0103575;0.0155024;0.024556;0.0428424;0.0655725;0.0931671;0.125653;CAPL,TTS,
L740;182065;0;0;0.00396752;0.00597483;0.0103575;0.024556;0.0428424;0.0655725;0.0931671;CAPL,TTS,
L740;260092;0;0;0.00396752;0.00597483;0.0103575;0.024556;0.0428424;0.0655725;0.0931671;CAPL,TTS,
KM80;31995;0;0;0.00764204;0.00720204;0.00643204;0.00566213;0.00489585;0.00414042;0.00196477;GEBEITST,
KM80;20642;0;0;0.0050491;0.00722707;0.0116869;0.023217;0.0395169;0.0607021;0.0867826;GEBEITST,
KM80;20642;0;0;0.00197231;0.00209176;0.00257305;0.0050491;0.0116869;0.023217;0.0395169;GEBEITST,
KM80;61927;0;0;0.00610204;0.00566213;0.00489585;0.00414042;0.00341243;0.00274359;0.00196477;GEBEITST,
KM80;20642;0;0;0.00764204;0.00720204;0.00643204;0.00566213;0.00489585;0.00414042;0.00196477;GEBEITST,
K370;8307;0;0;0.00787307;0.011855;0.0198783;0.0372283;0.0585848;0.0847841;0.115872;SG2,SDG,BT2,HDG,
T220;7383;0;0;0.00270741;0.00396752;0.00685566;0.0176129;0.0345568;0.0552404;0.0807423;BAF_HNX,BAF,BT2,
KM30;22706;1;0;0.00209667;0.0019711;0.00196477;0.00240998;0.00450773;0.0104179;0.0212855;GEBEITST,
L740;22968;0;0;0.00306541;0.00454663;0.00787307;0.0198783;0.0372283;0.0585848;0.0847841;CAPL,BT2,
K320;30963;0;0;0.00764204;0.00720204;0.00643204;0.00566213;0.00489585;0.00414042;0.00196477;GEBEITST,
K370;9167;0;0;0.00161271;0.00214354;0.00348114;0.00903016;0.0221784;0.0399881;0.0620299;SG2,SDG,BT2,HDG,
KM30;47577;0;0;0.00197231;0.00209176;0.00257305;0.0050491;0.0116869;0.023217;0.0395169;GEBEITST,
KM30;27867;0;0;0.00808204;0.00764204;0.00687204;0.00610204;0.00533308;0.00456995;0.00196477;GEBEITST,
K320;26214;0;0;0.0269928;0.0345568;0.0457948;0.0692164;0.0975085;0.130694;0.16878;BAF_H2,BAF,BT2,
KM80;51606;0;0;0.0028463;0.00244632;0.00181556;0.00135924;0.00125336;0.00134575;0.00240134;GEBEITST,
KM50;35757;0;0;0.00205171;0.00196477;0.00197231;0.00257305;0.0050491;0.0116869;0.023217;GEBEITST,
KM50;51606;0;0;0.00205171;0.00196477;0.00197231;0.00257305;0.0050491;0.0116869;0.023217;GEBEITST,
KM50;25803;0;0;0.00764204;0.00720204;0.00643204;0.00566213;0.00489585;0.00414042;0.00196477;GEBEITST,
KM50;25803;0;0;0.00808204;0.00764204;0.00687204;0.00610204;0.00533308;0.00456995;0.00196477;GEBEITST,
LT70;18773;0;0;0.00209176;0.00240998;0.00330309;0.00722707;0.0160717;0.0296055;0.0479972;SG3,SDG,BT2,HDG,
T230;146444;0;0;0.00301968;0.00265631;0.00214847;0.00196477;0.00199442;0.00277186;0.00567697;BAF_H2,BAF,TTS,
T260;26950;0;0;0.00189863;0.00158981;0.00126485;0.00125336;0.00161271;0.00348114;0.00903016;BAF_HNX,BAF,TTS,
KT20;9458;0;0;0.0020148;0.00196477;0.00199442;0.00277186;0.00567697;0.0130556;0.0252471;BAF_H2,BAF,TTS,
K320;51606;0;0;0.00403409;0.003616;0.00292537;0.00233967;0.00198813;0.00196477;0.00227747;GEBEITST,
K570;29849;0;0;0.00610204;0.00566213;0.00489585;0.00414042;0.00341243;0.00274359;0.00196477;GEBEITST,
K370;18563;0;0;0.00214847;0.00198813;0.00196477;0.00227747;0.00404042;0.00923905;0.0194514;GALTEC,SDG,TTS,HDG,
T210;21033;0;0;0.00277186;0.00364156;0.00567697;0.0130556;0.0252471;0.0422437;0.0641281;FULL HARD,BT2,
K110;18604;0;0;0.00450773;0.00639731;0.0104179;0.0212855;0.0368895;0.057376;0.082757;BAF_HNX,BAF,TTS,
KN50;31303;0;0;0.00209176;0.00240998;0.00330309;0.00722707;0.0160717;0.0296055;0.0479972;FULL HARD,TTS,
K370;41299;0;0;0.00306541;0.00454663;0.00787307;0.0198783;0.0372283;0.0585848;0.0847841;SG2,SDG,BT2,HDG,
K370;99229;0;0;0.003616;0.00321322;0.00257191;0.00209667;0.00196477;0.00203321;0.00301436;SG2,SDG,BT2,HDG,
K370;136937;0;0;0.00382354;0.00341243;0.00274359;0.00220669;0.00196477;0.00197231;0.00257305;SG2,SDG,BT2,HDG,
TB40;59481;0;0;0.00274359;0.00241314;0.0020148;0.00196477;0.00217226;0.00364156;0.00817559;CAPL,TTS,
KN10;25823;0;0;0.00196477;0.00199442;0.00227747;0.00404042;0.00923905;0.0194514;0.0343621;ZWART,
KB30;23212;0;0;0.00203321;0.00227747;0.00301436;0.00639731;0.0145202;0.0273767;0.0450707;ZWART,
K320;23706;0;0;0.00196477;0.00199442;0.00227747;0.00404042;0.00923905;0.0194514;0.0343621;ZWART,
K350;21855;0;0;0.00196477;0.00199442;0.00227747;0.00404042;0.00923905;0.0194514;0.0343621;ZWART,
K350;43711;0;0;0.00196477;0.00199442;0.00227747;0.00404042;0.00923905;0.0194514;0.0343621;ZWART,
K350;23778;0;0;0.00196477;0.00199442;0.00227747;0.00404042;0.00923905;0.0194514;0.0343621;ZWART,
K350;23778;0;0;0.00196477;0.00199442;0.00227747;0.00404042;0.00923905;0.0194514;0.0343621;ZWART,
K370;50241;0;0;0.0050491;0.00722707;0.0116869;0.023217;0.0395169;0.0607021;0.0867826;SG2,SDG,BT2,HDG,
K370;50444;0;0;0.00450773;0.00639731;0.0104179;0.0212855;0.0368895;0.057376;0.082757;SG2,SDG,BT2,HDG,
K370;37859;0;0;0.00203321;0.00227747;0.00301436;0.00639731;0.0145202;0.0273767;0.0450707;FULL HARD,TTS,
K370;23136;0;0;0.00227048;0.00205171;0.00196477;0.00209176;0.00330309;0.00722707;0.0160717;FULL HARD,TTS,
K370;9141;0;0;0.00301436;0.00404042;0.00639731;0.0145202;0.0273767;0.0450707;0.0676541;FULL HARD,TTS,
K370;13148;0;0;0.00424721;0.00382354;0.00311568;0.00249087;0.00205171;0.00196477;0.00209176;FULL HARD,TTS,
LT70;22752;0;0;0.00205171;0.00196477;0.00197231;0.00257305;0.0050491;0.0116869;0.023217;SG3,SDG,BT2,HDG,
K820;77408;0;0;0.00197231;0.00209176;0.00257305;0.0050491;0.0116869;0.023217;0.0395169;GEBEITST,
K130;21890;0;0;0.00249087;0.00220669;0.00196477;0.00197231;0.00257305;0.0050491;0.0116869;BAF_HNX,BAF,BT2,ELG,
KN40;52120;0;0;0.00305336;0.00264317;0.00198446;0.00146236;0.00125336;0.00126695;0.00192906;BAF_HNX,BAF,TTS,
K130;91323;0;0;0.00753204;0.00709204;0.00632204;0.00555204;0.00478204;0.00401561;0.00125336;BAF_HNX,BAF,TTS,
K130;208687;0;0;0.00687204;0.00643204;0.00566204;0.00489204;0.00412411;0.00336833;0.00125336;BAF_HNX,BAF,TTS,
KM50;25803;0;0;0.0028463;0.00244632;0.00181556;0.00135924;0.00125336;0.00134575;0.00240134;GEBEITST,
KM50;18578;0;0;0.00214354;0.00306541;0.00521529;0.0135676;0.0294557;0.0488444;0.0729584;GEBEITST,
K370;24207;0;0;0.00351372;0.00311568;0.00249087;0.00205171;0.00196477;0.00209176;0.00330309;SG2,SDG,BT2,HDG,
K820;20560;0;0;0.00265631;0.00233967;0.00198813;0.00196477;0.00227747;0.00404042;0.00923905;ZWART,
K820;20560;0;0;0.00265631;0.00233967;0.00198813;0.00196477;0.00227747;0.00404042;0.00923905;ZWART,
K820;20560;0;0;0.00265631;0.00233967;0.00198813;0.00196477;0.00227747;0.00404042;0.00923905;ZWART,
K350;94954;0;0;0.00643204;0.00599204;0.0052236;0.0044619;0.00371934;0.00301968;0.00196477;GEBEITST,
KN30;2481;0;0;0.00753204;0.00709204;0.00632204;0.0055524;0.004787;0.00403409;0.00196477;CAPL,TTS,
KB30;43176;0;0;0.00196477;0.00199442;0.00227747;0.00404042;0.00923905;0.0194514;0.0343621;ZWART,
K350;23644;0;0;0.00196477;0.00199442;0.00227747;0.00404042;0.00923905;0.0194514;0.0343621;ZWART,
KB30;66378;0;0;0.00196477;0.00199442;0.00227747;0.00404042;0.00923905;0.0194514;0.0343621;ZWART,
KB30;15934;0;0;0.00196477;0.00199442;0.00227747;0.00404042;0.00923905;0.0194514;0.0343621;ZWART,
T210;15184;0;0;0.00196477;0.00199442;0.00227747;0.00404042;0.00923905;0.0194514;0.0343621;ZWART,
T220;30840;0;0;0.00196477;0.00199442;0.00227747;0.00404042;0.00923905;0.0194514;0.0343621;ZWART,
T220;30840;0;0;0.00196477;0.00199442;0.00227747;0.00404042;0.00923905;0.0194514;0.0343621;ZWART,
T230;27108;0;0;0.00196477;0.00199442;0.00227747;0.00404042;0.00923905;0.0194514;0.0343621;ZWART,
K370;51642;0;0;0.00808204;0.00764204;0.00687204;0.00610204;0.00533204;0.00456204;0.00125336;SG2,SDG,BT2,HDG,
K370;103502;0;0;0.00797204;0.00753204;0.00676204;0.00599204;0.00522204;0.00445204;0.00125336;GALTEC,SDG,TTS,HDG,
K370;51598;0;0;0.00808204;0.00764204;0.00687204;0.00610204;0.00533204;0.00456204;0.00125336;GALTEC,SDG,TTS,HDG,
K370;51700;0;0;0.00808204;0.00764204;0.00687204;0.00610204;0.00533204;0.00456204;0.00125336;GALTEC,SDG,TTS,HDG,
KN40;87421;0;0;0.00196477;0.00199442;0.00227747;0.00404042;0.00923905;0.0194514;0.0343621;ZWART,
K370;51852;0;0;0.00808204;0.00764204;0.00687204;0.00610204;0.00533204;0.00456204;0.00125336;GALTEC,SDG,BT2,HDG,
K370;103082;0;0;0.00808204;0.00764204;0.00687204;0.00610204;0.00533204;0.00456204;0.00125336;SG2,SDG,BT2,HDG,
K350;38173;0;0;0.00277186;0.00364156;0.00567697;0.0130556;0.0252471;0.0422437;0.0641281;ZWART,
LK40;25803;0;0;0.00764204;0.00720204;0.00643204;0.00566213;0.00489585;0.00414042;0.00196477;GEBEITST,
KM30;20910;0;0;0.00270741;0.00396752;0.00685566;0.0176129;0.0345568;0.0552404;0.0807423;GEBEITST,
K370;25692;0;0;0.0039284;0.00351372;0.00283292;0.00227048;0.0019711;0.00196477;0.00240998;GALTEC,SDG,TTS,HDG,
K370;44263;0;0;0.00129525;0.00149828;0.00214354;0.00521529;0.0135676;0.0294557;0.0488444;GALTEC,SDG,TTS,HDG,
T230;18578;0;0;0.0269928;0.0345568;0.0457948;0.0692164;0.0975085;0.130694;0.16878;BAF_HNX,BAF,BT2,
K210;22956;0;0;0.00135924;0.00125336;0.00125406;0.00175477;0.00396752;0.0103575;0.024556;CAPL,BT2,
K210;16745;0;0;0.00306541;0.00454663;0.00787307;0.0198783;0.0372283;0.0585848;0.0847841;CAPL,BT2,
K210;33490;0;0;0.00135924;0.00125336;0.00125406;0.00175477;0.00396752;0.0103575;0.024556;CAPL,BT2,
L610;10434;0;0;0.00808204;0.00764204;0.00687204;0.00610204;0.00533204;0.00456204;0.00125336;CAPL,BT2,
K210;16745;0;0;0.00135924;0.00125336;0.00125406;0.00175477;0.00396752;0.0103575;0.024556;CAPL,BT2,
K210;37639;0;0;0.00135924;0.00125336;0.00125406;0.00175477;0.00396752;0.0103575;0.024556;CAPL,BT2,
K320;26188;0;0;0.00753204;0.00709204;0.00632204;0.0055524;0.004787;0.00403409;0.00196477;BAF_HNX,BAF,TTS,
KN30;105482;0;0;0.00698204;0.00654204;0.00577204;0.00500497;0.00424721;0.00351372;0.00196477;CAPL,TTS,
KN30;52741;0;0;0.00808204;0.00764204;0.00687204;0.00610204;0.00533308;0.00456995;0.00196477;CAPL,TTS,
KM50;25803;0;0;0.00240998;0.00301436;0.00450773;0.0104179;0.0212855;0.0368895;0.057376;GEBEITST,
K210;8640;0;0;0.00129525;0.00149828;0.00214354;0.00521529;0.0135676;0.0294557;0.0488444;CAPL,BT2,
K370;49072;0;0;0.00209667;0.0019711;0.00196477;0.00240998;0.00450773;0.0104179;0.0212855;SG2,SDG,BT2,HDG,
K370;24536;0;0;0.00424721;0.00382354;0.00311568;0.00249087;0.00205171;0.00196477;0.00209176;SG2,SDG,BT2,HDG,
K370;24536;0;0;0.00676204;0.00632204;0.0055524;0.004787;0.00403409;0.0033121;0.00196477;SG2,SDG,BT2,HDG,
K370;49072;0;0;0.00698204;0.00654204;0.00577204;0.00500497;0.00424721;0.00351372;0.00196477;SG2,SDG,BT2,HDG,
K370;49022;0;0;0.00720204;0.00676204;0.00599204;0.0052236;0.0044619;0.00371934;0.00196477;SG2,SDG,BT2,HDG,
K370;46831;0;0;0.00654204;0.00610204;0.00533308;0.00456995;0.00382354;0.00311568;0.00196477;SG2,SDG,BT2,HDG,
KT50;20642;0;0;0.00775204;0.00731204;0.00654204;0.00577204;0.00500497;0.00424721;0.00196477;GEBEITST,
K820;20642;0;0;0.00311568;0.00274359;0.00220669;0.00196477;0.00197231;0.00257305;0.0050491;GEBEITST,
K820;41284;0;0;0.00775204;0.00731204;0.00654204;0.00577204;0.00500497;0.00424721;0.00196477;GEBEITST,
K340;19572;0;0;0.00390709;0.00347564;0.00274402;0.00207246;0.00152333;0.00125336;0.00125406;SG2,SDG,BT2,HDG,
T210;16595;0;0;0.046802;0.046362;0.045592;0.044822;0.044052;0.043282;0.021282;SG2,SDG,BT2,HDG,
K370;20721;0;0;0.00347564;0.00305336;0.00235005;0.00173547;0.00131912;0.00125336;0.00141274;GALTEC,SDG,BT2,HDG,
K320;25700;0;0;0.0039284;0.00351372;0.00283292;0.00227048;0.0019711;0.00196477;0.00240998;ZWART,
KT50;20642;0;0;0.00775204;0.00731204;0.00654204;0.00577204;0.00500497;0.00424721;0.00196477;GEBEITST,
KM50;5907;0;0;0.00257305;0.00330309;0.0050491;0.0116869;0.023217;0.0395169;0.0607021;GEBEITST,
TB60;12955;0;0;0.00240998;0.00301436;0.00450773;0.0104179;0.0212855;0.0368895;0.057376;CAPL,TTS,
K370;25277;0;0;0.00205171;0.00196477;0.00197231;0.00257305;0.0050491;0.0116869;0.023217;GALTEC,SDG,BT2,HDG,
LT40;103934;0;0;0.00241314;0.00214847;0.00196477;0.00199442;0.00277186;0.00567697;0.0130556;SG3,SDG,TTS,HDG,
KT30;24771;0;0;0.00412411;0.00369067;0.00294935;0.00225602;0.00165867;0.00128646;0.00125336;GEBEITST,
K140;4334;0;0;0.0450707;0.0541498;0.0676541;0.0951337;0.127512;0.16479;0.206968;BAF_H2,BAF,BT2,
K140;41984;0;0;0.00311568;0.00274359;0.00220669;0.00196477;0.00197231;0.00257305;0.0050491;BAF_H2,BAF,BT2,
L810;113532;0;0;0.00214847;0.00198813;0.00196477;0.00227747;0.00404042;0.00923905;0.0194514;FULL HARD,TTS,
K140;83885;0;0;0.00351372;0.00311568;0.00249087;0.00205171;0.00196477;0.00209176;0.00330309;BAF_H2,BAF,BT2,
K320;26163;0;0;0.0294557;0.0372283;0.0488444;0.0729584;0.101949;0.135835;0.174621;BAF_HNX,BAF,BT2,
K320;41860;0;0;0.0176129;0.024556;0.0345568;0.0552404;0.0807423;0.111131;0.146417;BAF_HNX,BAF,BT2,
K210;10444;0;0;0.00632204;0.00588204;0.00511204;0.00434241;0.00358278;0.0028463;0.00125336;CAPL,BT2,
T230;12020;0;0;0.00175477;0.00240134;0.00396752;0.0103575;0.024556;0.0428424;0.0655725;BAF_HNX,BAF,TTS,ELG,
LT70;20721;0;0;0.00254425;0.00216361;0.00158981;0.00126485;0.00125336;0.00161271;0.00348114;SG3,SDG,TTS,HDG,
K370;19620;0;0;0.00621204;0.00577204;0.00500497;0.00424721;0.00351372;0.00283292;0.00196477;SG2,SDG,BT2,HDG,
KM50;8785;0;0;0.00199442;0.00217226;0.00277186;0.00567697;0.0130556;0.0252471;0.0422437;GEBEITST,
T210;12348;0;0;0.00731204;0.00687204;0.00610204;0.00533204;0.00456204;0.00379871;0.00125336;GALTEC,SDG,BT2,HDG,
K320;25803;0;0;0.00358278;0.0031571;0.00244632;0.00181556;0.00135924;0.00125336;0.00134575;GEBEITST,
K210;21160;0;0;0.00687204;0.00643204;0.00566213;0.00489585;0.00414042;0.00341243;0.00196477;CAPL,TTS,
K210;21160;0;0;0.00698204;0.00654204;0.00577204;0.00500497;0.00424721;0.00351372;0.00196477;CAPL,TTS,
K450;18003;0;0;0.00665204;0.00621204;0.00544262;0.00467823;0.0039284;0.00321322;0.00196477;GALTEC,SDG,BT2,HDG,
K110;99927;0;0;0.00283292;0.00249087;0.00205171;0.00196477;0.00209176;0.00330309;0.00722707;BAF_HNX,BAF,TTS,
KK50;10444;0;0;0.00412411;0.00369067;0.00294935;0.00225602;0.00165867;0.00128646;0.00125336;GEBEITST,
K820;154817;0;0;0.00197231;0.00209176;0.00257305;0.0050491;0.0116869;0.023217;0.0395169;GEBEITST,
K320;6261;0;0;0.521435;0.552411;0.595113;0.673691;0.757168;0.845546;0.938824;BAF_HNX,BAF,BT2,
KT70;20869;0;0;0.00390709;0.00347564;0.00274402;0.00207246;0.00152333;0.00125336;0.00125406;CAPL,TTS,
K370;17411;0;0;0.00175477;0.00240134;0.00396752;0.0103575;0.024556;0.0428424;0.0655725;SG2,SDG,BT2,HDG,
T230;21099;0;0;0.00379871;0.00336833;0.00264317;0.00198446;0.00146236;0.00125336;0.00126695;BAF_HNX,BAF,TTS,
T230;21099;0;0;0.00687204;0.00643204;0.00566204;0.00489204;0.00412411;0.00336833;0.00125336;BAF_HNX,BAF,TTS,
T230;21099;0;0;0.00808204;0.00764204;0.00687204;0.00610204;0.00533204;0.00456204;0.00125336;BAF_HNX,BAF,TTS,
LT70;10311;0;0;0.0847841;0.0975085;0.115872;0.151858;0.192743;0.238528;0.289213;SG3,SDG,BT2,HDG,
K820;34241;0;0;0.00196477;0.00203321;0.00240998;0.00450773;0.0104179;0.0212855;0.0368895;FULL HARD,BT2,
LT40;41491;0;0;0.00283292;0.00249087;0.00205171;0.00196477;0.00209176;0.00330309;0.00722707;SG3,SDG,TTS,HDG,
NB60;20333;0;0;0.00764204;0.00720204;0.00643204;0.00566204;0.00489204;0.00412411;0.00125336;SG3,SDG,TTS,HDG,
K370;50909;0;0;0.00808204;0.00764204;0.00687204;0.00610204;0.00533308;0.00456995;0.00196477;SG2,SDG,BT2,HDG,
K370;25454;0;0;0.00808204;0.00764204;0.00687204;0.00610204;0.00533308;0.00456995;0.00196477;SG2,SDG,BT2,HDG,
TB60;25043;0;0;0.00808204;0.00764204;0.00687204;0.00610204;0.00533308;0.00456995;0.00196477;CAPL,BT2,
K320;25803;0;0;0.00311568;0.00274359;0.00220669;0.00196477;0.00197231;0.00257305;0.0050491;GEBEITST,
K320;25803;0;0;0.00403409;0.003616;0.00292537;0.00233967;0.00198813;0.00196477;0.00227747;GEBEITST,
K320;25803;0;0;0.00199442;0.00217226;0.00277186;0.00567697;0.0130556;0.0252471;0.0422437;GEBEITST,
KM50;49045;0;0;0.00240998;0.00301436;0.00450773;0.0104179;0.0212855;0.0368895;0.057376;ZWART,
T230;22978;0;0;0.00197231;0.00209176;0.00257305;0.0050491;0.0116869;0.023217;0.0395169;FULL HARD,TTS,
KM30;25803;0;0;0.00358278;0.0031571;0.00244632;0.00181556;0.00135924;0.00125336;0.00134575;GEBEITST,
K820;51606;0;0;0.00227048;0.00205171;0.00196477;0.00209176;0.00330309;0.00722707;0.0160717;GEBEITST,
K820;51606;0;0;0.00257191;0.00227048;0.0019711;0.00196477;0.00240998;0.00450773;0.0104179;GEBEITST,
KN50;20869;0;0;0.00125406;0.00134575;0.00175477;0.00396752;0.0103575;0.024556;0.0428424;CAPL,BT2,
LK70;62298;0;0;0.00257191;0.00227048;0.0019711;0.00196477;0.00240998;0.00450773;0.0104179;SG3,SDG,TTS,HDG,
T250;81578;0;0;0.00165867;0.00140803;0.00125336;0.00129525;0.00214354;0.00521529;0.0135676;SG3,SDG,TTS,HDG,
T250;81578;0;0;0.00390709;0.00347564;0.00274402;0.00207246;0.00152333;0.00125336;0.00125406;SG3,SDG,TTS,HDG,
T250;81578;0;0;0.00764204;0.00720204;0.00643204;0.00566204;0.00489204;0.00412411;0.00125336;SG3,SDG,TTS,HDG,
K140;360740;0;0;0.00197231;0.00209176;0.00257305;0.0050491;0.0116869;0.023217;0.0395169;FULL HARD,TTS,
K370;51180;0;0;0.00808204;0.00764204;0.00687204;0.00610204;0.00533308;0.00456995;0.00196477;GALTEC,SDG,TTS,HDG,
LK10;35409;0;0;1.20118;1.24806;1.31196;1.42764;1.54822;1.67369;1.80407;GEBEITST,
KM50;51606;0;0;0.00358278;0.0031571;0.00244632;0.00181556;0.00135924;0.00125336;0.00134575;GEBEITST,
KT30;77408;0;0;0.00265631;0.00233967;0.00198813;0.00196477;0.00227747;0.00404042;0.00923905;GEBEITST,
K370;39942;0;0;0.00665204;0.00621204;0.00544262;0.00467823;0.0039284;0.00321322;0.00196477;SG2,SDG,BT2,HDG,
K210;9486;0;0;0.0198783;0.0269928;0.0372283;0.0585848;0.0847841;0.115872;0.151858;CAPL,BT2,
K140;25017;0;0;0.00196477;0.00203321;0.00240998;0.00450773;0.0104179;0.0212855;0.0368895;FULL HARD,BT2,
K140;168701;0;0;0.00197231;0.00209176;0.00257305;0.0050491;0.0116869;0.023217;0.0395169;FULL HARD,TTS,
T230;24117;0;0;0.00196477;0.00203321;0.00240998;0.00450773;0.0104179;0.0212855;0.0368895;FULL HARD,BT2,
K210;81307;0;0;0.00197231;0.00209176;0.00257305;0.0050491;0.0116869;0.023217;0.0395169;FULL HARD,TTS,
K140;84350;0;0;0.00197231;0.00209176;0.00257305;0.0050491;0.0116869;0.023217;0.0395169;FULL HARD,TTS,
KM50;20642;0;0;0.00207246;0.00173547;0.00131912;0.00125336;0.00141274;0.00270741;0.00685566;GEBEITST,
K210;16712;0;0;0.00396752;0.00597483;0.0103575;0.024556;0.0428424;0.0655725;0.0931671;CAPL,BT2,
K210;8390;0;0;0.00306541;0.00454663;0.00787307;0.0198783;0.0372283;0.0585848;0.0847841;CAPL,BT2,
K210;16778;0;0;0.00306541;0.00454663;0.00787307;0.0198783;0.0372283;0.0585848;0.0847841;CAPL,BT2,
K140;141000;0;0;0.00197231;0.00209176;0.00257305;0.0050491;0.0116869;0.023217;0.0395169;FULL HARD,TTS,
K140;112689;0;0;0.00197231;0.00209176;0.00257305;0.0050491;0.0116869;0.023217;0.0395169;FULL HARD,TTS,
K350;53862;0;0;0.00521529;0.00787307;0.0135676;0.0294557;0.0488444;0.0729584;0.101949;BAF_H2,BAF,BT2,
K210;20931;0;0;0.00306541;0.00454663;0.00787307;0.0198783;0.0372283;0.0585848;0.0847841;CAPL,BT2,
K210;73332;0;0;0.00306541;0.00454663;0.00787307;0.0198783;0.0372283;0.0585848;0.0847841;CAPL,BT2,
K210;41862;0;0;0.00126695;0.00141274;0.00192906;0.00454663;0.011855;0.0269928;0.0457948;CAPL,BT2,
K320;20642;0;0;0.00311568;0.00274359;0.00220669;0.00196477;0.00197231;0.00257305;0.0050491;GEBEITST,
K200;21934;0;0;0.00808204;0.00764204;0.00687204;0.00610204;0.00533308;0.00456995;0.00196477;CAPL,BT2,
K350;52222;0;0;0.00270741;0.00396752;0.00685566;0.0176129;0.0345568;0.0552404;0.0807423;BAF_H2,BAF,BT2,
K370;4606;0;0;0.00257305;0.00330309;0.0050491;0.0116869;0.023217;0.0395169;0.0607021;GALTEC,SDG,BT2,HDG,
K370;7570;0;0;0.0541498;0.0641281;0.0788313;0.10841;0.142889;0.182267;0.226545;SG2,SDG,BT2,HDG,
LK70;23712;0;0;0.00311568;0.00274359;0.00220669;0.00196477;0.00197231;0.00257305;0.0050491;SG3,SDG,TTS,HDG,
LK70;41532;0;0;0.00257191;0.00227048;0.0019711;0.00196477;0.00240998;0.00450773;0.0104179;SG3,SDG,TTS,HDG,
K210;52122;0;0;0.00786204;0.00742204;0.00665204;0.00588204;0.00511421;0.00435446;0.00196477;CAPL,BT2,
K210;52122;0;0;0.00764204;0.00720204;0.00643204;0.00566213;0.00489585;0.00414042;0.00196477;CAPL,BT2,
K210;20911;0;0;0.00306541;0.00454663;0.00787307;0.0198783;0.0372283;0.0585848;0.0847841;CAPL,BT2,
K320;44184;0;0;0.00257305;0.00330309;0.0050491;0.0116869;0.023217;0.0395169;0.0607021;BAF_HNX,BAF,BT2,
K320;11163;0;0;0.00199442;0.00217226;0.00277186;0.00567697;0.0130556;0.0252471;0.0422437;BAF_HNX,BAF,BT2,
KM30;21090;0;0;0.0039284;0.00351372;0.00283292;0.00227048;0.0019711;0.00196477;0.00240998;ZWART,
KM80;25803;0;0;0.00786204;0.00742204;0.00665204;0.00588204;0.00511204;0.00434241;0.00125336;GEBEITST,
KN30;51226;0;0;0.00240134;0.00348114;0.00597483;0.0155024;0.0319727;0.0519929;0.0768008;GALTEC,SDG,TTS,HDG,
KN30;84011;0;0;0.00126485;0.00125336;0.00134575;0.00240134;0.00597483;0.0155024;0.0319727;GALTEC,SDG,TTS,HDG,
KM60;5553;0;0;0.00257305;0.00330309;0.0050491;0.0116869;0.023217;0.0395169;0.0607021;GEBEITST,
KN50;18740;0;0;0.00292537;0.00257191;0.00209667;0.00196477;0.00203321;0.00301436;0.00639731;BAF_HNX,BAF,BT2,
KM50;25803;0;0;0.00197231;0.00209176;0.00257305;0.0050491;0.0116869;0.023217;0.0395169;GEBEITST,
K140;1449;0;0;0.00199442;0.00217226;0.00277186;0.00567697;0.0130556;0.0252471;0.0422437;BAF_H2,BAF,BT2,
K210;26035;0;0;0.00764204;0.00720204;0.00643204;0.00566213;0.00489585;0.00414042;0.00196477;CAPL,TTS,
K210;26035;0;0;0.00808204;0.00764204;0.00687204;0.00610204;0.00533308;0.00456995;0.00196477;CAPL,TTS,
K140;108409;0;0;0.00197231;0.00209176;0.00257305;0.0050491;0.0116869;0.023217;0.0395169;FULL HARD,TTS,
T210;11462;0;0;0.00240998;0.00301436;0.00450773;0.0104179;0.0212855;0.0368895;0.057376;ZWART,
T210;25700;0;0;0.00240998;0.00301436;0.00450773;0.0104179;0.0212855;0.0368895;0.057376;ZWART,
K210;27464;0;0;0.00775204;0.00731204;0.00654204;0.00577204;0.00500497;0.00424721;0.00196477;CAPL,BT2,
K210;26087;0;0;0.00808204;0.00764204;0.00687204;0.00610204;0.00533308;0.00456995;0.00196477;CAPL,BT2,
K210;27982;0;0;0.00351372;0.00311568;0.00249087;0.00205171;0.00196477;0.00209176;0.00330309;CAPL,TTS,
K210;52122;0;0;0.00764204;0.00720204;0.00643204;0.00566213;0.00489585;0.00414042;0.00196477;CAPL,TTS,
K210;52122;0;0;0.00808204;0.00764204;0.00687204;0.00610204;0.00533308;0.00456995;0.00196477;CAPL,TTS,
K210;26035;0;0;0.00753204;0.00709204;0.00632204;0.0055524;0.004787;0.00403409;0.00196477;CAPL,TTS,
K210;26035;0;0;0.00808204;0.00764204;0.00687204;0.00610204;0.00533308;0.00456995;0.00196477;CAPL,TTS,
K210;55135;0;0;0.00753204;0.00709204;0.00632204;0.0055524;0.004787;0.00403409;0.00196477;CAPL,TTS,
K210;104141;0;0;0.00808204;0.00764204;0.00687204;0.00610204;0.00533308;0.00456995;0.00196477;CAPL,TTS,
K210;52173;0;0;0.00808204;0.00764204;0.00687204;0.00610204;0.00533308;0.00456995;0.00196477;CAPL,BT2,
K140;61395;0;0;0.00301436;0.00404042;0.00639731;0.0145202;0.0273767;0.0450707;0.0676541;FULL HARD,TTS,
K140;28117;0;0;0.00197231;0.00209176;0.00257305;0.0050491;0.0116869;0.023217;0.0395169;FULL HARD,TTS,
K570;102800;0;0;0.00292537;0.00257191;0.00209667;0.00196477;0.00203321;0.00301436;0.00639731;ZWART,
K570;102800;0;0;0.00414042;0.00371934;0.00301968;0.00241314;0.0020148;0.00196477;0.00217226;ZWART,
K320;51606;0;0;0.00199442;0.00217226;0.00277186;0.00567697;0.0130556;0.0252471;0.0422437;GEBEITST,
K320;10330;0;0;0.00567697;0.00817559;0.0130556;0.0252471;0.0422437;0.0641281;0.0909081;BAF_HNX,BAF,BT2,ELG,
K210;52174;0;0;0.00797204;0.00753204;0.00676204;0.00599204;0.0052236;0.0044619;0.00196477;CAPL,BT2,
K370;99229;0;0;0.00371934;0.0033121;0.00265631;0.00214847;0.00196477;0.00199442;0.00277186;SG2,SDG,BT2,HDG,
K370;99229;0;0;0.00643204;0.00599204;0.0052236;0.0044619;0.00371934;0.00301968;0.00196477;SG2,SDG,BT2,HDG,
K370;21977;0;0;0.00134575;0.00161271;0.00240134;0.00597483;0.0155024;0.0319727;0.0519929;FULL HARD,BT2,
K370;19981;0;0;0.00134575;0.00161271;0.00240134;0.00597483;0.0155024;0.0319727;0.0519929;FULL HARD,BT2,
K140;78642;0;0;0.00720204;0.00676204;0.00599204;0.0052236;0.0044619;0.00371934;0.00196477;BAF_H2,BAF,BT2,
K140;78642;0;0;0.00808204;0.00764204;0.00687204;0.00610204;0.00533308;0.00456995;0.00196477;BAF_H2,BAF,BT2,
K140;104650;0;0;0.00731204;0.00687204;0.00610204;0.00533308;0.00456995;0.00382354;0.00196477;BAF_H2,BAF,BT2,
K140;104650;0;0;0.00808204;0.00764204;0.00687204;0.00610204;0.00533308;0.00456995;0.00196477;BAF_H2,BAF,BT2,
T210;25116;0;0;0.00257305;0.00330309;0.0050491;0.0116869;0.023217;0.0395169;0.0607021;FULL HARD,BT2,
K210;151892;0;0;0.00277186;0.00364156;0.00567697;0.0130556;0.0252471;0.0422437;0.0641281;FULL HARD,TTS,
K370;50818;0;0;0.0020148;0.00196477;0.00199442;0.00277186;0.00567697;0.0130556;0.0252471;SG3,SDG,TTS,HDG,
K210;95045;0;0;0.00277186;0.00364156;0.00567697;0.0130556;0.0252471;0.0422437;0.0641281;FULL HARD,TTS,
K370;102878;0;0;0.00808204;0.00764204;0.00687204;0.00610204;0.00533204;0.00456204;0.00125336;SG2,SDG,TTS,HDG,
K370;51439;0;0;0.00808204;0.00764204;0.00687204;0.00610204;0.00533204;0.00456204;0.00125336;SG2,SDG,TTS,HDG,
K370;102776;0;0;0.00698204;0.00654204;0.00577204;0.00500204;0.00423346;0.00347564;0.00125336;GALTEC,SDG,TTS,HDG,
K370;51389;0;0;0.00808204;0.00764204;0.00687204;0.00610204;0.00533204;0.00456204;0.00125336;GALTEC,SDG,TTS,HDG,
KM50;25803;0;0;0.003616;0.00321322;0.00257191;0.00209667;0.00196477;0.00203321;0.00301436;GEBEITST,
KT20;25803;0;0;0.00311568;0.00274359;0.00220669;0.00196477;0.00197231;0.00257305;0.0050491;GEBEITST,
KT30;25803;0;0;0.00311568;0.00274359;0.00220669;0.00196477;0.00197231;0.00257305;0.0050491;GEBEITST,
K380;25803;0;0;0.00414042;0.00371934;0.00301968;0.00241314;0.0020148;0.00196477;0.00217226;GEBEITST,
KM50;25803;0;0;0.003616;0.00321322;0.00257191;0.00209667;0.00196477;0.00203321;0.00301436;GEBEITST,
K380;25803;0;0;0.00414042;0.00371934;0.00301968;0.00241314;0.0020148;0.00196477;0.00217226;GEBEITST,
KM40;25803;0;0;0.003616;0.00321322;0.00257191;0.00209667;0.00196477;0.00203321;0.00301436;GEBEITST,
K320;22706;0;0;0.003616;0.00321322;0.00257191;0.00209667;0.00196477;0.00203321;0.00301436;GEBEITST,
K320;51606;0;0;0.00414042;0.00371934;0.00301968;0.00241314;0.0020148;0.00196477;0.00217226;GEBEITST,
KT30;20910;0;0;0.00203321;0.00227747;0.00301436;0.00639731;0.0145202;0.0273767;0.0450707;BAF_H2,BAF,TTS,
K140;28172;0;0;0.00197231;0.00209176;0.00257305;0.0050491;0.0116869;0.023217;0.0395169;FULL HARD,TTS,
K210;27102;0;0;0.00197231;0.00209176;0.00257305;0.0050491;0.0116869;0.023217;0.0395169;FULL HARD,TTS,
T230;94093;0;0;0.00197231;0.00209176;0.00257305;0.0050491;0.0116869;0.023217;0.0395169;FULL HARD,TTS,
KN30;22955;0;0;0.00197231;0.00209176;0.00257305;0.0050491;0.0116869;0.023217;0.0395169;FULL HARD,TTS,
KB30;47477;0;0;0.00414042;0.00371934;0.00301968;0.00241314;0.0020148;0.00196477;0.00217226;GEBEITST,
K140;71996;0;0;0.00196477;0.00203321;0.00240998;0.00450773;0.0104179;0.0212855;0.0368895;FULL HARD,BT2,
K210;109451;0;0;0.00197231;0.00209176;0.00257305;0.0050491;0.0116869;0.023217;0.0395169;FULL HARD,TTS,
T230;113244;0;0;0.00196477;0.00203321;0.00240998;0.00450773;0.0104179;0.0212855;0.0368895;FULL HARD,BT2,
K370;51642;0;0;0.00709204;0.00665204;0.00588204;0.00511204;0.00434241;0.00358278;0.00125336;SG2,SDG,BT2,HDG,
K370;51490;0;0;0.00599204;0.00555204;0.00478204;0.00401561;0.00326257;0.00254425;0.00125336;SG2,SDG,BT2,HDG,
K140;23999;0;0;0.00196477;0.00203321;0.00240998;0.00450773;0.0104179;0.0212855;0.0368895;FULL HARD,BT2,
K210;104342;0;0;0.00196477;0.00203321;0.00240998;0.00450773;0.0104179;0.0212855;0.0368895;FULL HARD,BT2,
K130;26086;0;0;0.00390709;0.00347564;0.00274402;0.00207246;0.00152333;0.00125336;0.00125406;BAF_HNX,BAF,TTS,
KT20;52120;0;0;0.00326257;0.0028463;0.00216361;0.00158981;0.00126485;0.00125336;0.00161271;BAF_H2,BAF,TTS,
KT20;52120;0;0;0.00632204;0.00588204;0.00511204;0.00434241;0.00358278;0.0028463;0.00125336;BAF_H2,BAF,TTS,
KT20;52068;0;0;0.00326257;0.0028463;0.00216361;0.00158981;0.00126485;0.00125336;0.00161271;BAF_H2,BAF,TTS,
KT20;20848;0;0;0.00390709;0.00347564;0.00274402;0.00207246;0.00152333;0.00125336;0.00125406;BAF_H2,BAF,TTS,
KN30;26086;0;0;0.00423346;0.00379871;0.00305336;0.00235005;0.00173547;0.00131912;0.00125336;BAF_HNX,BAF,BT2,
KN30;52171;0;0;0.00808204;0.00764204;0.00687204;0.00610204;0.00533204;0.00456204;0.00125336;BAF_HNX,BAF,BT2,
K450;20951;0;0;0.00198813;0.00196477;0.00203321;0.00301436;0.00639731;0.0145202;0.0273767;FULL HARD,TTS,
K370;52377;0;0;0.00199442;0.00217226;0.00277186;0.00567697;0.0130556;0.0252471;0.0422437;FULL HARD,BT2,
KN30;84049;0;0;0.00301436;0.00404042;0.00639731;0.0145202;0.0273767;0.0450707;0.0676541;FULL HARD,TTS,
T230;16216;0;0;0.00227048;0.00205171;0.00196477;0.00209176;0.00330309;0.00722707;0.0160717;BAF_HNX,BAF,TTS,
K370;25116;0;0;0.00301436;0.00404042;0.00639731;0.0145202;0.0273767;0.0450707;0.0676541;FULL HARD,TTS,
K140;57275;0;0;0.00197231;0.00209176;0.00257305;0.0050491;0.0116869;0.023217;0.0395169;FULL HARD,TTS,
K140;25067;0;0;0.00196477;0.00203321;0.00240998;0.00450773;0.0104179;0.0212855;0.0368895;FULL HARD,BT2,
K140;168868;0;0;0.00197231;0.00209176;0.00257305;0.0050491;0.0116869;0.023217;0.0395169;FULL HARD,TTS,
K210;62482;0;0;0.00197231;0.00209176;0.00257305;0.0050491;0.0116869;0.023217;0.0395169;FULL HARD,TTS,
K210;108302;0;0;0.00197231;0.00209176;0.00257305;0.0050491;0.0116869;0.023217;0.0395169;FULL HARD,TTS,
K210;26111;0;0;0.00196477;0.00203321;0.00240998;0.00450773;0.0104179;0.0212855;0.0368895;FULL HARD,BT2,
T230;18369;0;0;0.00227048;0.00205171;0.00196477;0.00209176;0.00330309;0.00722707;0.0160717;BAF_HNX,BAF,TTS,
T210;52325;0;0;0.00277186;0.00364156;0.00567697;0.0130556;0.0252471;0.0422437;0.0641281;FULL HARD,BT2,
K140;26086;0;0;0.00197231;0.00209176;0.00257305;0.0050491;0.0116869;0.023217;0.0395169;FULL HARD,TTS,
K140;25067;0;0;0.00196477;0.00203321;0.00240998;0.00450773;0.0104179;0.0212855;0.0368895;FULL HARD,BT2,
K210;18764;0;0;0.00396752;0.00597483;0.0103575;0.024556;0.0428424;0.0655725;0.0931671;CAPL,TTS,
K370;20889;0;0;0.00301436;0.00404042;0.00639731;0.0145202;0.0273767;0.0450707;0.0676541;FULL HARD,TTS,
K210;18801;0;0;0.00396752;0.00597483;0.0103575;0.024556;0.0428424;0.0655725;0.0931671;CAPL,TTS,
KT10;22933;0;0;0.00424721;0.00382354;0.00311568;0.00249087;0.00205171;0.00196477;0.00209176;BAF_H2,BAF,BT2,
KT10;22933;0;0;0.00720204;0.00676204;0.00599204;0.0052236;0.0044619;0.00371934;0.00196477;BAF_H2,BAF,BT2,
KM40;25803;0;0;0.00311568;0.00274359;0.00220669;0.00196477;0.00197231;0.00257305;0.0050491;GEBEITST,
K130;26214;0;0;0.00198446;0.00165867;0.00128646;0.00125336;0.00149828;0.00306541;0.00787307;BAF_HNX,BAF,TTS,
K130;20992;0;0;0.00241314;0.00214847;0.00196477;0.00199442;0.00277186;0.00567697;0.0130556;BAF_HNX,BAF,TTS,
KN30;51700;0;0;0.00382354;0.00341243;0.00274359;0.00220669;0.00196477;0.00197231;0.00257305;GALTEC,SDG,TTS,HDG,
KM50;49541;0;0;0.00632204;0.00588204;0.00511421;0.00435446;0.003616;0.00292537;0.00196477;GEBEITST,
K370;51332;0;0;0.00808204;0.00764204;0.00687204;0.00610204;0.00533308;0.00456995;0.00196477;SG2,SDG,BT2,HDG,
K370;51332;0;0;0.00808204;0.00764204;0.00687204;0.00610204;0.00533308;0.00456995;0.00196477;SG2,SDG,BT2,HDG,
K370;51332;0;0;0.00808204;0.00764204;0.00687204;0.00610204;0.00533308;0.00456995;0.00196477;SG2,SDG,BT2,HDG,
K370;51542;0;0;0.00643204;0.00599204;0.0052236;0.0044619;0.00371934;0.00301968;0.00196477;GALTEC,SDG,BT2,HDG,
KM50;33441;0;0;0.00610204;0.00566213;0.00489585;0.00414042;0.00341243;0.00274359;0.00196477;GEBEITST,
KM50;33441;0;0;0.00808204;0.00764204;0.00687204;0.00610204;0.00533308;0.00456995;0.00196477;GEBEITST,
K370;41758;0;0;0.00599204;0.0055524;0.004787;0.00403409;0.0033121;0.00265631;0.00196477;SG2,SDG,BT2,HDG,
K320;24771;0;0;0.00265631;0.00233967;0.00198813;0.00196477;0.00227747;0.00404042;0.00923905;GEBEITST,
K370;25121;0;0;0.00321322;0.00283292;0.00227048;0.0019711;0.00196477;0.00240998;0.00450773;GALTEC,SDG,TTS,HDG,
K370;25435;0;0;0.00321322;0.00283292;0.00227048;0.0019711;0.00196477;0.00240998;0.00450773;GALTEC,SDG,TTS,HDG,
KK80;21424;0;0;0.00588204;0.00544204;0.00467204;0.00390709;0.0031571;0.00244632;0.00125336;GEBEITST,
K320;52068;0;0;0.0033121;0.00292537;0.00233967;0.00198813;0.00196477;0.00227747;0.00404042;BAF_HNX,BAF,TTS,
K320;20910;0;0;0.00241314;0.00214847;0.00196477;0.00199442;0.00277186;0.00567697;0.0130556;BAF_HNX,BAF,TTS,
K320;20910;0;0;0.00274359;0.00241314;0.0020148;0.00196477;0.00217226;0.00364156;0.00817559;BAF_HNX,BAF,TTS,
KN30;24572;0;0;0.00396752;0.00597483;0.0103575;0.024556;0.0428424;0.0655725;0.0931671;SG3,SDG,TTS,HDG,
TB80;23821;0;0;0.011855;0.0176129;0.0269928;0.0457948;0.0692164;0.0975085;0.130694;SG3,SDG,TTS,HDG,
K450;19834;0;0;0.00403409;0.003616;0.00292537;0.00233967;0.00198813;0.00196477;0.00227747;SG2,SDG,BT2,HDG,
K450;20286;0;0;0.00382354;0.00341243;0.00274359;0.00220669;0.00196477;0.00197231;0.00257305;GALTEC,SDG,BT2,HDG,
K450;20100;0;0;0.00403409;0.003616;0.00292537;0.00233967;0.00198813;0.00196477;0.00227747;SG2,SDG,BT2,HDG,
LT70;10393;0;0;0.00396752;0.00597483;0.0103575;0.024556;0.0428424;0.0655725;0.0931671;SG3,SDG,BT2,HDG,
K110;26500;0;0;0.00521529;0.00787307;0.0135676;0.0294557;0.0488444;0.0729584;0.101949;CAPL,BT2,
LK70;13337;0;0;0.00126695;0.00141274;0.00192906;0.00454663;0.011855;0.0269928;0.0457948;SG3,SDG,TTS,HDG,
K110;12471;0;0;0.00146236;0.00128646;0.00125336;0.00149828;0.00306541;0.00787307;0.0198783;CAPL,TTS,ELG,
K110;15557;0;0;0.00146236;0.00128646;0.00125336;0.00149828;0.00306541;0.00787307;0.0198783;CAPL,TTS,ELG,
T230;16547;0;0;0.00165867;0.00140803;0.00125336;0.00129525;0.00214354;0.00521529;0.0135676;GALTEC,SDG,TTS,HDG,
K370;51696;0;0;0.00424721;0.00382354;0.00311568;0.00249087;0.00205171;0.00196477;0.00209176;SG2,SDG,BT2,HDG,
K370;51696;0;0;0.00742204;0.00698204;0.00621204;0.00544262;0.00467823;0.0039284;0.00196477;SG2,SDG,BT2,HDG,
K370;51696;0;0;0.00808204;0.00764204;0.00687204;0.00610204;0.00533308;0.00456995;0.00196477;SG2,SDG,BT2,HDG,
T230;27533;0;0;0.00175477;0.00240134;0.00396752;0.0103575;0.024556;0.0428424;0.0655725;SG3,SDG,TTS,HDG,
T230;90645;0;0;0.00270741;0.00396752;0.00685566;0.0176129;0.0345568;0.0552404;0.0807423;SG3,SDG,TTS,HDG,
T230;90491;0;0;0.00175477;0.00240134;0.00396752;0.0103575;0.024556;0.0428424;0.0655725;SG3,SDG,TTS,HDG,
L630;36971;0;0;0.00292537;0.00257191;0.00209667;0.00196477;0.00203321;0.00301436;0.00639731;SG3,SDG,TTS,HDG,
L630;91257;0;0;0.00742204;0.00698204;0.00621204;0.00544262;0.00467823;0.0039284;0.00196477;SG3,SDG,TTS,HDG,
TB60;14955;0;0;0.00424721;0.00382354;0.00311568;0.00249087;0.00205171;0.00196477;0.00209176;CAPL,BT2,
TB60;14955;0;0;0.00665204;0.00621204;0.00544262;0.00467823;0.0039284;0.00321322;0.00196477;CAPL,BT2,
T230;10600;0;0;0.0019711;0.00196477;0.00209176;0.00330309;0.00722707;0.0160717;0.0296055;GALTEC,SDG,BT2,HDG,
T230;21199;0;0;0.00424721;0.00382354;0.00311568;0.00249087;0.00205171;0.00196477;0.00209176;GALTEC,SDG,BT2,HDG,
T230;21199;0;0;0.00731204;0.00687204;0.00610204;0.00533308;0.00456995;0.00382354;0.00196477;GALTEC,SDG,BT2,HDG,
T230;46090;0;0;0.00321322;0.00283292;0.00227048;0.0019711;0.00196477;0.00240998;0.00450773;SG3,SDG,TTS,HDG,
T230;46090;0;0;0.0039284;0.00351372;0.00283292;0.00227048;0.0019711;0.00196477;0.00240998;SG3,SDG,TTS,HDG,
T230;46090;0;0;0.00424721;0.00382354;0.00311568;0.00249087;0.00205171;0.00196477;0.00209176;SG3,SDG,TTS,HDG,
T230;46090;0;0;0.00621204;0.00577204;0.00500497;0.00424721;0.00351372;0.00283292;0.00196477;SG3,SDG,TTS,HDG,
T230;46090;0;0;0.00698204;0.00654204;0.00577204;0.00500497;0.00424721;0.00351372;0.00196477;SG3,SDG,TTS,HDG,
T230;46090;0;0;0.00764204;0.00720204;0.00643204;0.00566213;0.00489585;0.00414042;0.00196477;SG3,SDG,TTS,HDG,
T230;46090;0;0;0.00808204;0.00764204;0.00687204;0.00610204;0.00533308;0.00456995;0.00196477;SG3,SDG,TTS,HDG,
T230;23046;0;0;0.00808204;0.00764204;0.00687204;0.00610204;0.00533308;0.00456995;0.00196477;SG3,SDG,TTS,HDG,
L760;22108;0;0;0.00321322;0.00283292;0.00227048;0.0019711;0.00196477;0.00240998;0.00450773;CAPL,TTS,
L760;22108;0;0;0.00621204;0.00577204;0.00500497;0.00424721;0.00351372;0.00283292;0.00196477;CAPL,TTS,
L760;22108;0;0;0.00764204;0.00720204;0.00643204;0.00566213;0.00489585;0.00414042;0.00196477;CAPL,TTS,
K320;22214;0;0;0.00414042;0.00371934;0.00301968;0.00241314;0.0020148;0.00196477;0.00217226;GEBEITST,
K320;22214;0;0;0.00599204;0.0055524;0.004787;0.00403409;0.0033121;0.00265631;0.00196477;GEBEITST,
KM40;25387;0;0;0.00301968;0.00265631;0.00214847;0.00196477;0.00199442;0.00277186;0.00567697;GEBEITST,
KM40;25387;0;0;0.00808204;0.00764204;0.00687204;0.00610204;0.00533308;0.00456995;0.00196477;GEBEITST,
T230;15021;0;0;0.00450773;0.00639731;0.0104179;0.0212855;0.0368895;0.057376;0.082757;GALTEC,SDG,BT2,HDG,
T230;29825;0;0;0.00209667;0.0019711;0.00196477;0.00240998;0.00450773;0.0104179;0.0212855;GALTEC,SDG,BT2,HDG,
T230;29825;0;0;0.00257191;0.00227048;0.0019711;0.00196477;0.00240998;0.00450773;0.0104179;GALTEC,SDG,BT2,HDG,
T230;14912;0;0;0.0039284;0.00351372;0.00283292;0.00227048;0.0019711;0.00196477;0.00240998;GALTEC,SDG,BT2,HDG,
T230;29825;0;0;0.00424721;0.00382354;0.00311568;0.00249087;0.00205171;0.00196477;0.00209176;GALTEC,SDG,BT2,HDG,
T230;29825;0;0;0.00621204;0.00577204;0.00500497;0.00424721;0.00351372;0.00283292;0.00196477;GALTEC,SDG,BT2,HDG,
T230;14912;0;0;0.00698204;0.00654204;0.00577204;0.00500497;0.00424721;0.00351372;0.00196477;GALTEC,SDG,BT2,HDG,
T230;14912;0;0;0.00775204;0.00731204;0.00654204;0.00577204;0.00500497;0.00424721;0.00196477;GALTEC,SDG,BT2,HDG,
T230;14912;0;0;0.00808204;0.00764204;0.00687204;0.00610204;0.00533308;0.00456995;0.00196477;GALTEC,SDG,BT2,HDG,
L630;33644;0;0;0.00371934;0.0033121;0.00265631;0.00214847;0.00196477;0.00199442;0.00277186;SG3,SDG,BT2,HDG,
L630;39606;0;0;0.00424721;0.00382354;0.00311568;0.00249087;0.00205171;0.00196477;0.00209176;SG3,SDG,BT2,HDG,
L630;39606;0;0;0.00599204;0.0055524;0.004787;0.00403409;0.0033121;0.00265631;0.00196477;SG3,SDG,BT2,HDG,
L630;59408;0;0;0.00676204;0.00632204;0.0055524;0.004787;0.00403409;0.0033121;0.00196477;SG3,SDG,BT2,HDG,
L630;59408;0;0;0.00808204;0.00764204;0.00687204;0.00610204;0.00533308;0.00456995;0.00196477;SG3,SDG,BT2,HDG,
L630;59408;0;0;0.00808204;0.00764204;0.00687204;0.00610204;0.00533308;0.00456995;0.00196477;SG3,SDG,BT2,HDG,
K320;79336;0;0;0.00414042;0.00371934;0.00301968;0.00241314;0.0020148;0.00196477;0.00217226;GEBEITST,
K320;52891;0;0;0.00808204;0.00764204;0.00687204;0.00610204;0.00533308;0.00456995;0.00196477;GEBEITST,
K320;26445;0;0;0.00808204;0.00764204;0.00687204;0.00610204;0.00533308;0.00456995;0.00196477;GEBEITST,
K320;19337;0;0;0.00698204;0.00654204;0.00577204;0.00500497;0.00424721;0.00351372;0.00196477;GEBEITST,
K320;19337;0;0;0.00808204;0.00764204;0.00687204;0.00610204;0.00533308;0.00456995;0.00196477;GEBEITST,
K320;19337;0;0;0.00808204;0.00764204;0.00687204;0.00610204;0.00533308;0.00456995;0.00196477;GEBEITST,
K320;19337;0;0;0.00808204;0.00764204;0.00687204;0.00610204;0.00533308;0.00456995;0.00196477;GEBEITST,
K320;25387;0;0;0.00599204;0.0055524;0.004787;0.00403409;0.0033121;0.00265631;0.00196477;GEBEITST,
K320;76162;0;0;0.00753204;0.00709204;0.00632204;0.0055524;0.004787;0.00403409;0.00196477;GEBEITST,
K320;100492;0;0;0.00808204;0.00764204;0.00687204;0.00610204;0.00533308;0.00456995;0.00196477;GEBEITST,
K320;100492;0;0;0.00808204;0.00764204;0.00687204;0.00610204;0.00533308;0.00456995;0.00196477;GEBEITST,
K320;21156;0;0;0.0020148;0.00196477;0.00199442;0.00277186;0.00567697;0.0130556;0.0252471;GEBEITST,
K320;21156;0;0;0.00371934;0.0033121;0.00265631;0.00214847;0.00196477;0.00199442;0.00277186;GEBEITST,
K320;25782;0;0;0.00621204;0.00577204;0.00500497;0.00424721;0.00351372;0.00283292;0.00196477;GEBEITST,
K320;16068;0;0;0.00621204;0.00577204;0.00500497;0.00424721;0.00351372;0.00283292;0.00196477;GEBEITST,
K320;16068;0;0;0.00698204;0.00654204;0.00577204;0.00500497;0.00424721;0.00351372;0.00196477;GEBEITST,
K320;16068;0;0;0.00775204;0.00731204;0.00654204;0.00577204;0.00500497;0.00424721;0.00196477;GEBEITST,
K320;32135;0;0;0.00808204;0.00764204;0.00687204;0.00610204;0.00533308;0.00456995;0.00196477;GEBEITST,
K320;16068;0;0;0.00808204;0.00764204;0.00687204;0.00610204;0.00533308;0.00456995;0.00196477;GEBEITST,
K320;16068;0;0;0.00808204;0.00764204;0.00687204;0.00610204;0.00533308;0.00456995;0.00196477;GEBEITST,
K320;16068;0;0;0.00808204;0.00764204;0.00687204;0.00610204;0.00533308;0.00456995;0.00196477;GEBEITST,
K320;5907;0;0;0.00424721;0.00382354;0.00311568;0.00249087;0.00205171;0.00196477;0.00209176;GEBEITST,
K320;26445;0;0;0.00599204;0.0055524;0.004787;0.00403409;0.0033121;0.00265631;0.00196477;GEBEITST,
K320;52891;0;0;0.00676204;0.00632204;0.0055524;0.004787;0.00403409;0.0033121;0.00196477;GEBEITST,
K320;52891;0;0;0.00808204;0.00764204;0.00687204;0.00610204;0.00533308;0.00456995;0.00196477;GEBEITST,
K320;52891;0;0;0.00808204;0.00764204;0.00687204;0.00610204;0.00533308;0.00456995;0.00196477;GEBEITST,
K320;26445;0;0;0.00808204;0.00764204;0.00687204;0.00610204;0.00533308;0.00456995;0.00196477;GEBEITST,
K320;26445;0;0;0.00808204;0.00764204;0.00687204;0.00610204;0.00533308;0.00456995;0.00196477;GEBEITST,
K320;26445;0;0;0.00241314;0.00214847;0.00196477;0.00199442;0.00277186;0.00567697;0.0130556;GEBEITST,
K320;52891;0;0;0.00371934;0.0033121;0.00265631;0.00214847;0.00196477;0.00199442;0.00277186;GEBEITST,
K320;26445;0;0;0.00599204;0.0055524;0.004787;0.00403409;0.0033121;0.00265631;0.00196477;GEBEITST,
K320;26445;0;0;0.00676204;0.00632204;0.0055524;0.004787;0.00403409;0.0033121;0.00196477;GEBEITST,
K320;26445;0;0;0.00753204;0.00709204;0.00632204;0.0055524;0.004787;0.00403409;0.00196477;GEBEITST,
K320;26445;0;0;0.00808204;0.00764204;0.00687204;0.00610204;0.00533308;0.00456995;0.00196477;GEBEITST,
K320;26445;0;0;0.00808204;0.00764204;0.00687204;0.00610204;0.00533308;0.00456995;0.00196477;GEBEITST,
K320;26445;0;0;0.00808204;0.00764204;0.00687204;0.00610204;0.00533308;0.00456995;0.00196477;GEBEITST,
KM50;24319;0;0;0.00199442;0.00217226;0.00277186;0.00567697;0.0130556;0.0252471;0.0422437;GEBEITST,
KM50;72989;0;0;0.00301968;0.00265631;0.00214847;0.00196477;0.00199442;0.00277186;0.00567697;GEBEITST,
KM80;42312;0;0;0.00199442;0.00217226;0.00277186;0.00567697;0.0130556;0.0252471;0.0422437;GEBEITST,
KM80;21156;0;0;0.00301968;0.00265631;0.00214847;0.00196477;0.00199442;0.00277186;0.00567697;GEBEITST,
KM80;21156;0;0;0.00371934;0.0033121;0.00265631;0.00214847;0.00196477;0.00199442;0.00277186;GEBEITST,
KM80;42312;0;0;0.00753204;0.00709204;0.00632204;0.0055524;0.004787;0.00403409;0.00196477;GEBEITST,
KM80;69082;0;0;0.00817559;0.0116869;0.0177148;0.031934;0.0510236;0.0750055;0.103885;GEBEITST,
KM80;51811;0;0;0.00240998;0.00301436;0.00450773;0.0104179;0.0212855;0.0368895;0.057376;GEBEITST,
KM80;69082;0;0;0.00209667;0.0019711;0.00196477;0.00240998;0.00450773;0.0104179;0.0212855;GEBEITST,
KM80;86352;0;0;0.00341243;0.00301968;0.00241314;0.0020148;0.00196477;0.00217226;0.00364156;GEBEITST,
KN70;57352;0;0;0.00257305;0.00330309;0.0050491;0.0116869;0.023217;0.0395169;0.0607021;GALTEC,SDG,TTS,HDG,
KN70;28507;0;0;0.0020148;0.00196477;0.00199442;0.00277186;0.00567697;0.0130556;0.0252471;GALTEC,SDG,TTS,HDG,
KN70;28507;0;0;0.00241314;0.00214847;0.00196477;0.00199442;0.00277186;0.00567697;0.0130556;GALTEC,SDG,TTS,HDG,
KN70;28507;0;0;0.00311568;0.00274359;0.00220669;0.00196477;0.00197231;0.00257305;0.0050491;GALTEC,SDG,TTS,HDG,
KN70;57016;0;0;0.00382354;0.00341243;0.00274359;0.00220669;0.00196477;0.00197231;0.00257305;GALTEC,SDG,TTS,HDG,
KN70;28507;0;0;0.00687204;0.00643204;0.00566213;0.00489585;0.00414042;0.00341243;0.00196477;GALTEC,SDG,TTS,HDG,
KN70;28507;0;0;0.00764204;0.00720204;0.00643204;0.00566213;0.00489585;0.00414042;0.00196477;GALTEC,SDG,TTS,HDG,
KN70;6606;0;0;0.00209667;0.0019711;0.00196477;0.00240998;0.00450773;0.0104179;0.0212855;GALTEC,SDG,BT2,HDG,
KN70;24284;0;0;0.00321322;0.00283292;0.00227048;0.0019711;0.00196477;0.00240998;0.00450773;GALTEC,SDG,BT2,HDG,
KN70;24284;0;0;0.00698204;0.00654204;0.00577204;0.00500497;0.00424721;0.00351372;0.00196477;GALTEC,SDG,BT2,HDG,
KM30;25659;0;0;-0.142624;0.0676541;0.082757;0.113036;0.148214;0.188292;0.23327;GEBEITST,
KM30;25659;0;0;0.0368895;0.0450707;0.057376;0.082757;0.113036;0.148214;0.188292;GEBEITST,
KM30;25659;0;0;0.0212855;0.0273767;0.0368895;0.057376;0.082757;0.113036;0.148214;GEBEITST,
KM30;25659;0;0;0.00240998;0.00301436;0.00450773;0.0104179;0.0212855;0.0368895;0.057376;GEBEITST,
KM30;25659;0;0;0.00196477;0.00203321;0.00240998;0.00450773;0.0104179;0.0212855;0.0368895;GEBEITST,
KM30;25659;0;0;0.00265631;0.00233967;0.00198813;0.00196477;0.00227747;0.00404042;0.00923905;GEBEITST,
KM30;25659;0;0;0.00414042;0.00371934;0.00301968;0.00241314;0.0020148;0.00196477;0.00217226;GEBEITST,
KM30;25659;0;0;0.00424721;0.00382354;0.00311568;0.00249087;0.00205171;0.00196477;0.00209176;GEBEITST,
KM30;25659;0;0;0.00698204;0.00654204;0.00577204;0.00500497;0.00424721;0.00351372;0.00196477;GEBEITST,
KM30;25659;0;0;0.00808204;0.00764204;0.00687204;0.00610204;0.00533308;0.00456995;0.00196477;GEBEITST,
KM30;25659;0;0;0.00808204;0.00764204;0.00687204;0.00610204;0.00533308;0.00456995;0.00196477;GEBEITST,
KM50;24330;0;0;0.00414042;0.00371934;0.00301968;0.00241314;0.0020148;0.00196477;0.00217226;GEBEITST,
KM50;24330;0;0;0.00797204;0.00753204;0.00676204;0.00599204;0.0052236;0.0044619;0.00196477;GEBEITST,
KM50;24330;0;0;0.00808204;0.00764204;0.00687204;0.00610204;0.00533308;0.00456995;0.00196477;GEBEITST,
KM40;29619;0;0;0.00341243;0.00301968;0.00241314;0.0020148;0.00196477;0.00217226;0.00364156;GEBEITST,
KM40;29619;0;0;0.00643204;0.00599204;0.0052236;0.0044619;0.00371934;0.00301968;0.00196477;GEBEITST,
KM40;29619;0;0;0.00797204;0.00753204;0.00676204;0.00599204;0.0052236;0.0044619;0.00196477;GEBEITST,
KM40;29619;0;0;0.00808204;0.00764204;0.00687204;0.00610204;0.00533308;0.00456995;0.00196477;GEBEITST,
KN50;31924;0;0;0.00424721;0.00382354;0.00311568;0.00249087;0.00205171;0.00196477;0.00209176;GALTEC,SDG,BT2,HDG,
KN50;31924;0;0;0.00731204;0.00687204;0.00610204;0.00533308;0.00456995;0.00382354;0.00196477;GALTEC,SDG,BT2,HDG,
KN50;31924;0;0;0.00808204;0.00764204;0.00687204;0.00610204;0.00533308;0.00456995;0.00196477;GALTEC,SDG,BT2,HDG,
KN70;20662;0;0;0.00321322;0.00283292;0.00227048;0.0019711;0.00196477;0.00240998;0.00450773;GALTEC,SDG,BT2,HDG,
KN70;40162;0;0;0.00621204;0.00577204;0.00500497;0.00424721;0.00351372;0.00283292;0.00196477;GALTEC,SDG,BT2,HDG,
KN70;20081;0;0;0.00698204;0.00654204;0.00577204;0.00500497;0.00424721;0.00351372;0.00196477;GALTEC,SDG,BT2,HDG,
KN70;20081;0;0;0.00775204;0.00731204;0.00654204;0.00577204;0.00500497;0.00424721;0.00196477;GALTEC,SDG,BT2,HDG,
KN70;20081;0;0;0.00808204;0.00764204;0.00687204;0.00610204;0.00533308;0.00456995;0.00196477;GALTEC,SDG,BT2,HDG,
KM80;7222;0;0;0.00257305;0.00330309;0.0050491;0.0116869;0.023217;0.0395169;0.0607021;GEBEITST,
KM80;16191;0;0;0.00196477;0.00199442;0.00227747;0.00404042;0.00923905;0.0194514;0.0343621;GEBEITST,
KM80;32382;0;0;0.00341243;0.00301968;0.00241314;0.0020148;0.00196477;0.00217226;0.00364156;GEBEITST,
KM80;32382;0;0;0.00414042;0.00371934;0.00301968;0.00241314;0.0020148;0.00196477;0.00217226;GEBEITST,
KM80;16191;0;0;0.00424721;0.00382354;0.00311568;0.00249087;0.00205171;0.00196477;0.00209176;GEBEITST,
KM80;32382;0;0;0.00643204;0.00599204;0.0052236;0.0044619;0.00371934;0.00301968;0.00196477;GEBEITST,
KM80;32382;0;0;0.00797204;0.00753204;0.00676204;0.00599204;0.0052236;0.0044619;0.00196477;GEBEITST,
KM80;16191;0;0;0.00808204;0.00764204;0.00687204;0.00610204;0.00533308;0.00456995;0.00196477;GEBEITST,
KM80;32382;0;0;0.00808204;0.00764204;0.00687204;0.00610204;0.00533308;0.00456995;0.00196477;GEBEITST,
KM80;23272;0;0;0.00599204;0.0055524;0.004787;0.00403409;0.0033121;0.00265631;0.00196477;GEBEITST,
KM80;23272;0;0;0.00808204;0.00764204;0.00687204;0.00610204;0.00533308;0.00456995;0.00196477;GEBEITST,
KM50;22944;0;0;0.00198813;0.00196477;0.00203321;0.00301436;0.00639731;0.0145202;0.0273767;GEBEITST,
KM50;23272;0;0;0.00227048;0.00205171;0.00196477;0.00209176;0.00330309;0.00722707;0.0160717;GEBEITST,
KM50;23272;0;0;0.00292537;0.00257191;0.00209667;0.00196477;0.00203321;0.00301436;0.00639731;GEBEITST,
KM50;23272;0;0;0.003616;0.00321322;0.00257191;0.00209667;0.00196477;0.00203321;0.00301436;GEBEITST,
KM50;23272;0;0;0.00414042;0.00371934;0.00301968;0.00241314;0.0020148;0.00196477;0.00217226;GEBEITST,
KM50;23272;0;0;0.00424721;0.00382354;0.00311568;0.00249087;0.00205171;0.00196477;0.00209176;GEBEITST,
KM50;23272;0;0;0.00665204;0.00621204;0.00544262;0.00467823;0.0039284;0.00321322;0.00196477;GEBEITST,
KM50;23272;0;0;0.00742204;0.00698204;0.00621204;0.00544262;0.00467823;0.0039284;0.00196477;GEBEITST,
KM50;23272;0;0;0.00808204;0.00764204;0.00687204;0.00610204;0.00533308;0.00456995;0.00196477;GEBEITST,
KM50;23272;0;0;0.00808204;0.00764204;0.00687204;0.00610204;0.00533308;0.00456995;0.00196477;GEBEITST,
KM50;23272;0;0;0.00808204;0.00764204;0.00687204;0.00610204;0.00533308;0.00456995;0.00196477;GEBEITST,
KN70;72925;0;0;0.00257305;0.00330309;0.0050491;0.0116869;0.023217;0.0395169;0.0607021;GALTEC,SDG,TTS,HDG,
KN70;48616;0;0;0.00241314;0.00214847;0.00196477;0.00199442;0.00277186;0.00567697;0.0130556;GALTEC,SDG,TTS,HDG,
KN70;97233;0;0;0.00311568;0.00274359;0.00220669;0.00196477;0.00197231;0.00257305;0.0050491;GALTEC,SDG,TTS,HDG,
KN70;48616;0;0;0.00610204;0.00566213;0.00489585;0.00414042;0.00341243;0.00274359;0.00196477;GALTEC,SDG,TTS,HDG,
KN70;48616;0;0;0.00687204;0.00643204;0.00566213;0.00489585;0.00414042;0.00341243;0.00196477;GALTEC,SDG,TTS,HDG,
KM30;24330;0;0;0.00199442;0.00217226;0.00277186;0.00567697;0.0130556;0.0252471;0.0422437;GEBEITST,
KM30;24330;0;0;0.00371934;0.0033121;0.00265631;0.00214847;0.00196477;0.00199442;0.00277186;GEBEITST,
KM30;24330;0;0;0.00808204;0.00764204;0.00687204;0.00610204;0.00533308;0.00456995;0.00196477;GEBEITST,
KM30;40197;0;0;-0.152003;0.057376;0.0712798;0.0994592;0.132538;0.170516;0.213394;GEBEITST,
KM30;20098;0;0;0.00241314;0.00214847;0.00196477;0.00199442;0.00277186;0.00567697;0.0130556;GEBEITST,
KM30;100492;0;0;0.00301968;0.00265631;0.00214847;0.00196477;0.00199442;0.00277186;0.00567697;GEBEITST,
KM30;80394;0;0;0.00676204;0.00632204;0.0055524;0.004787;0.00403409;0.0033121;0.00196477;GEBEITST,
TB60;20552;0;0;0.0050491;0.00722707;0.0116869;0.023217;0.0395169;0.0607021;0.0867826;GALTEC,SDG,TTS,HDG,
TB60;40672;0;0;0.00227048;0.00205171;0.00196477;0.00209176;0.00330309;0.00722707;0.0160717;GALTEC,SDG,TTS,HDG,
TB60;61007;0;0;0.0039284;0.00351372;0.00283292;0.00227048;0.0019711;0.00196477;0.00240998;GALTEC,SDG,TTS,HDG,
TB60;81343;0;0;0.00687204;0.00643204;0.00566213;0.00489585;0.00414042;0.00341243;0.00196477;GALTEC,SDG,TTS,HDG,
KN70;72711;0;0;0.00621204;0.00577204;0.00500497;0.00424721;0.00351372;0.00283292;0.00196477;GALTEC,SDG,BT2,HDG,
KN70;72711;0;0;0.00775204;0.00731204;0.00654204;0.00577204;0.00500497;0.00424721;0.00196477;GALTEC,SDG,BT2,HDG,
LK40;6357;0;0;0.00808204;0.00764204;0.00687204;0.00610204;0.00533308;0.00456995;0.00196477;GEBEITST,
LK40;16052;0;0;0.00808204;0.00764204;0.00687204;0.00610204;0.00533308;0.00456995;0.00196477;GEBEITST,
LK40;14809;0;0;0.00676204;0.00632204;0.0055524;0.004787;0.00403409;0.0033121;0.00196477;GEBEITST,
LK40;14809;0;0;0.00808204;0.00764204;0.00687204;0.00610204;0.00533308;0.00456995;0.00196477;GEBEITST,
LT70;49075;0;0;0.003616;0.00321322;0.00257191;0.00209667;0.00196477;0.00203321;0.00301436;SG3,SDG,TTS,HDG,
LT70;26133;0;0;0.00424721;0.00382354;0.00311568;0.00249087;0.00205171;0.00196477;0.00209176;SG3,SDG,TTS,HDG,
KK80;26445;0;0;0.00567697;0.00817559;0.0130556;0.0252471;0.0422437;0.0641281;0.0909081;GEBEITST,
KK80;26445;0;0;0.00199442;0.00217226;0.00277186;0.00567697;0.0130556;0.0252471;0.0422437;GEBEITST,
KK80;26445;0;0;0.00241314;0.00214847;0.00196477;0.00199442;0.00277186;0.00567697;0.0130556;GEBEITST,
KK80;26445;0;0;0.00371934;0.0033121;0.00265631;0.00214847;0.00196477;0.00199442;0.00277186;GEBEITST,
KK80;26445;0;0;0.00676204;0.00632204;0.0055524;0.004787;0.00403409;0.0033121;0.00196477;GEBEITST,
LT70;220545;0;0;0.00257191;0.00227048;0.0019711;0.00196477;0.00240998;0.00450773;0.0104179;SG3,SDG,TTS,HDG,
LT70;292839;0;0;0.00424721;0.00382354;0.00311568;0.00249087;0.00205171;0.00196477;0.00209176;SG3,SDG,TTS,HDG,
KM20;28561;0;0;0.00301968;0.00265631;0.00214847;0.00196477;0.00199442;0.00277186;0.00567697;GEBEITST,
KM20;28561;0;0;0.00676204;0.00632204;0.0055524;0.004787;0.00403409;0.0033121;0.00196477;GEBEITST,
KM20;28561;0;0;0.00808204;0.00764204;0.00687204;0.00610204;0.00533308;0.00456995;0.00196477;GEBEITST,
LK40;12353;0;0;0.00588204;0.00544262;0.00467823;0.0039284;0.00321322;0.00257191;0.00196477;GEBEITST,
LK40;23034;0;0;0.00665204;0.00621204;0.00544262;0.00467823;0.0039284;0.00321322;0.00196477;GEBEITST,
LK40;23034;0;0;0.00742204;0.00698204;0.00621204;0.00544262;0.00467823;0.0039284;0.00196477;GEBEITST,
LK40;23034;0;0;0.00808204;0.00764204;0.00687204;0.00610204;0.00533308;0.00456995;0.00196477;GEBEITST,
LT70;20179;0;0;0.0039284;0.00351372;0.00283292;0.00227048;0.0019711;0.00196477;0.00240998;SG3,SDG,TTS,HDG,
LT70;20179;0;0;0.0039284;0.00351372;0.00283292;0.00227048;0.0019711;0.00196477;0.00240998;SG3,SDG,TTS,HDG,
LK40;19355;0;0;0.003616;0.00321322;0.00257191;0.00209667;0.00196477;0.00203321;0.00301436;GEBEITST,
LK40;19355;0;0;0.00424721;0.00382354;0.00311568;0.00249087;0.00205171;0.00196477;0.00209176;GEBEITST,
LK40;19355;0;0;0.00665204;0.00621204;0.00544262;0.00467823;0.0039284;0.00321322;0.00196477;GEBEITST,
LK40;19355;0;0;0.00808204;0.00764204;0.00687204;0.00610204;0.00533308;0.00456995;0.00196477;GEBEITST,
LK40;38710;0;0;0.00808204;0.00764204;0.00687204;0.00610204;0.00533308;0.00456995;0.00196477;GEBEITST,
KN30;16011;0;0;0.00632204;0.00588204;0.00511421;0.00435446;0.003616;0.00292537;0.00196477;BAF_HNX,BAF,BT2,
KT20;23272;0;0;0.00241314;0.00214847;0.00196477;0.00199442;0.00277186;0.00567697;0.0130556;GEBEITST,
KT20;23272;0;0;0.00371934;0.0033121;0.00265631;0.00214847;0.00196477;0.00199442;0.00277186;GEBEITST,
KT20;23272;0;0;0.00676204;0.00632204;0.0055524;0.004787;0.00403409;0.0033121;0.00196477;GEBEITST,
L760;17075;0;0;0.00301968;0.00265631;0.00214847;0.00196477;0.00199442;0.00277186;0.00567697;SG3,SDG,BT2,HDG,
L760;17075;0;0;0.00371934;0.0033121;0.00265631;0.00214847;0.00196477;0.00199442;0.00277186;SG3,SDG,BT2,HDG,
L760;17075;0;0;0.00424721;0.00382354;0.00311568;0.00249087;0.00205171;0.00196477;0.00209176;SG3,SDG,BT2,HDG,
L760;17075;0;0;0.00424721;0.00382354;0.00311568;0.00249087;0.00205171;0.00196477;0.00209176;SG3,SDG,BT2,HDG,
L760;17075;0;0;0.00599204;0.0055524;0.004787;0.00403409;0.0033121;0.00265631;0.00196477;SG3,SDG,BT2,HDG,
L760;17075;0;0;0.00676204;0.00632204;0.0055524;0.004787;0.00403409;0.0033121;0.00196477;SG3,SDG,BT2,HDG,
L760;17075;0;0;0.00753204;0.00709204;0.00632204;0.0055524;0.004787;0.00403409;0.00196477;SG3,SDG,BT2,HDG,
L760;17075;0;0;0.00808204;0.00764204;0.00687204;0.00610204;0.00533308;0.00456995;0.00196477;SG3,SDG,BT2,HDG,
L760;17075;0;0;0.00808204;0.00764204;0.00687204;0.00610204;0.00533308;0.00456995;0.00196477;SG3,SDG,BT2,HDG,
K320;29619;0;0;0.00414042;0.00371934;0.00301968;0.00241314;0.0020148;0.00196477;0.00217226;GEBEITST,
K320;59237;0;0;0.00808204;0.00764204;0.00687204;0.00610204;0.00533308;0.00456995;0.00196477;GEBEITST,
KM80;21156;0;0;0.00199442;0.00217226;0.00277186;0.00567697;0.0130556;0.0252471;0.0422437;GEBEITST,
KM80;21156;0;0;0.0020148;0.00196477;0.00199442;0.00277186;0.00567697;0.0130556;0.0252471;GEBEITST,
KM80;42312;0;0;0.00301968;0.00265631;0.00214847;0.00196477;0.00199442;0.00277186;0.00567697;GEBEITST,
KM80;21156;0;0;0.00371934;0.0033121;0.00265631;0.00214847;0.00196477;0.00199442;0.00277186;GEBEITST,
KM80;42312;0;0;0.00753204;0.00709204;0.00632204;0.0055524;0.004787;0.00403409;0.00196477;GEBEITST,
L630;64928;0;0;0.0039284;0.00351372;0.00283292;0.00227048;0.0019711;0.00196477;0.00240998;SG3,SDG,TTS,HDG,
L630;64928;0;0;0.00424721;0.00382354;0.00311568;0.00249087;0.00205171;0.00196477;0.00209176;SG3,SDG,TTS,HDG,
L630;64928;0;0;0.00632204;0.00588204;0.00511421;0.00435446;0.003616;0.00292537;0.00196477;SG3,SDG,TTS,HDG,
L630;64928;0;0;0.00709204;0.00665204;0.00588204;0.00511421;0.00435446;0.003616;0.00196477;SG3,SDG,TTS,HDG,
L630;97392;0;0;0.00786204;0.00742204;0.00665204;0.00588204;0.00511421;0.00435446;0.00196477;SG3,SDG,TTS,HDG,
L630;64928;0;0;0.00808204;0.00764204;0.00687204;0.00610204;0.00533308;0.00456995;0.00196477;SG3,SDG,TTS,HDG,
L630;64928;0;0;0.00808204;0.00764204;0.00687204;0.00610204;0.00533308;0.00456995;0.00196477;SG3,SDG,TTS,HDG,
L630;64928;0;0;0.00808204;0.00764204;0.00687204;0.00610204;0.00533308;0.00456995;0.00196477;SG3,SDG,TTS,HDG,
KT20;42312;0;0;0.0130556;0.0177148;0.0252471;0.0422437;0.0641281;0.0909081;0.122587;GEBEITST,
KT20;42312;0;0;0.00277186;0.00364156;0.00567697;0.0130556;0.0252471;0.0422437;0.0641281;GEBEITST,
KT20;42312;0;0;0.00199442;0.00217226;0.00277186;0.00567697;0.0130556;0.0252471;0.0422437;GEBEITST,
KT20;42312;0;0;0.00241314;0.00214847;0.00196477;0.00199442;0.00277186;0.00567697;0.0130556;GEBEITST,
KT20;21156;0;0;0.00301968;0.00265631;0.00214847;0.00196477;0.00199442;0.00277186;0.00567697;GEBEITST,
KT20;42312;0;0;0.00414042;0.00371934;0.00301968;0.00241314;0.0020148;0.00196477;0.00217226;GEBEITST,
KT20;42312;0;0;0.00676204;0.00632204;0.0055524;0.004787;0.00403409;0.0033121;0.00196477;GEBEITST,
KT20;42312;0;0;0.00753204;0.00709204;0.00632204;0.0055524;0.004787;0.00403409;0.00196477;GEBEITST,
KT20;42312;0;0;0.00808204;0.00764204;0.00687204;0.00610204;0.00533308;0.00456995;0.00196477;GEBEITST,
LK50;50775;0;0;0.00311568;0.00274359;0.00220669;0.00196477;0.00197231;0.00257305;0.0050491;GEBEITST,
LK50;25387;0;0;0.00414042;0.00371934;0.00301968;0.00241314;0.0020148;0.00196477;0.00217226;GEBEITST,
LK50;50775;0;0;0.00621204;0.00577204;0.00500497;0.00424721;0.00351372;0.00283292;0.00196477;GEBEITST,
LK50;76162;0;0;0.00775204;0.00731204;0.00654204;0.00577204;0.00500497;0.00424721;0.00196477;GEBEITST,
LK50;50775;0;0;0.00808204;0.00764204;0.00687204;0.00610204;0.00533308;0.00456995;0.00196477;GEBEITST,
KM50;24330;0;0;0.00241314;0.00214847;0.00196477;0.00199442;0.00277186;0.00567697;0.0130556;GEBEITST,
KM50;24330;0;0;0.00414042;0.00371934;0.00301968;0.00241314;0.0020148;0.00196477;0.00217226;GEBEITST,
KM50;48659;0;0;0.00599204;0.0055524;0.004787;0.00403409;0.0033121;0.00265631;0.00196477;GEBEITST,
KM50;24330;0;0;0.00676204;0.00632204;0.0055524;0.004787;0.00403409;0.0033121;0.00196477;GEBEITST,
KM50;24330;0;0;0.00808204;0.00764204;0.00687204;0.00610204;0.00533308;0.00456995;0.00196477;GEBEITST,
KM50;48659;0;0;0.00808204;0.00764204;0.00687204;0.00610204;0.00533308;0.00456995;0.00196477;GEBEITST,
L620;15885;0;0;0.00196477;0.00197231;0.00217226;0.00364156;0.00817559;0.0177148;0.031934;GALTEC,SDG,TTS,HDG,
L620;15885;0;0;0.00341243;0.00301968;0.00241314;0.0020148;0.00196477;0.00217226;0.00364156;GALTEC,SDG,TTS,HDG,
L620;15885;0;0;0.0039284;0.00351372;0.00283292;0.00227048;0.0019711;0.00196477;0.00240998;GALTEC,SDG,TTS,HDG,
L620;15885;0;0;0.0039284;0.00351372;0.00283292;0.00227048;0.0019711;0.00196477;0.00240998;GALTEC,SDG,TTS,HDG,
L620;15885;0;0;0.00424721;0.00382354;0.00311568;0.00249087;0.00205171;0.00196477;0.00209176;GALTEC,SDG,TTS,HDG,
L620;15885;0;0;0.00632204;0.00588204;0.00511421;0.00435446;0.003616;0.00292537;0.00196477;GALTEC,SDG,TTS,HDG,
KM80;24330;0;0;0.00301968;0.00265631;0.00214847;0.00196477;0.00199442;0.00277186;0.00567697;GEBEITST,
KM80;24330;0;0;0.00371934;0.0033121;0.00265631;0.00214847;0.00196477;0.00199442;0.00277186;GEBEITST,
KM80;24330;0;0;0.00676204;0.00632204;0.0055524;0.004787;0.00403409;0.0033121;0.00196477;GEBEITST,
KM80;24330;0;0;0.00808204;0.00764204;0.00687204;0.00610204;0.00533308;0.00456995;0.00196477;GEBEITST,
KM40;57122;0;0;0.00199442;0.00217226;0.00277186;0.00567697;0.0130556;0.0252471;0.0422437;GEBEITST,
KM40;142805;0;0;0.0020148;0.00196477;0.00199442;0.00277186;0.00567697;0.0130556;0.0252471;GEBEITST,
KM40;85683;0;0;0.00371934;0.0033121;0.00265631;0.00214847;0.00196477;0.00199442;0.00277186;GEBEITST,
KM40;28561;0;0;0.00753204;0.00709204;0.00632204;0.0055524;0.004787;0.00403409;0.00196477;GEBEITST,
KM50;46544;0;0;0.00292537;0.00257191;0.00209667;0.00196477;0.00203321;0.00301436;0.00639731;GEBEITST,
KM50;23272;0;0;0.00665204;0.00621204;0.00544262;0.00467823;0.0039284;0.00321322;0.00196477;GEBEITST,
KN50;21348;0;0;0.00196477;0.00203321;0.00240998;0.00450773;0.0104179;0.0212855;0.0368895;GALTEC,SDG,BT2,HDG,
KN50;21348;0;0;0.00265631;0.00233967;0.00198813;0.00196477;0.00227747;0.00404042;0.00923905;GALTEC,SDG,BT2,HDG,
KN50;21348;0;0;0.00403409;0.003616;0.00292537;0.00233967;0.00198813;0.00196477;0.00227747;GALTEC,SDG,BT2,HDG,
KN50;21348;0;0;0.00632204;0.00588204;0.00511421;0.00435446;0.003616;0.00292537;0.00196477;GALTEC,SDG,BT2,HDG,
KN50;21348;0;0;0.00786204;0.00742204;0.00665204;0.00588204;0.00511421;0.00435446;0.00196477;GALTEC,SDG,BT2,HDG,
KN50;21348;0;0;0.00808204;0.00764204;0.00687204;0.00610204;0.00533308;0.00456995;0.00196477;GALTEC,SDG,BT2,HDG,
KN30;21348;0;0;0.00196477;0.00203321;0.00240998;0.00450773;0.0104179;0.0212855;0.0368895;GALTEC,SDG,TTS,HDG,
KN30;21348;0;0;0.00257191;0.00227048;0.0019711;0.00196477;0.00240998;0.00450773;0.0104179;GALTEC,SDG,TTS,HDG,
KN30;21348;0;0;0.00321322;0.00283292;0.00227048;0.0019711;0.00196477;0.00240998;0.00450773;GALTEC,SDG,TTS,HDG,
KN30;21348;0;0;0.00424721;0.00382354;0.00311568;0.00249087;0.00205171;0.00196477;0.00209176;GALTEC,SDG,TTS,HDG,
KN30;21348;0;0;0.00698204;0.00654204;0.00577204;0.00500497;0.00424721;0.00351372;0.00196477;GALTEC,SDG,TTS,HDG,
KN30;21348;0;0;0.00808204;0.00764204;0.00687204;0.00610204;0.00533308;0.00456995;0.00196477;GALTEC,SDG,TTS,HDG,
KN30;21348;0;0;0.00808204;0.00764204;0.00687204;0.00610204;0.00533308;0.00456995;0.00196477;GALTEC,SDG,TTS,HDG,
KN50;15964;0;0;0.00196477;0.00203321;0.00240998;0.00450773;0.0104179;0.0212855;0.0368895;GALTEC,SDG,TTS,HDG,
KN50;31929;0;0;0.00321322;0.00283292;0.00227048;0.0019711;0.00196477;0.00240998;0.00450773;GALTEC,SDG,TTS,HDG,
KN50;15964;0;0;0.00698204;0.00654204;0.00577204;0.00500497;0.00424721;0.00351372;0.00196477;GALTEC,SDG,TTS,HDG,
KN50;31929;0;0;0.00808204;0.00764204;0.00687204;0.00610204;0.00533308;0.00456995;0.00196477;GALTEC,SDG,TTS,HDG,
KM50;23272;0;0;0.00249087;0.00220669;0.00196477;0.00197231;0.00257305;0.0050491;0.0116869;GEBEITST,
KM50;23272;0;0;0.00687204;0.00643204;0.00566213;0.00489585;0.00414042;0.00341243;0.00196477;GEBEITST,
KM50;23272;0;0;0.00808204;0.00764204;0.00687204;0.00610204;0.00533308;0.00456995;0.00196477;GEBEITST,
KM50;23272;0;0;0.00808204;0.00764204;0.00687204;0.00610204;0.00533308;0.00456995;0.00196477;GEBEITST,
KN70;73067;0;0;0.00197231;0.00209176;0.00257305;0.0050491;0.0116869;0.023217;0.0395169;GALTEC,SDG,TTS,HDG,
KN70;24355;0;0;0.00241314;0.00214847;0.00196477;0.00199442;0.00277186;0.00567697;0.0130556;GALTEC,SDG,TTS,HDG,
KN70;48712;0;0;0.00382354;0.00341243;0.00274359;0.00220669;0.00196477;0.00197231;0.00257305;GALTEC,SDG,TTS,HDG,
KN70;48712;0;0;0.00610204;0.00566213;0.00489585;0.00414042;0.00341243;0.00274359;0.00196477;GALTEC,SDG,TTS,HDG,
KN70;24355;0;0;0.00687204;0.00643204;0.00566213;0.00489585;0.00414042;0.00341243;0.00196477;GALTEC,SDG,TTS,HDG,
KN70;48712;0;0;0.00808204;0.00764204;0.00687204;0.00610204;0.00533308;0.00456995;0.00196477;GALTEC,SDG,TTS,HDG,
KM80;22643;0;0;0.00567697;0.00817559;0.0130556;0.0252471;0.0422437;0.0641281;0.0909081;GEBEITST,
KM80;63469;0;0;0.0020148;0.00196477;0.00199442;0.00277186;0.00567697;0.0130556;0.0252471;GEBEITST,
KM80;63469;0;0;0.00599204;0.0055524;0.004787;0.00403409;0.0033121;0.00265631;0.00196477;GEBEITST,
KM80;21156;0;0;0.00753204;0.00709204;0.00632204;0.0055524;0.004787;0.00403409;0.00196477;GEBEITST,
KM80;42312;0;0;0.00808204;0.00764204;0.00687204;0.00610204;0.00533308;0.00456995;0.00196477;GEBEITST,
KN30;6121;0;0;0.00196477;0.00203321;0.00240998;0.00450773;0.0104179;0.0212855;0.0368895;GALTEC,SDG,BT2,HDG,
KN30;49198;0;0;0.0033121;0.00292537;0.00233967;0.00198813;0.00196477;0.00227747;0.00404042;GALTEC,SDG,BT2,HDG,
KN30;49198;0;0;0.00709204;0.00665204;0.00588204;0.00511421;0.00435446;0.003616;0.00196477;GALTEC,SDG,BT2,HDG,
T230;24379;0;0;0.00424721;0.00382354;0.00311568;0.00249087;0.00205171;0.00196477;0.00209176;GALTEC,SDG,TTS,HDG,
T230;24379;0;0;0.00764204;0.00720204;0.00643204;0.00566213;0.00489585;0.00414042;0.00196477;GALTEC,SDG,TTS,HDG,
T230;24379;0;0;0.00808204;0.00764204;0.00687204;0.00610204;0.00533308;0.00456995;0.00196477;GALTEC,SDG,TTS,HDG,
KM50;24330;0;0;0.00227048;0.00205171;0.00196477;0.00209176;0.00330309;0.00722707;0.0160717;GEBEITST,
KM50;24330;0;0;0.00665204;0.00621204;0.00544262;0.00467823;0.0039284;0.00321322;0.00196477;GEBEITST,
K320;42312;0;0;0.00199442;0.00217226;0.00277186;0.00567697;0.0130556;0.0252471;0.0422437;GEBEITST,
K320;63469;0;0;0.0020148;0.00196477;0.00199442;0.00277186;0.00567697;0.0130556;0.0252471;GEBEITST,
K320;63469;0;0;0.00371934;0.0033121;0.00265631;0.00214847;0.00196477;0.00199442;0.00277186;GEBEITST,
K320;63469;0;0;0.00808204;0.00764204;0.00687204;0.00610204;0.00533308;0.00456995;0.00196477;GEBEITST,
K320;63469;0;0;0.00808204;0.00764204;0.00687204;0.00610204;0.00533308;0.00456995;0.00196477;GEBEITST,
L630;15111;0;0;0.0039284;0.00351372;0.00283292;0.00227048;0.0019711;0.00196477;0.00240998;SG3,SDG,TTS,HDG,
L630;24817;0;0;0.00588204;0.00544262;0.00467823;0.0039284;0.00321322;0.00257191;0.00196477;SG3,SDG,TTS,HDG,
L630;24817;0;0;0.00742204;0.00698204;0.00621204;0.00544262;0.00467823;0.0039284;0.00196477;SG3,SDG,TTS,HDG,
KN40;73281;0;0;0.00227048;0.00205171;0.00196477;0.00209176;0.00330309;0.00722707;0.0160717;SG3,SDG,TTS,HDG,
KN40;122135;0;0;0.0039284;0.00351372;0.00283292;0.00227048;0.0019711;0.00196477;0.00240998;SG3,SDG,TTS,HDG,
KN40;73281;0;0;0.00588204;0.00544262;0.00467823;0.0039284;0.00321322;0.00257191;0.00196477;SG3,SDG,TTS,HDG,
KN40;122135;0;0;0.00742204;0.00698204;0.00621204;0.00544262;0.00467823;0.0039284;0.00196477;SG3,SDG,TTS,HDG,
KN40;122135;0;0;0.00808204;0.00764204;0.00687204;0.00610204;0.00533308;0.00456995;0.00196477;SG3,SDG,TTS,HDG,
TB60;25393;0;0;0.00240998;0.00301436;0.00450773;0.0104179;0.0212855;0.0368895;0.057376;GALTEC,SDG,TTS,HDG,
TB60;25393;0;0;0.0033121;0.00292537;0.00233967;0.00198813;0.00196477;0.00227747;0.00404042;GALTEC,SDG,TTS,HDG,
TB60;25393;0;0;0.0039284;0.00351372;0.00283292;0.00227048;0.0019711;0.00196477;0.00240998;GALTEC,SDG,TTS,HDG,
TB60;25393;0;0;0.00632204;0.00588204;0.00511421;0.00435446;0.003616;0.00292537;0.00196477;GALTEC,SDG,TTS,HDG,
TB60;25393;0;0;0.00786204;0.00742204;0.00665204;0.00588204;0.00511421;0.00435446;0.00196477;GALTEC,SDG,TTS,HDG,
KN30;7643;0;0;0.00227048;0.00205171;0.00196477;0.00209176;0.00330309;0.00722707;0.0160717;GALTEC,SDG,TTS,HDG,
KN30;26422;0;0;0.0039284;0.00351372;0.00283292;0.00227048;0.0019711;0.00196477;0.00240998;GALTEC,SDG,TTS,HDG,
KN30;52844;0;0;0.00808204;0.00764204;0.00687204;0.00610204;0.00533308;0.00456995;0.00196477;GALTEC,SDG,TTS,HDG,
T230;20140;0;0;0.00301968;0.00265631;0.00214847;0.00196477;0.00199442;0.00277186;0.00567697;GALTEC,SDG,BT2,HDG,
T230;20140;0;0;0.00424721;0.00382354;0.00311568;0.00249087;0.00205171;0.00196477;0.00209176;GALTEC,SDG,BT2,HDG,
T230;20140;0;0;0.00709204;0.00665204;0.00588204;0.00511421;0.00435446;0.003616;0.00196477;GALTEC,SDG,BT2,HDG,
T230;20140;0;0;0.00808204;0.00764204;0.00687204;0.00610204;0.00533308;0.00456995;0.00196477;GALTEC,SDG,BT2,HDG,
T230;20140;0;0;0.00808204;0.00764204;0.00687204;0.00610204;0.00533308;0.00456995;0.00196477;GALTEC,SDG,BT2,HDG,
K140;20098;0;0;0.00277186;0.00364156;0.00567697;0.0130556;0.0252471;0.0422437;0.0641281;GEBEITST,
K140;20098;0;0;0.00199442;0.00217226;0.00277186;0.00567697;0.0130556;0.0252471;0.0422437;GEBEITST,
K140;40197;0;0;0.0020148;0.00196477;0.00199442;0.00277186;0.00567697;0.0130556;0.0252471;GEBEITST,
K140;40197;0;0;0.00676204;0.00632204;0.0055524;0.004787;0.00403409;0.0033121;0.00196477;GEBEITST,
T230;15900;0;0;0.0194514;0.0252471;0.0343621;0.0541498;0.0788313;0.10841;0.142889;SG3,SDG,BT2,HDG,
T230;15900;0;0;0.00424721;0.00382354;0.00311568;0.00249087;0.00205171;0.00196477;0.00209176;SG3,SDG,BT2,HDG,
T230;15900;0;0;0.00424721;0.00382354;0.00311568;0.00249087;0.00205171;0.00196477;0.00209176;SG3,SDG,BT2,HDG,
T230;15900;0;0;0.00808204;0.00764204;0.00687204;0.00610204;0.00533308;0.00456995;0.00196477;SG3,SDG,BT2,HDG,
T230;15900;0;0;0.00808204;0.00764204;0.00687204;0.00610204;0.00533308;0.00456995;0.00196477;SG3,SDG,BT2,HDG,
L760;23365;0;0;0.00808204;0.00764204;0.00687204;0.00610204;0.00533308;0.00456995;0.00196477;CAPL,TTS,
TB30;10299;0;0;0.00621204;0.00577204;0.00500497;0.00424721;0.00351372;0.00283292;0.00196477;GALTEC,SDG,TTS,HDG,
LK40;15041;0;0;0.00301968;0.00265631;0.00214847;0.00196477;0.00199442;0.00277186;0.00567697;GEBEITST,
T230;19024;0;0;0.00257191;0.00227048;0.0019711;0.00196477;0.00240998;0.00450773;0.0104179;GALTEC,SDG,BT2,HDG,
T230;19024;0;0;0.00321322;0.00283292;0.00227048;0.0019711;0.00196477;0.00240998;0.00450773;GALTEC,SDG,BT2,HDG,
T230;19024;0;0;0.00424721;0.00382354;0.00311568;0.00249087;0.00205171;0.00196477;0.00209176;GALTEC,SDG,BT2,HDG,
T230;19024;0;0;0.00698204;0.00654204;0.00577204;0.00500497;0.00424721;0.00351372;0.00196477;GALTEC,SDG,BT2,HDG,
L760;21387;0;0;0.00610204;0.00566213;0.00489585;0.00414042;0.00341243;0.00274359;0.00196477;SG3,SDG,TTS,HDG,
L760;21387;0;0;0.00808204;0.00764204;0.00687204;0.00610204;0.00533308;0.00456995;0.00196477;SG3,SDG,TTS,HDG,
K320;8164;0;0;0.00621204;0.00577204;0.00500497;0.00424721;0.00351372;0.00283292;0.00196477;GEBEITST,
K320;16068;0;0;0.00698204;0.00654204;0.00577204;0.00500497;0.00424721;0.00351372;0.00196477;GEBEITST,
K320;16068;0;0;0.00775204;0.00731204;0.00654204;0.00577204;0.00500497;0.00424721;0.00196477;GEBEITST,
K320;16068;0;0;0.00808204;0.00764204;0.00687204;0.00610204;0.00533308;0.00456995;0.00196477;GEBEITST,
K320;16068;0;0;0.00808204;0.00764204;0.00687204;0.00610204;0.00533308;0.00456995;0.00196477;GEBEITST,
LK50;25807;0;0;0.00676204;0.00632204;0.0055524;0.004787;0.00403409;0.0033121;0.00196477;GEBEITST,
LK50;38710;0;0;0.00753204;0.00709204;0.00632204;0.0055524;0.004787;0.00403409;0.00196477;GEBEITST,
LK50;25807;0;0;0.00808204;0.00764204;0.00687204;0.00610204;0.00533308;0.00456995;0.00196477;GEBEITST,
LK50;38710;0;0;0.00808204;0.00764204;0.00687204;0.00610204;0.00533308;0.00456995;0.00196477;GEBEITST,
LK50;25807;0;0;0.00808204;0.00764204;0.00687204;0.00610204;0.00533308;0.00456995;0.00196477;GEBEITST,
LK50;12903;0;0;0.00808204;0.00764204;0.00687204;0.00610204;0.00533308;0.00456995;0.00196477;GEBEITST,
LK50;12903;0;0;0.00808204;0.00764204;0.00687204;0.00610204;0.00533308;0.00456995;0.00196477;GEBEITST,
K200;36144;0;0;0.00424721;0.00382354;0.00311568;0.00249087;0.00205171;0.00196477;0.00209176;GALTEC,SDG,BT2,HDG,
K200;18072;0;0;0.00424721;0.00382354;0.00311568;0.00249087;0.00205171;0.00196477;0.00209176;GALTEC,SDG,BT2,HDG,
K200;36144;0;0;0.00731204;0.00687204;0.00610204;0.00533308;0.00456995;0.00382354;0.00196477;GALTEC,SDG,BT2,HDG,
K200;36144;0;0;0.00808204;0.00764204;0.00687204;0.00610204;0.00533308;0.00456995;0.00196477;GALTEC,SDG,BT2,HDG,
K200;36144;0;0;0.00808204;0.00764204;0.00687204;0.00610204;0.00533308;0.00456995;0.00196477;GALTEC,SDG,BT2,HDG,
T230;11280;0;0;0.00257191;0.00227048;0.0019711;0.00196477;0.00240998;0.00450773;0.0104179;GALTEC,SDG,BT2,HDG,
T230;16911;0;0;0.0039284;0.00351372;0.00283292;0.00227048;0.0019711;0.00196477;0.00240998;GALTEC,SDG,BT2,HDG,
T230;16911;0;0;0.00424721;0.00382354;0.00311568;0.00249087;0.00205171;0.00196477;0.00209176;GALTEC,SDG,BT2,HDG,
T230;16911;0;0;0.00621204;0.00577204;0.00500497;0.00424721;0.00351372;0.00283292;0.00196477;GALTEC,SDG,BT2,HDG,
T230;16911;0;0;0.00775204;0.00731204;0.00654204;0.00577204;0.00500497;0.00424721;0.00196477;GALTEC,SDG,BT2,HDG,
T230;16911;0;0;0.00808204;0.00764204;0.00687204;0.00610204;0.00533308;0.00456995;0.00196477;GALTEC,SDG,BT2,HDG,
KM80;23272;0;0;0.00277186;0.00364156;0.00567697;0.0130556;0.0252471;0.0422437;0.0641281;GEBEITST,
KM80;23272;0;0;0.00676204;0.00632204;0.0055524;0.004787;0.00403409;0.0033121;0.00196477;GEBEITST,
KM40;15867;0;0;0.00199442;0.00217226;0.00277186;0.00567697;0.0130556;0.0252471;0.0422437;GEBEITST,
L630;13009;0;0;0.00588204;0.00544262;0.00467823;0.0039284;0.00321322;0.00257191;0.00196477;SG3,SDG,TTS,HDG,
T210;14869;0;0;0.00220669;0.0020148;0.00196477;0.00217226;0.00364156;0.00817559;0.0177148;GALTEC,SDG,BT2,HDG,
T210;14869;0;0;0.00424721;0.00382354;0.00311568;0.00249087;0.00205171;0.00196477;0.00209176;GALTEC,SDG,BT2,HDG,
T210;14869;0;0;0.00720204;0.00676204;0.00599204;0.0052236;0.0044619;0.00371934;0.00196477;GALTEC,SDG,BT2,HDG,
T210;14869;0;0;0.00808204;0.00764204;0.00687204;0.00610204;0.00533308;0.00456995;0.00196477;GALTEC,SDG,BT2,HDG,
L630;32338;0;0;0.0039284;0.00351372;0.00283292;0.00227048;0.0019711;0.00196477;0.00240998;SG3,SDG,TTS,HDG,
L630;32338;0;0;0.00621204;0.00577204;0.00500497;0.00424721;0.00351372;0.00283292;0.00196477;SG3,SDG,TTS,HDG,
L630;32338;0;0;0.00808204;0.00764204;0.00687204;0.00610204;0.00533308;0.00456995;0.00196477;SG3,SDG,TTS,HDG,
L630;26630;0;0;0.0039284;0.00351372;0.00283292;0.00227048;0.0019711;0.00196477;0.00240998;SG3,SDG,TTS,HDG,
L630;56108;0;0;0.00424721;0.00382354;0.00311568;0.00249087;0.00205171;0.00196477;0.00209176;SG3,SDG,TTS,HDG,
L630;56108;0;0;0.00632204;0.00588204;0.00511421;0.00435446;0.003616;0.00292537;0.00196477;SG3,SDG,TTS,HDG,
L630;84162;0;0;0.00709204;0.00665204;0.00588204;0.00511421;0.00435446;0.003616;0.00196477;SG3,SDG,TTS,HDG,
L630;56108;0;0;0.00786204;0.00742204;0.00665204;0.00588204;0.00511421;0.00435446;0.00196477;SG3,SDG,TTS,HDG,
L630;56108;0;0;0.00808204;0.00764204;0.00687204;0.00610204;0.00533308;0.00456995;0.00196477;SG3,SDG,TTS,HDG,
L630;56108;0;0;0.00808204;0.00764204;0.00687204;0.00610204;0.00533308;0.00456995;0.00196477;SG3,SDG,TTS,HDG,
KM80;22214;0;0;0.00241314;0.00214847;0.00196477;0.00199442;0.00277186;0.00567697;0.0130556;GEBEITST,
KM80;22214;0;0;0.00301968;0.00265631;0.00214847;0.00196477;0.00199442;0.00277186;0.00567697;GEBEITST,
KM80;22214;0;0;0.00676204;0.00632204;0.0055524;0.004787;0.00403409;0.0033121;0.00196477;GEBEITST,
KM80;22214;0;0;0.00808204;0.00764204;0.00687204;0.00610204;0.00533308;0.00456995;0.00196477;GEBEITST,
T250;26991;0;0;0.00241314;0.00214847;0.00196477;0.00199442;0.00277186;0.00567697;0.0130556;SG3,SDG,BT2,HDG,
T250;34117;0;0;0.00301968;0.00265631;0.00214847;0.00196477;0.00199442;0.00277186;0.00567697;SG3,SDG,BT2,HDG,
T250;34117;0;0;0.00424721;0.00382354;0.00311568;0.00249087;0.00205171;0.00196477;0.00209176;SG3,SDG,BT2,HDG,
T250;17059;0;0;0.00424721;0.00382354;0.00311568;0.00249087;0.00205171;0.00196477;0.00209176;SG3,SDG,BT2,HDG,
T250;51176;0;0;0.00676204;0.00632204;0.0055524;0.004787;0.00403409;0.0033121;0.00196477;SG3,SDG,BT2,HDG,
T250;34117;0;0;0.00808204;0.00764204;0.00687204;0.00610204;0.00533308;0.00456995;0.00196477;SG3,SDG,BT2,HDG,
T250;17059;0;0;0.00808204;0.00764204;0.00687204;0.00610204;0.00533308;0.00456995;0.00196477;SG3,SDG,BT2,HDG,
KM50;27503;0;0;0.00341243;0.00301968;0.00241314;0.0020148;0.00196477;0.00217226;0.00364156;GEBEITST,
KM50;27503;0;0;0.00414042;0.00371934;0.00301968;0.00241314;0.0020148;0.00196477;0.00217226;GEBEITST,
TB30;24599;0;0;0.00424721;0.00382354;0.00311568;0.00249087;0.00205171;0.00196477;0.00209176;GALTEC,SDG,TTS,HDG,
TB30;24599;0;0;0.00808204;0.00764204;0.00687204;0.00610204;0.00533308;0.00456995;0.00196477;GALTEC,SDG,TTS,HDG,
L760;12449;0;0;0.00676204;0.00632204;0.0055524;0.004787;0.00403409;0.0033121;0.00196477;SG3,SDG,TTS,HDG,
KN30;19061;0;0;0.00775204;0.00731204;0.00654204;0.00577204;0.00500497;0.00424721;0.00196477;GALTEC,SDG,BT2,HDG,
KM50;40197;0;0;0.00599204;0.0055524;0.004787;0.00403409;0.0033121;0.00265631;0.00196477;GEBEITST,
KM50;40197;0;0;0.00676204;0.00632204;0.0055524;0.004787;0.00403409;0.0033121;0.00196477;GEBEITST,
KM50;20098;0;0;0.00753204;0.00709204;0.00632204;0.0055524;0.004787;0.00403409;0.00196477;GEBEITST,
KM50;40197;0;0;0.00808204;0.00764204;0.00687204;0.00610204;0.00533308;0.00456995;0.00196477;GEBEITST,
KM50;93087;0;0;0.00676204;0.00632204;0.0055524;0.004787;0.00403409;0.0033121;0.00196477;GEBEITST,
KT20;88856;0;0;0.00753204;0.00709204;0.00632204;0.0055524;0.004787;0.00403409;0.00196477;GEBEITST,
KT20;66642;0;0;0.00808204;0.00764204;0.00687204;0.00610204;0.00533308;0.00456995;0.00196477;GEBEITST,
K110;24427;0;0;0.0039284;0.00351372;0.00283292;0.00227048;0.0019711;0.00196477;0.00240998;CAPL,TTS,
K110;24427;0;0;0.00424721;0.00382354;0.00311568;0.00249087;0.00205171;0.00196477;0.00209176;CAPL,TTS,
K110;24427;0;0;0.00764204;0.00720204;0.00643204;0.00566213;0.00489585;0.00414042;0.00196477;CAPL,TTS,
K110;24427;0;0;0.00808204;0.00764204;0.00687204;0.00610204;0.00533308;0.00456995;0.00196477;CAPL,TTS,
K570;17714;0;0;0.0039284;0.00351372;0.00283292;0.00227048;0.0019711;0.00196477;0.00240998;GEBEITST,
K570;17714;0;0;0.00414042;0.00371934;0.00301968;0.00241314;0.0020148;0.00196477;0.00217226;GEBEITST,
K570;17714;0;0;0.00424721;0.00382354;0.00311568;0.00249087;0.00205171;0.00196477;0.00209176;GEBEITST,
K570;17714;0;0;0.00621204;0.00577204;0.00500497;0.00424721;0.00351372;0.00283292;0.00196477;GEBEITST,
K570;17714;0;0;0.00698204;0.00654204;0.00577204;0.00500497;0.00424721;0.00351372;0.00196477;GEBEITST,
K570;17714;0;0;0.00808204;0.00764204;0.00687204;0.00610204;0.00533308;0.00456995;0.00196477;GEBEITST,
K570;17714;0;0;0.00808204;0.00764204;0.00687204;0.00610204;0.00533308;0.00456995;0.00196477;GEBEITST,
K570;17714;0;0;0.00808204;0.00764204;0.00687204;0.00610204;0.00533308;0.00456995;0.00196477;GEBEITST,
K570;19318;0;0;0.00292537;0.00257191;0.00209667;0.00196477;0.00203321;0.00301436;0.00639731;GEBEITST,
K570;38636;0;0;0.00808204;0.00764204;0.00687204;0.00610204;0.00533308;0.00456995;0.00196477;GEBEITST,
KK50;53456;0;0;0.00301436;0.00404042;0.00639731;0.0145202;0.0273767;0.0450707;0.0676541;GEBEITST,
KK50;26728;0;0;0.00292537;0.00257191;0.00209667;0.00196477;0.00203321;0.00301436;0.00639731;GEBEITST,
KK50;26728;0;0;0.00665204;0.00621204;0.00544262;0.00467823;0.0039284;0.00321322;0.00196477;GEBEITST,
KK50;26728;0;0;0.00808204;0.00764204;0.00687204;0.00610204;0.00533308;0.00456995;0.00196477;GEBEITST,
KK50;19337;0;0;0.00227048;0.00205171;0.00196477;0.00209176;0.00330309;0.00722707;0.0160717;GEBEITST,
KK50;19337;0;0;0.00414042;0.00371934;0.00301968;0.00241314;0.0020148;0.00196477;0.00217226;GEBEITST,
KK50;19337;0;0;0.00665204;0.00621204;0.00544262;0.00467823;0.0039284;0.00321322;0.00196477;GEBEITST,
KK50;19337;0;0;0.00808204;0.00764204;0.00687204;0.00610204;0.00533308;0.00456995;0.00196477;GEBEITST,
KK50;12694;0;0;0.00197231;0.00209176;0.00257305;0.0050491;0.0116869;0.023217;0.0395169;GEBEITST,
KK50;12694;0;0;0.00265631;0.00233967;0.00198813;0.00196477;0.00227747;0.00404042;0.00923905;GEBEITST,
KK50;12694;0;0;0.00311568;0.00274359;0.00220669;0.00196477;0.00197231;0.00257305;0.0050491;GEBEITST,
KK50;12694;0;0;0.00414042;0.00371934;0.00301968;0.00241314;0.0020148;0.00196477;0.00217226;GEBEITST,
KK50;12694;0;0;0.00414042;0.00371934;0.00301968;0.00241314;0.0020148;0.00196477;0.00217226;GEBEITST,
KK50;12694;0;0;0.00424721;0.00382354;0.00311568;0.00249087;0.00205171;0.00196477;0.00209176;GEBEITST,
KM30;24330;0;0;0.00277186;0.00364156;0.00567697;0.0130556;0.0252471;0.0422437;0.0641281;GEBEITST,
KM30;48659;0;0;0.00199442;0.00217226;0.00277186;0.00567697;0.0130556;0.0252471;0.0422437;GEBEITST,
KM30;24330;0;0;0.0020148;0.00196477;0.00199442;0.00277186;0.00567697;0.0130556;0.0252471;GEBEITST,
KM30;24330;0;0;0.00301968;0.00265631;0.00214847;0.00196477;0.00199442;0.00277186;0.00567697;GEBEITST,
KM30;24330;0;0;0.00371934;0.0033121;0.00265631;0.00214847;0.00196477;0.00199442;0.00277186;GEBEITST,
KM30;48659;0;0;0.00414042;0.00371934;0.00301968;0.00241314;0.0020148;0.00196477;0.00217226;GEBEITST,
KM30;24330;0;0;0.00753204;0.00709204;0.00632204;0.0055524;0.004787;0.00403409;0.00196477;GEBEITST,
KM40;23272;0;0;0.00241314;0.00214847;0.00196477;0.00199442;0.00277186;0.00567697;0.0130556;GEBEITST,
KM40;23272;0;0;0.00371934;0.0033121;0.00265631;0.00214847;0.00196477;0.00199442;0.00277186;GEBEITST,
KM40;23272;0;0;0.00753204;0.00709204;0.00632204;0.0055524;0.004787;0.00403409;0.00196477;GEBEITST,
TB70;24880;0;0;0.0422437;0.0510236;0.0641281;0.0909081;0.122587;0.159165;0.200643;ZWART,
TB70;24984;0;0;0.00330309;0.00450773;0.00722707;0.0160717;0.0296055;0.0479972;0.0712798;ZWART,
TB70;49968;0;0;0.0019711;0.00196477;0.00209176;0.00330309;0.00722707;0.0160717;0.0296055;ZWART,
TB70;199872;0;0;0.00351372;0.00311568;0.00249087;0.00205171;0.00196477;0.00209176;0.00330309;ZWART,
TB70;99936;0;0;0.00424721;0.00382354;0.00311568;0.00249087;0.00205171;0.00196477;0.00209176;ZWART,
TB70;149904;0;0;0.00654204;0.00610204;0.00533308;0.00456995;0.00382354;0.00311568;0.00196477;ZWART,
TB70;149904;0;0;0.00808204;0.00764204;0.00687204;0.00610204;0.00533308;0.00456995;0.00196477;ZWART,
TB70;149904;0;0;0.00808204;0.00764204;0.00687204;0.00610204;0.00533308;0.00456995;0.00196477;ZWART,
TB70;74409;0;0;0.00351372;0.00311568;0.00249087;0.00205171;0.00196477;0.00209176;0.00330309;ZWART,
TB70;49968;0;0;0.00424721;0.00382354;0.00311568;0.00249087;0.00205171;0.00196477;0.00209176;ZWART,
TB70;74952;0;0;0.00654204;0.00610204;0.00533308;0.00456995;0.00382354;0.00311568;0.00196477;ZWART,
TB70;99936;0;0;0.00808204;0.00764204;0.00687204;0.00610204;0.00533308;0.00456995;0.00196477;ZWART,
TB70;74952;0;0;0.00808204;0.00764204;0.00687204;0.00610204;0.00533308;0.00456995;0.00196477;ZWART,
TB70;29178;0;0;0.0422437;0.0510236;0.0641281;0.0909081;0.122587;0.159165;0.200643;ZWART,
TB70;54132;0;0;0.00330309;0.00450773;0.00722707;0.0160717;0.0296055;0.0479972;0.0712798;ZWART,
TB70;81198;0;0;0.0019711;0.00196477;0.00209176;0.00330309;0.00722707;0.0160717;0.0296055;ZWART,
TB70;216528;0;0;0.00351372;0.00311568;0.00249087;0.00205171;0.00196477;0.00209176;0.00330309;ZWART,
TB70;108264;0;0;0.00424721;0.00382354;0.00311568;0.00249087;0.00205171;0.00196477;0.00209176;ZWART,
TB70;162396;0;0;0.00654204;0.00610204;0.00533308;0.00456995;0.00382354;0.00311568;0.00196477;ZWART,
TB70;162396;0;0;0.00808204;0.00764204;0.00687204;0.00610204;0.00533308;0.00456995;0.00196477;ZWART,
TB70;162396;0;0;0.00808204;0.00764204;0.00687204;0.00610204;0.00533308;0.00456995;0.00196477;ZWART,
TB70;26025;0;0;0.00424721;0.00382354;0.00311568;0.00249087;0.00205171;0.00196477;0.00209176;ZWART,
TB70;26025;0;0;0.00654204;0.00610204;0.00533308;0.00456995;0.00382354;0.00311568;0.00196477;ZWART,
TB70;26025;0;0;0.00808204;0.00764204;0.00687204;0.00610204;0.00533308;0.00456995;0.00196477;ZWART,
TB70;26025;0;0;0.00808204;0.00764204;0.00687204;0.00610204;0.00533308;0.00456995;0.00196477;ZWART,
TB70;19779;0;0;0.00424721;0.00382354;0.00311568;0.00249087;0.00205171;0.00196477;0.00209176;ZWART,
TB70;19779;0;0;0.00654204;0.00610204;0.00533308;0.00456995;0.00382354;0.00311568;0.00196477;ZWART,
TB70;19779;0;0;0.00808204;0.00764204;0.00687204;0.00610204;0.00533308;0.00456995;0.00196477;ZWART,
TB70;39558;0;0;0.00808204;0.00764204;0.00687204;0.00610204;0.00533308;0.00456995;0.00196477;ZWART,
TB70;39558;0;0;0.0422437;0.0510236;0.0641281;0.0909081;0.122587;0.159165;0.200643;ZWART,
TB70;19779;0;0;0.0252471;0.031934;0.0422437;0.0641281;0.0909081;0.122587;0.159165;ZWART,
TB70;39558;0;0;0.0130556;0.0177148;0.0252471;0.0422437;0.0641281;0.0909081;0.122587;ZWART,
TB70;19779;0;0;0.00722707;0.0104179;0.0160717;0.0296055;0.0479972;0.0712798;0.0994592;ZWART,
TB70;39558;0;0;0.00330309;0.00450773;0.00722707;0.0160717;0.0296055;0.0479972;0.0712798;ZWART,
TB70;39558;0;0;0.00209176;0.00240998;0.00330309;0.00722707;0.0160717;0.0296055;0.0479972;ZWART,
TB70;19779;0;0;0.0019711;0.00196477;0.00209176;0.00330309;0.00722707;0.0160717;0.0296055;ZWART,
TB70;19779;0;0;0.00283292;0.00249087;0.00205171;0.00196477;0.00209176;0.00330309;0.00722707;ZWART,
TB70;39558;0;0;0.00351372;0.00311568;0.00249087;0.00205171;0.00196477;0.00209176;0.00330309;ZWART,
TB70;39558;0;0;0.00424721;0.00382354;0.00311568;0.00249087;0.00205171;0.00196477;0.00209176;ZWART,
TB70;39558;0;0;0.00424721;0.00382354;0.00311568;0.00249087;0.00205171;0.00196477;0.00209176;ZWART,
TB70;39558;0;0;0.00424721;0.00382354;0.00311568;0.00249087;0.00205171;0.00196477;0.00209176;ZWART,
TB70;67903;0;0;0.0422437;0.0510236;0.0641281;0.0909081;0.122587;0.159165;0.200643;ZWART,
TB70;65583;0;0;0.0252471;0.031934;0.0422437;0.0641281;0.0909081;0.122587;0.159165;ZWART,
TB70;87444;0;0;0.0130556;0.0177148;0.0252471;0.0422437;0.0641281;0.0909081;0.122587;ZWART,
TB70;43722;0;0;0.00722707;0.0104179;0.0160717;0.0296055;0.0479972;0.0712798;0.0994592;ZWART,
TB70;65583;0;0;0.00330309;0.00450773;0.00722707;0.0160717;0.0296055;0.0479972;0.0712798;ZWART,
TB70;65583;0;0;0.00209176;0.00240998;0.00330309;0.00722707;0.0160717;0.0296055;0.0479972;ZWART,
TB70;43722;0;0;0.0019711;0.00196477;0.00209176;0.00330309;0.00722707;0.0160717;0.0296055;ZWART,
TB70;65583;0;0;0.00283292;0.00249087;0.00205171;0.00196477;0.00209176;0.00330309;0.00722707;ZWART,
TB70;43722;0;0;0.00351372;0.00311568;0.00249087;0.00205171;0.00196477;0.00209176;0.00330309;ZWART,
TB70;65583;0;0;0.00424721;0.00382354;0.00311568;0.00249087;0.00205171;0.00196477;0.00209176;ZWART,
TB70;43722;0;0;0.00424721;0.00382354;0.00311568;0.00249087;0.00205171;0.00196477;0.00209176;ZWART,
TB70;65583;0;0;0.00424721;0.00382354;0.00311568;0.00249087;0.00205171;0.00196477;0.00209176;ZWART,
TB70;26025;0;0;0.00330309;0.00450773;0.00722707;0.0160717;0.0296055;0.0479972;0.0712798;ZWART,
TB70;26025;0;0;0.0019711;0.00196477;0.00209176;0.00330309;0.00722707;0.0160717;0.0296055;ZWART,
TB70;26025;0;0;0.00351372;0.00311568;0.00249087;0.00205171;0.00196477;0.00209176;0.00330309;ZWART,
TB70;26025;0;0;0.00424721;0.00382354;0.00311568;0.00249087;0.00205171;0.00196477;0.00209176;ZWART,
TB70;26025;0;0;0.00654204;0.00610204;0.00533308;0.00456995;0.00382354;0.00311568;0.00196477;ZWART,
TB70;26025;0;0;0.00808204;0.00764204;0.00687204;0.00610204;0.00533308;0.00456995;0.00196477;ZWART,
TB70;26025;0;0;0.00808204;0.00764204;0.00687204;0.00610204;0.00533308;0.00456995;0.00196477;ZWART,
KM40;50629;0;0;0.00240998;0.00301436;0.00450773;0.0104179;0.0212855;0.0368895;0.057376;GEBEITST,
KM40;76162;0;0;0.00775204;0.00731204;0.00654204;0.00577204;0.00500497;0.00424721;0.00196477;GEBEITST,
KM40;50775;0;0;0.00808204;0.00764204;0.00687204;0.00610204;0.00533308;0.00456995;0.00196477;GEBEITST,
KT20;38081;0;0;0.00196477;0.00197231;0.00217226;0.00364156;0.00817559;0.0177148;0.031934;GEBEITST,
KT20;19041;0;0;0.00414042;0.00371934;0.00301968;0.00241314;0.0020148;0.00196477;0.00217226;GEBEITST,
KT20;38081;0;0;0.00643204;0.00599204;0.0052236;0.0044619;0.00371934;0.00301968;0.00196477;GEBEITST,
KT20;38081;0;0;0.00720204;0.00676204;0.00599204;0.0052236;0.0044619;0.00371934;0.00196477;GEBEITST,
KT20;38081;0;0;0.00797204;0.00753204;0.00676204;0.00599204;0.0052236;0.0044619;0.00196477;GEBEITST,
KT20;38081;0;0;0.00808204;0.00764204;0.00687204;0.00610204;0.00533308;0.00456995;0.00196477;GEBEITST,
KT20;38081;0;0;0.00808204;0.00764204;0.00687204;0.00610204;0.00533308;0.00456995;0.00196477;GEBEITST,
KM50;47602;0;0;0.00371934;0.0033121;0.00265631;0.00214847;0.00196477;0.00199442;0.00277186;GEBEITST,
KM50;47602;0;0;0.00414042;0.00371934;0.00301968;0.00241314;0.0020148;0.00196477;0.00217226;GEBEITST,
KM50;31734;0;0;0.00424721;0.00382354;0.00311568;0.00249087;0.00205171;0.00196477;0.00209176;GEBEITST,
KM50;47602;0;0;0.00599204;0.0055524;0.004787;0.00403409;0.0033121;0.00265631;0.00196477;GEBEITST,
KM50;47602;0;0;0.00676204;0.00632204;0.0055524;0.004787;0.00403409;0.0033121;0.00196477;GEBEITST,
KM50;31734;0;0;0.00808204;0.00764204;0.00687204;0.00610204;0.00533308;0.00456995;0.00196477;GEBEITST,
KM50;47602;0;0;0.00808204;0.00764204;0.00687204;0.00610204;0.00533308;0.00456995;0.00196477;GEBEITST,
KM50;47602;0;0;0.00808204;0.00764204;0.00687204;0.00610204;0.00533308;0.00456995;0.00196477;GEBEITST,
T230;30530;0;0;0.00198813;0.00196477;0.00203321;0.00301436;0.00639731;0.0145202;0.0273767;GALTEC,SDG,TTS,HDG,
T230;30530;0;0;0.00227048;0.00205171;0.00196477;0.00209176;0.00330309;0.00722707;0.0160717;GALTEC,SDG,TTS,HDG,
T230;30530;0;0;0.00292537;0.00257191;0.00209667;0.00196477;0.00203321;0.00301436;0.00639731;GALTEC,SDG,TTS,HDG,
T230;30530;0;0;0.0039284;0.00351372;0.00283292;0.00227048;0.0019711;0.00196477;0.00240998;GALTEC,SDG,TTS,HDG,
T230;61060;0;0;0.00424721;0.00382354;0.00311568;0.00249087;0.00205171;0.00196477;0.00209176;GALTEC,SDG,TTS,HDG,
T230;30530;0;0;0.00588204;0.00544262;0.00467823;0.0039284;0.00321322;0.00257191;0.00196477;GALTEC,SDG,TTS,HDG,
T230;61060;0;0;0.00665204;0.00621204;0.00544262;0.00467823;0.0039284;0.00321322;0.00196477;GALTEC,SDG,TTS,HDG,
T230;30530;0;0;0.00742204;0.00698204;0.00621204;0.00544262;0.00467823;0.0039284;0.00196477;GALTEC,SDG,TTS,HDG,
T230;61060;0;0;0.00808204;0.00764204;0.00687204;0.00610204;0.00533308;0.00456995;0.00196477;GALTEC,SDG,TTS,HDG,
T230;30530;0;0;0.00808204;0.00764204;0.00687204;0.00610204;0.00533308;0.00456995;0.00196477;GALTEC,SDG,TTS,HDG,
T230;61060;0;0;0.00808204;0.00764204;0.00687204;0.00610204;0.00533308;0.00456995;0.00196477;GALTEC,SDG,TTS,HDG,
KK50;49227;0;0;0.0020148;0.00196477;0.00199442;0.00277186;0.00567697;0.0130556;0.0252471;GEBEITST,
KK50;24613;0;0;0.00424721;0.00382354;0.00311568;0.00249087;0.00205171;0.00196477;0.00209176;GEBEITST,
KK50;24613;0;0;0.00808204;0.00764204;0.00687204;0.00610204;0.00533308;0.00456995;0.00196477;GEBEITST,
T230;10661;0;0;0.0194514;0.0252471;0.0343621;0.0541498;0.0788313;0.10841;0.142889;SG3,SDG,BT2,HDG,
T230;21324;0;0;0.00214847;0.00198813;0.00196477;0.00227747;0.00404042;0.00923905;0.0194514;SG3,SDG,BT2,HDG,
T230;21324;0;0;0.00283292;0.00249087;0.00205171;0.00196477;0.00209176;0.00330309;0.00722707;SG3,SDG,BT2,HDG,
T230;21324;0;0;0.00424721;0.00382354;0.00311568;0.00249087;0.00205171;0.00196477;0.00209176;SG3,SDG,BT2,HDG,
T230;31985;0;0;0.00424721;0.00382354;0.00311568;0.00249087;0.00205171;0.00196477;0.00209176;SG3,SDG,BT2,HDG,
T230;21324;0;0;0.00654204;0.00610204;0.00533308;0.00456995;0.00382354;0.00311568;0.00196477;SG3,SDG,BT2,HDG,
T230;21324;0;0;0.00808204;0.00764204;0.00687204;0.00610204;0.00533308;0.00456995;0.00196477;SG3,SDG,BT2,HDG,
T230;21324;0;0;0.00808204;0.00764204;0.00687204;0.00610204;0.00533308;0.00456995;0.00196477;SG3,SDG,BT2,HDG,
T230;21324;0;0;0.00808204;0.00764204;0.00687204;0.00610204;0.00533308;0.00456995;0.00196477;SG3,SDG,BT2,HDG,
T230;21324;0;0;0.00808204;0.00764204;0.00687204;0.00610204;0.00533308;0.00456995;0.00196477;SG3,SDG,BT2,HDG,
T230;21324;0;0;0.00808204;0.00764204;0.00687204;0.00610204;0.00533308;0.00456995;0.00196477;SG3,SDG,BT2,HDG,
LK50;21156;0;0;0.0039284;0.00351372;0.00283292;0.00227048;0.0019711;0.00196477;0.00240998;GEBEITST,
LK50;105781;0;0;0.00775204;0.00731204;0.00654204;0.00577204;0.00500497;0.00424721;0.00196477;GEBEITST,
T230;42772;0;0;0.0020148;0.00196477;0.00199442;0.00277186;0.00567697;0.0130556;0.0252471;GALTEC,SDG,TTS,HDG,
T230;42772;0;0;0.00311568;0.00274359;0.00220669;0.00196477;0.00197231;0.00257305;0.0050491;GALTEC,SDG,TTS,HDG,
T230;42772;0;0;0.00382354;0.00341243;0.00274359;0.00220669;0.00196477;0.00197231;0.00257305;GALTEC,SDG,TTS,HDG,
T230;21387;0;0;0.0039284;0.00351372;0.00283292;0.00227048;0.0019711;0.00196477;0.00240998;GALTEC,SDG,TTS,HDG,
T230;21387;0;0;0.00424721;0.00382354;0.00311568;0.00249087;0.00205171;0.00196477;0.00209176;GALTEC,SDG,TTS,HDG,
T230;42772;0;0;0.00610204;0.00566213;0.00489585;0.00414042;0.00341243;0.00274359;0.00196477;GALTEC,SDG,TTS,HDG,
T230;42772;0;0;0.00687204;0.00643204;0.00566213;0.00489585;0.00414042;0.00341243;0.00196477;GALTEC,SDG,TTS,HDG,
T230;42772;0;0;0.00764204;0.00720204;0.00643204;0.00566213;0.00489585;0.00414042;0.00196477;GALTEC,SDG,TTS,HDG,
T230;21387;0;0;0.00808204;0.00764204;0.00687204;0.00610204;0.00533308;0.00456995;0.00196477;GALTEC,SDG,TTS,HDG,
T230;21387;0;0;0.00808204;0.00764204;0.00687204;0.00610204;0.00533308;0.00456995;0.00196477;GALTEC,SDG,TTS,HDG,
TB60;21199;0;0;0.00199442;0.00217226;0.00277186;0.00567697;0.0130556;0.0252471;0.0422437;GALTEC,SDG,BT2,HDG,
TB60;21199;0;0;0.00321322;0.00283292;0.00227048;0.0019711;0.00196477;0.00240998;0.00450773;GALTEC,SDG,BT2,HDG,
TB60;21199;0;0;0.00424721;0.00382354;0.00311568;0.00249087;0.00205171;0.00196477;0.00209176;GALTEC,SDG,BT2,HDG,
TB60;21199;0;0;0.00709204;0.00665204;0.00588204;0.00511421;0.00435446;0.003616;0.00196477;GALTEC,SDG,BT2,HDG,
TB60;21199;0;0;0.00808204;0.00764204;0.00687204;0.00610204;0.00533308;0.00456995;0.00196477;GALTEC,SDG,BT2,HDG,
K710;21261;0;0;0.00808204;0.00764204;0.00687204;0.00610204;0.00533308;0.00456995;0.00196477;CAPL,BT2,
K710;42523;0;0;0.00808204;0.00764204;0.00687204;0.00610204;0.00533308;0.00456995;0.00196477;CAPL,BT2,
TB30;24647;0;0;0.00403409;0.003616;0.00292537;0.00233967;0.00198813;0.00196477;0.00227747;GALTEC,SDG,BT2,HDG,
TB30;24647;0;0;0.00808204;0.00764204;0.00687204;0.00610204;0.00533308;0.00456995;0.00196477;GALTEC,SDG,BT2,HDG,
T230;24696;0;0;0.00722707;0.0104179;0.0160717;0.0296055;0.0479972;0.0712798;0.0994592;GALTEC,SDG,TTS,HDG,
T230;49391;0;0;0.00330309;0.00450773;0.00722707;0.0160717;0.0296055;0.0479972;0.0712798;GALTEC,SDG,TTS,HDG,
T230;49391;0;0;0.0019711;0.00196477;0.00209176;0.00330309;0.00722707;0.0160717;0.0296055;GALTEC,SDG,TTS,HDG,
T230;20042;0;0;0.00364156;0.0050491;0.00817559;0.0177148;0.031934;0.0510236;0.0750055;GALTEC,SDG,BT2,HDG,
T230;20042;0;0;0.00209176;0.00240998;0.00330309;0.00722707;0.0160717;0.0296055;0.0479972;GALTEC,SDG,BT2,HDG,
T230;20042;0;0;0.0019711;0.00196477;0.00209176;0.00330309;0.00722707;0.0160717;0.0296055;GALTEC,SDG,BT2,HDG,
T230;20042;0;0;0.00227048;0.00205171;0.00196477;0.00209176;0.00330309;0.00722707;0.0160717;GALTEC,SDG,BT2,HDG,
T230;20042;0;0;0.00283292;0.00249087;0.00205171;0.00196477;0.00209176;0.00330309;0.00722707;GALTEC,SDG,BT2,HDG,
T230;20042;0;0;0.00424721;0.00382354;0.00311568;0.00249087;0.00205171;0.00196477;0.00209176;GALTEC,SDG,BT2,HDG,
T230;20042;0;0;0.00424721;0.00382354;0.00311568;0.00249087;0.00205171;0.00196477;0.00209176;GALTEC,SDG,BT2,HDG,
T230;20042;0;0;0.00424721;0.00382354;0.00311568;0.00249087;0.00205171;0.00196477;0.00209176;GALTEC,SDG,BT2,HDG,
T230;20042;0;0;0.00654204;0.00610204;0.00533308;0.00456995;0.00382354;0.00311568;0.00196477;GALTEC,SDG,BT2,HDG,
T230;20042;0;0;0.00808204;0.00764204;0.00687204;0.00610204;0.00533308;0.00456995;0.00196477;GALTEC,SDG,BT2,HDG,
L620;26500;0;0;0.00214847;0.00198813;0.00196477;0.00227747;0.00404042;0.00923905;0.0194514;GALTEC,SDG,TTS,HDG,
L620;26500;0;0;0.0039284;0.00351372;0.00283292;0.00227048;0.0019711;0.00196477;0.00240998;GALTEC,SDG,TTS,HDG,
L620;26500;0;0;0.00424721;0.00382354;0.00311568;0.00249087;0.00205171;0.00196477;0.00209176;GALTEC,SDG,TTS,HDG,
L620;26500;0;0;0.00709204;0.00665204;0.00588204;0.00511421;0.00435446;0.003616;0.00196477;GALTEC,SDG,TTS,HDG,
L620;26500;0;0;0.00786204;0.00742204;0.00665204;0.00588204;0.00511421;0.00435446;0.00196477;GALTEC,SDG,TTS,HDG,
L620;26500;0;0;0.00808204;0.00764204;0.00687204;0.00610204;0.00533308;0.00456995;0.00196477;GALTEC,SDG,TTS,HDG,
L620;22325;0;0;0.00424721;0.00382354;0.00311568;0.00249087;0.00205171;0.00196477;0.00209176;GALTEC,SDG,TTS,HDG,
L620;22325;0;0;0.00808204;0.00764204;0.00687204;0.00610204;0.00533308;0.00456995;0.00196477;GALTEC,SDG,TTS,HDG,
T230;24427;0;0;0.00214847;0.00198813;0.00196477;0.00227747;0.00404042;0.00923905;0.0194514;GALTEC,SDG,TTS,HDG,
T230;24427;0;0;0.00632204;0.00588204;0.00511421;0.00435446;0.003616;0.00292537;0.00196477;GALTEC,SDG,TTS,HDG,
T230;24427;0;0;0.00786204;0.00742204;0.00665204;0.00588204;0.00511421;0.00435446;0.00196477;GALTEC,SDG,TTS,HDG,
T230;24427;0;0;0.00808204;0.00764204;0.00687204;0.00610204;0.00533308;0.00456995;0.00196477;GALTEC,SDG,TTS,HDG,
T250;28424;0;0;0.00610204;0.00566213;0.00489585;0.00414042;0.00341243;0.00274359;0.00196477;SG3,SDG,TTS,HDG,
T250;28424;0;0;0.00808204;0.00764204;0.00687204;0.00610204;0.00533308;0.00456995;0.00196477;SG3,SDG,TTS,HDG,
TB60;19006;0;0;0.00414042;0.00371934;0.00301968;0.00241314;0.0020148;0.00196477;0.00217226;GALTEC,SDG,BT2,HDG,
TB60;19006;0;0;0.00808204;0.00764204;0.00687204;0.00610204;0.00533308;0.00456995;0.00196477;GALTEC,SDG,BT2,HDG,
T230;32918;0;0;0.00450773;0.00639731;0.0104179;0.0212855;0.0368895;0.057376;0.082757;GALTEC,SDG,TTS,HDG,
T230;31985;0;0;0.00240998;0.00301436;0.00450773;0.0104179;0.0212855;0.0368895;0.057376;GALTEC,SDG,TTS,HDG,
T230;47978;0;0;0.00196477;0.00199442;0.00227747;0.00404042;0.00923905;0.0194514;0.0343621;GALTEC,SDG,TTS,HDG,
T230;79963;0;0;0.00214847;0.00198813;0.00196477;0.00227747;0.00404042;0.00923905;0.0194514;GALTEC,SDG,TTS,HDG,
T230;31985;0;0;0.0039284;0.00351372;0.00283292;0.00227048;0.0019711;0.00196477;0.00240998;GALTEC,SDG,TTS,HDG,
T230;31985;0;0;0.0039284;0.00351372;0.00283292;0.00227048;0.0019711;0.00196477;0.00240998;GALTEC,SDG,TTS,HDG,
T230;31985;0;0;0.00424721;0.00382354;0.00311568;0.00249087;0.00205171;0.00196477;0.00209176;GALTEC,SDG,TTS,HDG,
T230;31985;0;0;0.00632204;0.00588204;0.00511421;0.00435446;0.003616;0.00292537;0.00196477;GALTEC,SDG,TTS,HDG,
T230;31985;0;0;0.00709204;0.00665204;0.00588204;0.00511421;0.00435446;0.003616;0.00196477;GALTEC,SDG,TTS,HDG,
T230;47978;0;0;0.00786204;0.00742204;0.00665204;0.00588204;0.00511421;0.00435446;0.00196477;GALTEC,SDG,TTS,HDG,
T230;47978;0;0;0.00808204;0.00764204;0.00687204;0.00610204;0.00533308;0.00456995;0.00196477;GALTEC,SDG,TTS,HDG,
T230;31985;0;0;0.00808204;0.00764204;0.00687204;0.00610204;0.00533308;0.00456995;0.00196477;GALTEC,SDG,TTS,HDG,
KN50;17698;0;0;0.00220669;0.0020148;0.00196477;0.00217226;0.00364156;0.00817559;0.0177148;GALTEC,SDG,BT2,HDG,
KN50;18090;0;0;0.00643204;0.00599204;0.0052236;0.0044619;0.00371934;0.00301968;0.00196477;GALTEC,SDG,BT2,HDG,
KN50;18090;0;0;0.00808204;0.00764204;0.00687204;0.00610204;0.00533308;0.00456995;0.00196477;GALTEC,SDG,BT2,HDG,
TB60;20218;0;0;0.00808204;0.00764204;0.00687204;0.00610204;0.00533308;0.00456995;0.00196477;SG3,SDG,BT2,HDG,
TB60;19080;0;0;0.00414042;0.00371934;0.00301968;0.00241314;0.0020148;0.00196477;0.00217226;GALTEC,SDG,BT2,HDG,
TB60;19080;0;0;0.00424721;0.00382354;0.00311568;0.00249087;0.00205171;0.00196477;0.00209176;GALTEC,SDG,BT2,HDG,
TB60;19080;0;0;0.00797204;0.00753204;0.00676204;0.00599204;0.0052236;0.0044619;0.00196477;GALTEC,SDG,BT2,HDG,
TB60;19080;0;0;0.00808204;0.00764204;0.00687204;0.00610204;0.00533308;0.00456995;0.00196477;GALTEC,SDG,BT2,HDG,
T230;20341;0;0;0.00808204;0.00764204;0.00687204;0.00610204;0.00533308;0.00456995;0.00196477;BAF_HNX,BAF,BT2,
T230;20341;0;0;0.00808204;0.00764204;0.00687204;0.00610204;0.00533308;0.00456995;0.00196477;BAF_HNX,BAF,BT2,
T210;14600;0;0;0.0039284;0.00351372;0.00283292;0.00227048;0.0019711;0.00196477;0.00240998;GALTEC,SDG,BT2,HDG,
T210;18820;0;0;0.00424721;0.00382354;0.00311568;0.00249087;0.00205171;0.00196477;0.00209176;GALTEC,SDG,BT2,HDG,
T210;18820;0;0;0.00424721;0.00382354;0.00311568;0.00249087;0.00205171;0.00196477;0.00209176;GALTEC,SDG,BT2,HDG,
T210;18820;0;0;0.00621204;0.00577204;0.00500497;0.00424721;0.00351372;0.00283292;0.00196477;GALTEC,SDG,BT2,HDG,
T210;37639;0;0;0.00698204;0.00654204;0.00577204;0.00500497;0.00424721;0.00351372;0.00196477;GALTEC,SDG,BT2,HDG,
T210;18820;0;0;0.00775204;0.00731204;0.00654204;0.00577204;0.00500497;0.00424721;0.00196477;GALTEC,SDG,BT2,HDG,
T210;18820;0;0;0.00808204;0.00764204;0.00687204;0.00610204;0.00533308;0.00456995;0.00196477;GALTEC,SDG,BT2,HDG,
T210;18820;0;0;0.00808204;0.00764204;0.00687204;0.00610204;0.00533308;0.00456995;0.00196477;GALTEC,SDG,BT2,HDG,
T210;5140;0;0;0.0020148;0.00196477;0.00199442;0.00277186;0.00567697;0.0130556;0.0252471;GALTEC,SDG,TTS,HDG,
T210;18783;0;0;0.0039284;0.00351372;0.00283292;0.00227048;0.0019711;0.00196477;0.00240998;GALTEC,SDG,TTS,HDG,
T210;18783;0;0;0.00424721;0.00382354;0.00311568;0.00249087;0.00205171;0.00196477;0.00209176;GALTEC,SDG,TTS,HDG,
T210;18783;0;0;0.00687204;0.00643204;0.00566213;0.00489585;0.00414042;0.00341243;0.00196477;GALTEC,SDG,TTS,HDG,
T210;18783;0;0;0.00808204;0.00764204;0.00687204;0.00610204;0.00533308;0.00456995;0.00196477;GALTEC,SDG,TTS,HDG,
T210;14724;0;0;0.0039284;0.00351372;0.00283292;0.00227048;0.0019711;0.00196477;0.00240998;GALTEC,SDG,TTS,HDG,
T210;14724;0;0;0.00424721;0.00382354;0.00311568;0.00249087;0.00205171;0.00196477;0.00209176;GALTEC,SDG,TTS,HDG,
T210;14724;0;0;0.00632204;0.00588204;0.00511421;0.00435446;0.003616;0.00292537;0.00196477;GALTEC,SDG,TTS,HDG,
T210;14724;0;0;0.00709204;0.00665204;0.00588204;0.00511421;0.00435446;0.003616;0.00196477;GALTEC,SDG,TTS,HDG,
T210;14724;0;0;0.00808204;0.00764204;0.00687204;0.00610204;0.00533308;0.00456995;0.00196477;GALTEC,SDG,TTS,HDG,
T210;14724;0;0;0.00808204;0.00764204;0.00687204;0.00610204;0.00533308;0.00456995;0.00196477;GALTEC,SDG,TTS,HDG,
T210;14724;0;0;0.00808204;0.00764204;0.00687204;0.00610204;0.00533308;0.00456995;0.00196477;GALTEC,SDG,TTS,HDG,
KN40;24430;0;0;0.00257191;0.00227048;0.0019711;0.00196477;0.00240998;0.00450773;0.0104179;GALTEC,SDG,TTS,HDG,
KN40;24430;0;0;0.00698204;0.00654204;0.00577204;0.00500497;0.00424721;0.00351372;0.00196477;GALTEC,SDG,TTS,HDG,
KN40;24430;0;0;0.00808204;0.00764204;0.00687204;0.00610204;0.00533308;0.00456995;0.00196477;GALTEC,SDG,TTS,HDG,
KN40;15853;0;0;0.00240998;0.00301436;0.00450773;0.0104179;0.0212855;0.0368895;0.057376;GALTEC,SDG,TTS,HDG,
KN40;15853;0;0;0.0039284;0.00351372;0.00283292;0.00227048;0.0019711;0.00196477;0.00240998;GALTEC,SDG,TTS,HDG,
KN40;15853;0;0;0.00709204;0.00665204;0.00588204;0.00511421;0.00435446;0.003616;0.00196477;GALTEC,SDG,TTS,HDG,
KN40;15853;0;0;0.00808204;0.00764204;0.00687204;0.00610204;0.00533308;0.00456995;0.00196477;GALTEC,SDG,TTS,HDG,
KN40;15853;0;0;0.00808204;0.00764204;0.00687204;0.00610204;0.00533308;0.00456995;0.00196477;GALTEC,SDG,TTS,HDG,
KN40;16011;0;0;0.00364156;0.0050491;0.00817559;0.0177148;0.031934;0.0510236;0.0750055;GALTEC,SDG,BT2,HDG,
KN40;16011;0;0;0.00196477;0.00203321;0.00240998;0.00450773;0.0104179;0.0212855;0.0368895;GALTEC,SDG,BT2,HDG,
KN40;16011;0;0;0.00414042;0.00371934;0.00301968;0.00241314;0.0020148;0.00196477;0.00217226;GALTEC,SDG,BT2,HDG,
KN40;16011;0;0;0.00643204;0.00599204;0.0052236;0.0044619;0.00371934;0.00301968;0.00196477;GALTEC,SDG,BT2,HDG,
KN40;16011;0;0;0.00808204;0.00764204;0.00687204;0.00610204;0.00533308;0.00456995;0.00196477;GALTEC,SDG,BT2,HDG,
KN30;15996;0;0;0.0039284;0.00351372;0.00283292;0.00227048;0.0019711;0.00196477;0.00240998;GALTEC,SDG,TTS,HDG,
KN30;15996;0;0;0.00709204;0.00665204;0.00588204;0.00511421;0.00435446;0.003616;0.00196477;GALTEC,SDG,TTS,HDG,
KN30;15996;0;0;0.00786204;0.00742204;0.00665204;0.00588204;0.00511421;0.00435446;0.00196477;GALTEC,SDG,TTS,HDG,
KN30;15996;0;0;0.00808204;0.00764204;0.00687204;0.00610204;0.00533308;0.00456995;0.00196477;GALTEC,SDG,TTS,HDG,
L620;8012;0;0;0.00196477;0.00203321;0.00240998;0.00450773;0.0104179;0.0212855;0.0368895;GALTEC,SDG,BT2,HDG,
L620;47792;0;0;0.00220669;0.0020148;0.00196477;0.00217226;0.00364156;0.00817559;0.0177148;GALTEC,SDG,BT2,HDG,
L620;15931;0;0;0.00414042;0.00371934;0.00301968;0.00241314;0.0020148;0.00196477;0.00217226;GALTEC,SDG,BT2,HDG,
L620;15931;0;0;0.00424721;0.00382354;0.00311568;0.00249087;0.00205171;0.00196477;0.00209176;GALTEC,SDG,BT2,HDG,
L620;31861;0;0;0.00424721;0.00382354;0.00311568;0.00249087;0.00205171;0.00196477;0.00209176;GALTEC,SDG,BT2,HDG,
L620;15931;0;0;0.00643204;0.00599204;0.0052236;0.0044619;0.00371934;0.00301968;0.00196477;GALTEC,SDG,BT2,HDG,
L620;31861;0;0;0.00720204;0.00676204;0.00599204;0.0052236;0.0044619;0.00371934;0.00196477;GALTEC,SDG,BT2,HDG,
L620;15931;0;0;0.00797204;0.00753204;0.00676204;0.00599204;0.0052236;0.0044619;0.00196477;GALTEC,SDG,BT2,HDG,
L620;31861;0;0;0.00808204;0.00764204;0.00687204;0.00610204;0.00533308;0.00456995;0.00196477;GALTEC,SDG,BT2,HDG,
L620;31861;0;0;0.00808204;0.00764204;0.00687204;0.00610204;0.00533308;0.00456995;0.00196477;GALTEC,SDG,BT2,HDG,
L620;9213;0;0;0.00786204;0.00742204;0.00665204;0.00588204;0.00511421;0.00435446;0.00196477;GALTEC,SDG,TTS,HDG,
L620;15933;0;0;0.00808204;0.00764204;0.00687204;0.00610204;0.00533308;0.00456995;0.00196477;GALTEC,SDG,TTS,HDG,
KN40;15886;0;0;0.00196477;0.00199442;0.00227747;0.00404042;0.00923905;0.0194514;0.0343621;GALTEC,SDG,TTS,HDG,
KN40;15886;0;0;0.00214847;0.00198813;0.00196477;0.00227747;0.00404042;0.00923905;0.0194514;GALTEC,SDG,TTS,HDG,
KN40;15886;0;0;0.0039284;0.00351372;0.00283292;0.00227048;0.0019711;0.00196477;0.00240998;GALTEC,SDG,TTS,HDG,
KN40;15886;0;0;0.0039284;0.00351372;0.00283292;0.00227048;0.0019711;0.00196477;0.00240998;GALTEC,SDG,TTS,HDG,
KN40;15886;0;0;0.00632204;0.00588204;0.00511421;0.00435446;0.003616;0.00292537;0.00196477;GALTEC,SDG,TTS,HDG,
KN40;15886;0;0;0.00709204;0.00665204;0.00588204;0.00511421;0.00435446;0.003616;0.00196477;GALTEC,SDG,TTS,HDG,
KN40;15886;0;0;0.00808204;0.00764204;0.00687204;0.00610204;0.00533308;0.00456995;0.00196477;GALTEC,SDG,TTS,HDG,
KN40;15886;0;0;0.00808204;0.00764204;0.00687204;0.00610204;0.00533308;0.00456995;0.00196477;GALTEC,SDG,TTS,HDG,
KN50;15996;0;0;0.00220669;0.0020148;0.00196477;0.00217226;0.00364156;0.00817559;0.0177148;GALTEC,SDG,BT2,HDG,
KN50;15996;0;0;0.00414042;0.00371934;0.00301968;0.00241314;0.0020148;0.00196477;0.00217226;GALTEC,SDG,BT2,HDG,
KN50;15996;0;0;0.00643204;0.00599204;0.0052236;0.0044619;0.00371934;0.00301968;0.00196477;GALTEC,SDG,BT2,HDG,
KN50;15996;0;0;0.00797204;0.00753204;0.00676204;0.00599204;0.0052236;0.0044619;0.00196477;GALTEC,SDG,BT2,HDG,
KN50;15996;0;0;0.00808204;0.00764204;0.00687204;0.00610204;0.00533308;0.00456995;0.00196477;GALTEC,SDG,BT2,HDG,
KN50;15996;0;0;0.00808204;0.00764204;0.00687204;0.00610204;0.00533308;0.00456995;0.00196477;GALTEC,SDG,BT2,HDG,
L650;31861;0;0;0.00731204;0.00687204;0.00610204;0.00533308;0.00456995;0.00382354;0.00196477;CAPL,BT2,
L650;31861;0;0;0.00808204;0.00764204;0.00687204;0.00610204;0.00533308;0.00456995;0.00196477;CAPL,BT2,
L650;15931;0;0;0.00808204;0.00764204;0.00687204;0.00610204;0.00533308;0.00456995;0.00196477;CAPL,BT2,
L650;15931;0;0;0.00808204;0.00764204;0.00687204;0.00610204;0.00533308;0.00456995;0.00196477;CAPL,BT2,
L650;63846;0;0;0.00654204;0.00610204;0.00533308;0.00456995;0.00382354;0.00311568;0.00196477;CAPL,BT2,
L650;63846;0;0;0.00731204;0.00687204;0.00610204;0.00533308;0.00456995;0.00382354;0.00196477;CAPL,BT2,
L650;63846;0;0;0.00808204;0.00764204;0.00687204;0.00610204;0.00533308;0.00456995;0.00196477;CAPL,BT2,
L650;47885;0;0;0.00808204;0.00764204;0.00687204;0.00610204;0.00533308;0.00456995;0.00196477;CAPL,BT2,
L650;47885;0;0;0.00808204;0.00764204;0.00687204;0.00610204;0.00533308;0.00456995;0.00196477;CAPL,BT2,
L620;15915;0;0;0.00709204;0.00665204;0.00588204;0.00511421;0.00435446;0.003616;0.00196477;GALTEC,SDG,TTS,HDG,
L620;15996;0;0;0.00424721;0.00382354;0.00311568;0.00249087;0.00205171;0.00196477;0.00209176;GALTEC,SDG,BT2,HDG,
L620;15996;0;0;0.00643204;0.00599204;0.0052236;0.0044619;0.00371934;0.00301968;0.00196477;GALTEC,SDG,BT2,HDG,
L620;15996;0;0;0.00797204;0.00753204;0.00676204;0.00599204;0.0052236;0.0044619;0.00196477;GALTEC,SDG,BT2,HDG,
L620;15996;0;0;0.00808204;0.00764204;0.00687204;0.00610204;0.00533308;0.00456995;0.00196477;GALTEC,SDG,BT2,HDG,
KN50;7443;0;0;0.00196477;0.00199442;0.00227747;0.00404042;0.00923905;0.0194514;0.0343621;GALTEC,SDG,TTS,HDG,
KN50;31898;0;0;0.00214847;0.00198813;0.00196477;0.00227747;0.00404042;0.00923905;0.0194514;GALTEC,SDG,TTS,HDG,
KN50;15948;0;0;0.00424721;0.00382354;0.00311568;0.00249087;0.00205171;0.00196477;0.00209176;GALTEC,SDG,TTS,HDG,
KN50;15948;0;0;0.00709204;0.00665204;0.00588204;0.00511421;0.00435446;0.003616;0.00196477;GALTEC,SDG,TTS,HDG,
KN50;15948;0;0;0.00786204;0.00742204;0.00665204;0.00588204;0.00511421;0.00435446;0.00196477;GALTEC,SDG,TTS,HDG,
KN50;15948;0;0;0.00808204;0.00764204;0.00687204;0.00610204;0.00533308;0.00456995;0.00196477;GALTEC,SDG,TTS,HDG,
T230;29168;0;0;0.00424721;0.00382354;0.00311568;0.00249087;0.00205171;0.00196477;0.00209176;GALTEC,SDG,TTS,HDG,
T230;18783;0;0;0.00610204;0.00566213;0.00489585;0.00414042;0.00341243;0.00274359;0.00196477;GALTEC,SDG,TTS,HDG,
T230;37565;0;0;0.00687204;0.00643204;0.00566213;0.00489585;0.00414042;0.00341243;0.00196477;GALTEC,SDG,TTS,HDG,
T230;18783;0;0;0.00764204;0.00720204;0.00643204;0.00566213;0.00489585;0.00414042;0.00196477;GALTEC,SDG,TTS,HDG,
T230;37565;0;0;0.00808204;0.00764204;0.00687204;0.00610204;0.00533308;0.00456995;0.00196477;GALTEC,SDG,TTS,HDG,
T230;18783;0;0;0.00808204;0.00764204;0.00687204;0.00610204;0.00533308;0.00456995;0.00196477;GALTEC,SDG,TTS,HDG,
T230;65649;0;0;0.00198813;0.00196477;0.00203321;0.00301436;0.00639731;0.0145202;0.0273767;SG3,SDG,TTS,HDG,
T230;94562;0;0;0.003616;0.00321322;0.00257191;0.00209667;0.00196477;0.00203321;0.00301436;SG3,SDG,TTS,HDG,
T230;94562;0;0;0.0039284;0.00351372;0.00283292;0.00227048;0.0019711;0.00196477;0.00240998;SG3,SDG,TTS,HDG,
T230;75649;0;0;0.00424721;0.00382354;0.00311568;0.00249087;0.00205171;0.00196477;0.00209176;SG3,SDG,TTS,HDG,
T230;94562;0;0;0.00588204;0.00544262;0.00467823;0.0039284;0.00321322;0.00257191;0.00196477;SG3,SDG,TTS,HDG,
T230;113475;0;0;0.00665204;0.00621204;0.00544262;0.00467823;0.0039284;0.00321322;0.00196477;SG3,SDG,TTS,HDG,
T230;94562;0;0;0.00742204;0.00698204;0.00621204;0.00544262;0.00467823;0.0039284;0.00196477;SG3,SDG,TTS,HDG,
T230;94562;0;0;0.00808204;0.00764204;0.00687204;0.00610204;0.00533308;0.00456995;0.00196477;SG3,SDG,TTS,HDG,
T230;75649;0;0;0.00808204;0.00764204;0.00687204;0.00610204;0.00533308;0.00456995;0.00196477;SG3,SDG,TTS,HDG,
T230;16008;0;0;0.00197231;0.00209176;0.00257305;0.0050491;0.0116869;0.023217;0.0395169;SG3,SDG,TTS,HDG,
T230;16008;0;0;0.0020148;0.00196477;0.00199442;0.00277186;0.00567697;0.0130556;0.0252471;SG3,SDG,TTS,HDG,
T230;16008;0;0;0.0039284;0.00351372;0.00283292;0.00227048;0.0019711;0.00196477;0.00240998;SG3,SDG,TTS,HDG,
T230;16008;0;0;0.00687204;0.00643204;0.00566213;0.00489585;0.00414042;0.00341243;0.00196477;SG3,SDG,TTS,HDG,
T230;16008;0;0;0.00808204;0.00764204;0.00687204;0.00610204;0.00533308;0.00456995;0.00196477;SG3,SDG,TTS,HDG,
T230;5041;0;0;0.00214847;0.00198813;0.00196477;0.00227747;0.00404042;0.00923905;0.0194514;GALTEC,SDG,TTS,HDG,
T230;16090;0;0;0.0039284;0.00351372;0.00283292;0.00227048;0.0019711;0.00196477;0.00240998;GALTEC,SDG,TTS,HDG,
T230;16090;0;0;0.0039284;0.00351372;0.00283292;0.00227048;0.0019711;0.00196477;0.00240998;GALTEC,SDG,TTS,HDG,
T230;16090;0;0;0.00632204;0.00588204;0.00511421;0.00435446;0.003616;0.00292537;0.00196477;GALTEC,SDG,TTS,HDG,
T230;16090;0;0;0.00709204;0.00665204;0.00588204;0.00511421;0.00435446;0.003616;0.00196477;GALTEC,SDG,TTS,HDG,
T230;16090;0;0;0.00786204;0.00742204;0.00665204;0.00588204;0.00511421;0.00435446;0.00196477;GALTEC,SDG,TTS,HDG,
T230;16090;0;0;0.00808204;0.00764204;0.00687204;0.00610204;0.00533308;0.00456995;0.00196477;GALTEC,SDG,TTS,HDG,
T230;16090;0;0;0.00808204;0.00764204;0.00687204;0.00610204;0.00533308;0.00456995;0.00196477;GALTEC,SDG,TTS,HDG,
T230;32181;0;0;0.00588204;0.00544262;0.00467823;0.0039284;0.00321322;0.00257191;0.00196477;BAF_HNX,BAF,BT2,
T230;32181;0;0;0.00665204;0.00621204;0.00544262;0.00467823;0.0039284;0.00321322;0.00196477;BAF_HNX,BAF,BT2,
T230;32181;0;0;0.00742204;0.00698204;0.00621204;0.00544262;0.00467823;0.0039284;0.00196477;BAF_HNX,BAF,BT2,
T230;32181;0;0;0.00808204;0.00764204;0.00687204;0.00610204;0.00533308;0.00456995;0.00196477;BAF_HNX,BAF,BT2,
T230;32181;0;0;0.00808204;0.00764204;0.00687204;0.00610204;0.00533308;0.00456995;0.00196477;BAF_HNX,BAF,BT2,
T230;29533;0;0;0.00198813;0.00196477;0.00203321;0.00301436;0.00639731;0.0145202;0.0273767;SG3,SDG,TTS,HDG,
T230;37527;0;0;0.003616;0.00321322;0.00257191;0.00209667;0.00196477;0.00203321;0.00301436;SG3,SDG,TTS,HDG,
T230;37527;0;0;0.0039284;0.00351372;0.00283292;0.00227048;0.0019711;0.00196477;0.00240998;SG3,SDG,TTS,HDG,
T230;56291;0;0;0.00424721;0.00382354;0.00311568;0.00249087;0.00205171;0.00196477;0.00209176;SG3,SDG,TTS,HDG,
T230;37527;0;0;0.00588204;0.00544262;0.00467823;0.0039284;0.00321322;0.00257191;0.00196477;SG3,SDG,TTS,HDG,
T230;37527;0;0;0.00665204;0.00621204;0.00544262;0.00467823;0.0039284;0.00321322;0.00196477;SG3,SDG,TTS,HDG,
T230;37527;0;0;0.00742204;0.00698204;0.00621204;0.00544262;0.00467823;0.0039284;0.00196477;SG3,SDG,TTS,HDG,
T230;56291;0;0;0.00808204;0.00764204;0.00687204;0.00610204;0.00533308;0.00456995;0.00196477;SG3,SDG,TTS,HDG,
T230;37527;0;0;0.00808204;0.00764204;0.00687204;0.00610204;0.00533308;0.00456995;0.00196477;SG3,SDG,TTS,HDG,
T230;22087;0;0;0.00241314;0.00214847;0.00196477;0.00199442;0.00277186;0.00567697;0.0130556;GALTEC,SDG,BT2,HDG,
T230;22087;0;0;0.00424721;0.00382354;0.00311568;0.00249087;0.00205171;0.00196477;0.00209176;GALTEC,SDG,BT2,HDG,
T230;22087;0;0;0.00599204;0.0055524;0.004787;0.00403409;0.0033121;0.00265631;0.00196477;GALTEC,SDG,BT2,HDG,
T230;22087;0;0;0.00676204;0.00632204;0.0055524;0.004787;0.00403409;0.0033121;0.00196477;GALTEC,SDG,BT2,HDG,
T230;22087;0;0;0.00808204;0.00764204;0.00687204;0.00610204;0.00533308;0.00456995;0.00196477;GALTEC,SDG,BT2,HDG,
T230;22087;0;0;0.00808204;0.00764204;0.00687204;0.00610204;0.00533308;0.00456995;0.00196477;GALTEC,SDG,BT2,HDG,
T230;17914;0;0;0.0020148;0.00196477;0.00199442;0.00277186;0.00567697;0.0130556;0.0252471;GALTEC,SDG,BT2,HDG,
T230;17914;0;0;0.00424721;0.00382354;0.00311568;0.00249087;0.00205171;0.00196477;0.00209176;GALTEC,SDG,BT2,HDG,
T230;17914;0;0;0.00599204;0.0055524;0.004787;0.00403409;0.0033121;0.00265631;0.00196477;GALTEC,SDG,BT2,HDG,
T230;17914;0;0;0.00753204;0.00709204;0.00632204;0.0055524;0.004787;0.00403409;0.00196477;GALTEC,SDG,BT2,HDG,
T230;17914;0;0;0.00808204;0.00764204;0.00687204;0.00610204;0.00533308;0.00456995;0.00196477;GALTEC,SDG,BT2,HDG,
T230;19447;0;0;0.0116869;0.0160717;0.023217;0.0395169;0.0607021;0.0867826;0.117761;GALTEC,SDG,BT2,HDG,
T230;19006;0;0;0.00257305;0.00330309;0.0050491;0.0116869;0.023217;0.0395169;0.0607021;GALTEC,SDG,BT2,HDG,
T230;19006;0;0;0.00220669;0.0020148;0.00196477;0.00217226;0.00364156;0.00817559;0.0177148;GALTEC,SDG,BT2,HDG,
T230;19006;0;0;0.00403409;0.003616;0.00292537;0.00233967;0.00198813;0.00196477;0.00227747;GALTEC,SDG,BT2,HDG,
T230;19006;0;0;0.00424721;0.00382354;0.00311568;0.00249087;0.00205171;0.00196477;0.00209176;GALTEC,SDG,BT2,HDG,
T230;19006;0;0;0.00632204;0.00588204;0.00511421;0.00435446;0.003616;0.00292537;0.00196477;GALTEC,SDG,BT2,HDG,
T230;19006;0;0;0.00643204;0.00599204;0.0052236;0.0044619;0.00371934;0.00301968;0.00196477;GALTEC,SDG,BT2,HDG,
T230;19006;0;0;0.00709204;0.00665204;0.00588204;0.00511421;0.00435446;0.003616;0.00196477;GALTEC,SDG,BT2,HDG,
T230;19006;0;0;0.00786204;0.00742204;0.00665204;0.00588204;0.00511421;0.00435446;0.00196477;GALTEC,SDG,BT2,HDG,
T230;19006;0;0;0.00808204;0.00764204;0.00687204;0.00610204;0.00533308;0.00456995;0.00196477;GALTEC,SDG,BT2,HDG,
T210;20140;0;0;0.00424721;0.00382354;0.00311568;0.00249087;0.00205171;0.00196477;0.00209176;GALTEC,SDG,BT2,HDG,
T210;20140;0;0;0.00687204;0.00643204;0.00566213;0.00489585;0.00414042;0.00341243;0.00196477;GALTEC,SDG,BT2,HDG,
T210;20140;0;0;0.00808204;0.00764204;0.00687204;0.00610204;0.00533308;0.00456995;0.00196477;GALTEC,SDG,BT2,HDG,
T230;10641;0;0;0.00450773;0.00639731;0.0104179;0.0212855;0.0368895;0.057376;0.082757;GALTEC,SDG,BT2,HDG,
T230;10641;0;0;0.00199442;0.00217226;0.00277186;0.00567697;0.0130556;0.0252471;0.0422437;GALTEC,SDG,BT2,HDG,
T230;10641;0;0;0.0020148;0.00196477;0.00199442;0.00277186;0.00567697;0.0130556;0.0252471;GALTEC,SDG,BT2,HDG,
T230;10641;0;0;0.00205171;0.00196477;0.00197231;0.00257305;0.0050491;0.0116869;0.023217;GALTEC,SDG,BT2,HDG,
T230;10641;0;0;0.00424721;0.00382354;0.00311568;0.00249087;0.00205171;0.00196477;0.00209176;GALTEC,SDG,BT2,HDG,
T230;10641;0;0;0.00424721;0.00382354;0.00311568;0.00249087;0.00205171;0.00196477;0.00209176;GALTEC,SDG,BT2,HDG,
T230;10641;0;0;0.00610204;0.00566213;0.00489585;0.00414042;0.00341243;0.00274359;0.00196477;GALTEC,SDG,BT2,HDG,
T230;10641;0;0;0.00764204;0.00720204;0.00643204;0.00566213;0.00489585;0.00414042;0.00196477;GALTEC,SDG,BT2,HDG,
T230;10641;0;0;0.00808204;0.00764204;0.00687204;0.00610204;0.00533308;0.00456995;0.00196477;GALTEC,SDG,BT2,HDG,
T230;10641;0;0;0.00808204;0.00764204;0.00687204;0.00610204;0.00533308;0.00456995;0.00196477;GALTEC,SDG,BT2,HDG,
T230;16600;0;0;0.00257305;0.00330309;0.0050491;0.0116869;0.023217;0.0395169;0.0607021;GALTEC,SDG,BT2,HDG,
T230;34019;0;0;0.00196477;0.00203321;0.00240998;0.00450773;0.0104179;0.0212855;0.0368895;GALTEC,SDG,BT2,HDG,
T230;17009;0;0;0.0039284;0.00351372;0.00283292;0.00227048;0.0019711;0.00196477;0.00240998;GALTEC,SDG,BT2,HDG,
T230;34019;0;0;0.00424721;0.00382354;0.00311568;0.00249087;0.00205171;0.00196477;0.00209176;GALTEC,SDG,BT2,HDG,
T230;34019;0;0;0.00687204;0.00643204;0.00566213;0.00489585;0.00414042;0.00341243;0.00196477;GALTEC,SDG,BT2,HDG,
T230;34019;0;0;0.00808204;0.00764204;0.00687204;0.00610204;0.00533308;0.00456995;0.00196477;GALTEC,SDG,BT2,HDG,
L620;22648;0;0;0.00196477;0.00199442;0.00227747;0.00404042;0.00923905;0.0194514;0.0343621;GALTEC,SDG,TTS,HDG,
L620;25514;0;0;0.0039284;0.00351372;0.00283292;0.00227048;0.0019711;0.00196477;0.00240998;GALTEC,SDG,TTS,HDG,
L620;25514;0;0;0.00588204;0.00544262;0.00467823;0.0039284;0.00321322;0.00257191;0.00196477;GALTEC,SDG,TTS,HDG,
L620;25514;0;0;0.00709204;0.00665204;0.00588204;0.00511421;0.00435446;0.003616;0.00196477;GALTEC,SDG,TTS,HDG,
L620;25514;0;0;0.00808204;0.00764204;0.00687204;0.00610204;0.00533308;0.00456995;0.00196477;GALTEC,SDG,TTS,HDG,
T210;18037;0;0;0.00199442;0.00217226;0.00277186;0.00567697;0.0130556;0.0252471;0.0422437;GALTEC,SDG,BT2,HDG,
T210;18037;0;0;0.0020148;0.00196477;0.00199442;0.00277186;0.00567697;0.0130556;0.0252471;GALTEC,SDG,BT2,HDG,
T210;18037;0;0;0.00424721;0.00382354;0.00311568;0.00249087;0.00205171;0.00196477;0.00209176;GALTEC,SDG,BT2,HDG,
T210;18037;0;0;0.00424721;0.00382354;0.00311568;0.00249087;0.00205171;0.00196477;0.00209176;GALTEC,SDG,BT2,HDG,
T210;18037;0;0;0.00676204;0.00632204;0.0055524;0.004787;0.00403409;0.0033121;0.00196477;GALTEC,SDG,BT2,HDG,
T210;18037;0;0;0.00786204;0.00742204;0.00665204;0.00588204;0.00511421;0.00435446;0.00196477;GALTEC,SDG,BT2,HDG,
T210;18037;0;0;0.00808204;0.00764204;0.00687204;0.00610204;0.00533308;0.00456995;0.00196477;GALTEC,SDG,BT2,HDG,
L630;31352;0;0;0.0039284;0.00351372;0.00283292;0.00227048;0.0019711;0.00196477;0.00240998;SG3,SDG,TTS,HDG,
L630;31352;0;0;0.00621204;0.00577204;0.00500497;0.00424721;0.00351372;0.00283292;0.00196477;SG3,SDG,TTS,HDG,
L630;31352;0;0;0.00764204;0.00720204;0.00643204;0.00566213;0.00489585;0.00414042;0.00196477;SG3,SDG,TTS,HDG,
L630;31352;0;0;0.00808204;0.00764204;0.00687204;0.00610204;0.00533308;0.00456995;0.00196477;SG3,SDG,TTS,HDG,
L630;26098;0;0;0.0039284;0.00351372;0.00283292;0.00227048;0.0019711;0.00196477;0.00240998;SG3,SDG,TTS,HDG,
L630;52196;0;0;0.00599204;0.0055524;0.004787;0.00403409;0.0033121;0.00265631;0.00196477;SG3,SDG,TTS,HDG,
L630;26098;0;0;0.00676204;0.00632204;0.0055524;0.004787;0.00403409;0.0033121;0.00196477;SG3,SDG,TTS,HDG,
L630;26098;0;0;0.00753204;0.00709204;0.00632204;0.0055524;0.004787;0.00403409;0.00196477;SG3,SDG,TTS,HDG,
L630;26098;0;0;0.00808204;0.00764204;0.00687204;0.00610204;0.00533308;0.00456995;0.00196477;SG3,SDG,TTS,HDG,
T230;43738;0;0;0.00257191;0.00227048;0.0019711;0.00196477;0.00240998;0.00450773;0.0104179;SG3,SDG,TTS,HDG,
T230;51077;0;0;0.0039284;0.00351372;0.00283292;0.00227048;0.0019711;0.00196477;0.00240998;SG3,SDG,TTS,HDG,
T230;51077;0;0;0.0039284;0.00351372;0.00283292;0.00227048;0.0019711;0.00196477;0.00240998;SG3,SDG,TTS,HDG,
T230;51077;0;0;0.00621204;0.00577204;0.00500497;0.00424721;0.00351372;0.00283292;0.00196477;SG3,SDG,TTS,HDG,
T230;51077;0;0;0.00698204;0.00654204;0.00577204;0.00500497;0.00424721;0.00351372;0.00196477;SG3,SDG,TTS,HDG,
T230;51077;0;0;0.00764204;0.00720204;0.00643204;0.00566213;0.00489585;0.00414042;0.00196477;SG3,SDG,TTS,HDG,
T230;51077;0;0;0.00808204;0.00764204;0.00687204;0.00610204;0.00533308;0.00456995;0.00196477;SG3,SDG,TTS,HDG,
T230;25539;0;0;0.00808204;0.00764204;0.00687204;0.00610204;0.00533308;0.00456995;0.00196477;SG3,SDG,TTS,HDG,
TB60;57462;0;0;0.00227048;0.00205171;0.00196477;0.00209176;0.00330309;0.00722707;0.0160717;SG3,SDG,TTS,HDG,
TB60;28731;0;0;0.003616;0.00321322;0.00257191;0.00209667;0.00196477;0.00203321;0.00301436;SG3,SDG,TTS,HDG,
TB60;57462;0;0;0.0039284;0.00351372;0.00283292;0.00227048;0.0019711;0.00196477;0.00240998;SG3,SDG,TTS,HDG,
TB60;86193;0;0;0.00588204;0.00544262;0.00467823;0.0039284;0.00321322;0.00257191;0.00196477;SG3,SDG,TTS,HDG,
TB60;28731;0;0;0.00808204;0.00764204;0.00687204;0.00610204;0.00533308;0.00456995;0.00196477;SG3,SDG,TTS,HDG,
L630;20359;0;0;0.00292537;0.00257191;0.00209667;0.00196477;0.00203321;0.00301436;0.00639731;SG3,SDG,TTS,HDG,
L630;24792;0;0;0.00588204;0.00544262;0.00467823;0.0039284;0.00321322;0.00257191;0.00196477;SG3,SDG,TTS,HDG,
KK50;25387;0;0;0.00450773;0.00639731;0.0104179;0.0212855;0.0368895;0.057376;0.082757;GEBEITST,
KK50;25387;0;0;0.00240998;0.00301436;0.00450773;0.0104179;0.0212855;0.0368895;0.057376;GEBEITST,
KK50;25387;0;0;0.00241314;0.00214847;0.00196477;0.00199442;0.00277186;0.00567697;0.0130556;GEBEITST,
KK50;50775;0;0;0.00311568;0.00274359;0.00220669;0.00196477;0.00197231;0.00257305;0.0050491;GEBEITST,
KK50;25387;0;0;0.0039284;0.00351372;0.00283292;0.00227048;0.0019711;0.00196477;0.00240998;GEBEITST,
KK50;25387;0;0;0.00414042;0.00371934;0.00301968;0.00241314;0.0020148;0.00196477;0.00217226;GEBEITST,
KK50;25387;0;0;0.00424721;0.00382354;0.00311568;0.00249087;0.00205171;0.00196477;0.00209176;GEBEITST,
KK50;25387;0;0;0.00676204;0.00632204;0.0055524;0.004787;0.00403409;0.0033121;0.00196477;GEBEITST,
KK50;25387;0;0;0.00720204;0.00676204;0.00599204;0.0052236;0.0044619;0.00371934;0.00196477;GEBEITST,
KK50;25387;0;0;0.00764204;0.00720204;0.00643204;0.00566213;0.00489585;0.00414042;0.00196477;GEBEITST,
KK50;50775;0;0;0.00808204;0.00764204;0.00687204;0.00610204;0.00533308;0.00456995;0.00196477;GEBEITST,
KK50;25387;0;0;0.00808204;0.00764204;0.00687204;0.00610204;0.00533308;0.00456995;0.00196477;GEBEITST,
KK50;25387;0;0;0.00808204;0.00764204;0.00687204;0.00610204;0.00533308;0.00456995;0.00196477;GEBEITST,
LT70;11329;0;0;0.00567697;0.00817559;0.0130556;0.0252471;0.0422437;0.0641281;0.0909081;SG3,SDG,TTS,HDG,
LT70;19229;0;0;0.00283292;0.00249087;0.00205171;0.00196477;0.00209176;0.00330309;0.00722707;SG3,SDG,TTS,HDG,
LT70;19229;0;0;0.00424721;0.00382354;0.00311568;0.00249087;0.00205171;0.00196477;0.00209176;SG3,SDG,TTS,HDG,
LT70;19229;0;0;0.00599204;0.0055524;0.004787;0.00403409;0.0033121;0.00265631;0.00196477;SG3,SDG,TTS,HDG,
LT70;19117;0;0;0.00227048;0.00205171;0.00196477;0.00209176;0.00330309;0.00722707;0.0160717;SG3,SDG,TTS,HDG,
LT70;19117;0;0;0.00292537;0.00257191;0.00209667;0.00196477;0.00203321;0.00301436;0.00639731;SG3,SDG,TTS,HDG,
LT70;19117;0;0;0.0039284;0.00351372;0.00283292;0.00227048;0.0019711;0.00196477;0.00240998;SG3,SDG,TTS,HDG,
LT70;19117;0;0;0.00424721;0.00382354;0.00311568;0.00249087;0.00205171;0.00196477;0.00209176;SG3,SDG,TTS,HDG,
LT70;19117;0;0;0.00588204;0.00544262;0.00467823;0.0039284;0.00321322;0.00257191;0.00196477;SG3,SDG,TTS,HDG,
LT70;19117;0;0;0.00665204;0.00621204;0.00544262;0.00467823;0.0039284;0.00321322;0.00196477;SG3,SDG,TTS,HDG,
LT70;19117;0;0;0.00742204;0.00698204;0.00621204;0.00544262;0.00467823;0.0039284;0.00196477;SG3,SDG,TTS,HDG,
LT70;26420;0;0;0.0039284;0.00351372;0.00283292;0.00227048;0.0019711;0.00196477;0.00240998;SG3,SDG,TTS,HDG,
LT70;79189;0;0;0.00424721;0.00382354;0.00311568;0.00249087;0.00205171;0.00196477;0.00209176;SG3,SDG,TTS,HDG,
LT70;79189;0;0;0.00610204;0.00566213;0.00489585;0.00414042;0.00341243;0.00274359;0.00196477;SG3,SDG,TTS,HDG,
LT70;63352;0;0;0.00687204;0.00643204;0.00566213;0.00489585;0.00414042;0.00341243;0.00196477;SG3,SDG,TTS,HDG,
LT70;79189;0;0;0.00764204;0.00720204;0.00643204;0.00566213;0.00489585;0.00414042;0.00196477;SG3,SDG,TTS,HDG,
KM80;38081;0;0;0.00277186;0.00364156;0.00567697;0.0130556;0.0252471;0.0422437;0.0641281;GEBEITST,
KM80;38081;0;0;0.00241314;0.00214847;0.00196477;0.00199442;0.00277186;0.00567697;0.0130556;GEBEITST,
KM80;19041;0;0;0.00371934;0.0033121;0.00265631;0.00214847;0.00196477;0.00199442;0.00277186;GEBEITST,
KM80;38081;0;0;0.00599204;0.0055524;0.004787;0.00403409;0.0033121;0.00265631;0.00196477;GEBEITST,
KM80;57122;0;0;0.00808204;0.00764204;0.00687204;0.00610204;0.00533308;0.00456995;0.00196477;GEBEITST,
T230;31985;0;0;0.00196477;0.00203321;0.00240998;0.00450773;0.0104179;0.0212855;0.0368895;SG3,SDG,BT2,HDG,
T230;21324;0;0;0.00227048;0.00205171;0.00196477;0.00209176;0.00330309;0.00722707;0.0160717;SG3,SDG,BT2,HDG,
T230;31985;0;0;0.00283292;0.00249087;0.00205171;0.00196477;0.00209176;0.00330309;0.00722707;SG3,SDG,BT2,HDG,
T230;10661;0;0;0.00351372;0.00311568;0.00249087;0.00205171;0.00196477;0.00209176;0.00330309;SG3,SDG,BT2,HDG,
T230;31985;0;0;0.00424721;0.00382354;0.00311568;0.00249087;0.00205171;0.00196477;0.00209176;SG3,SDG,BT2,HDG,
T230;31985;0;0;0.00424721;0.00382354;0.00311568;0.00249087;0.00205171;0.00196477;0.00209176;SG3,SDG,BT2,HDG,
T230;10661;0;0;0.00424721;0.00382354;0.00311568;0.00249087;0.00205171;0.00196477;0.00209176;SG3,SDG,BT2,HDG,
T230;21324;0;0;0.00654204;0.00610204;0.00533308;0.00456995;0.00382354;0.00311568;0.00196477;SG3,SDG,BT2,HDG,
T230;31985;0;0;0.00731204;0.00687204;0.00610204;0.00533308;0.00456995;0.00382354;0.00196477;SG3,SDG,BT2,HDG,
T230;53309;0;0;0.00808204;0.00764204;0.00687204;0.00610204;0.00533308;0.00456995;0.00196477;SG3,SDG,BT2,HDG,
T230;10661;0;0;0.00808204;0.00764204;0.00687204;0.00610204;0.00533308;0.00456995;0.00196477;SG3,SDG,BT2,HDG,
T230;10661;0;0;0.00808204;0.00764204;0.00687204;0.00610204;0.00533308;0.00456995;0.00196477;SG3,SDG,BT2,HDG,
T230;31985;0;0;0.00808204;0.00764204;0.00687204;0.00610204;0.00533308;0.00456995;0.00196477;SG3,SDG,BT2,HDG,
K710;58384;0;0;0.00639731;0.00923905;0.0145202;0.0273767;0.0450707;0.0676541;0.0951337;SG3,SDG,TTS,HDG,
K710;21097;0;0;0.00203321;0.00227747;0.00301436;0.00639731;0.0145202;0.0273767;0.0450707;SG3,SDG,TTS,HDG,
K710;21097;0;0;0.00198813;0.00196477;0.00203321;0.00301436;0.00639731;0.0145202;0.0273767;SG3,SDG,TTS,HDG,
K710;21097;0;0;0.00227048;0.00205171;0.00196477;0.00209176;0.00330309;0.00722707;0.0160717;SG3,SDG,TTS,HDG,
K710;42193;0;0;0.00292537;0.00257191;0.00209667;0.00196477;0.00203321;0.00301436;0.00639731;SG3,SDG,TTS,HDG,
K710;42193;0;0;0.00665204;0.00621204;0.00544262;0.00467823;0.0039284;0.00321322;0.00196477;SG3,SDG,TTS,HDG,
LT70;34217;0;0;0.00424721;0.00382354;0.00311568;0.00249087;0.00205171;0.00196477;0.00209176;SG3,SDG,BT2,HDG,
KN30;30650;0;0;0.00321322;0.00283292;0.00227048;0.0019711;0.00196477;0.00240998;0.00450773;SG3,SDG,TTS,HDG,
KN30;61300;0;0;0.0039284;0.00351372;0.00283292;0.00227048;0.0019711;0.00196477;0.00240998;SG3,SDG,TTS,HDG,
KN30;30650;0;0;0.0039284;0.00351372;0.00283292;0.00227048;0.0019711;0.00196477;0.00240998;SG3,SDG,TTS,HDG,
KN30;30650;0;0;0.00424721;0.00382354;0.00311568;0.00249087;0.00205171;0.00196477;0.00209176;SG3,SDG,TTS,HDG,
KN30;30650;0;0;0.00632204;0.00588204;0.00511421;0.00435446;0.003616;0.00292537;0.00196477;SG3,SDG,TTS,HDG,
KN30;61300;0;0;0.00709204;0.00665204;0.00588204;0.00511421;0.00435446;0.003616;0.00196477;SG3,SDG,TTS,HDG,
KN30;61300;0;0;0.00808204;0.00764204;0.00687204;0.00610204;0.00533308;0.00456995;0.00196477;SG3,SDG,TTS,HDG,
KN30;30650;0;0;0.00808204;0.00764204;0.00687204;0.00610204;0.00533308;0.00456995;0.00196477;SG3,SDG,TTS,HDG,
LT70;10667;0;0;0.00241314;0.00214847;0.00196477;0.00199442;0.00277186;0.00567697;0.0130556;SG3,SDG,TTS,HDG,
LT70;16054;0;0;0.00424721;0.00382354;0.00311568;0.00249087;0.00205171;0.00196477;0.00209176;SG3,SDG,TTS,HDG,
T230;23183;0;0;0.00257191;0.00227048;0.0019711;0.00196477;0.00240998;0.00450773;0.0104179;GALTEC,SDG,BT2,HDG,
T230;23183;0;0;0.00621204;0.00577204;0.00500497;0.00424721;0.00351372;0.00283292;0.00196477;GALTEC,SDG,BT2,HDG,
T230;23183;0;0;0.00808204;0.00764204;0.00687204;0.00610204;0.00533308;0.00456995;0.00196477;GALTEC,SDG,BT2,HDG,
LT70;10133;0;0;0.00257305;0.00330309;0.0050491;0.0116869;0.023217;0.0395169;0.0607021;SG3,SDG,TTS,HDG,
LT70;15931;0;0;0.00241314;0.00214847;0.00196477;0.00199442;0.00277186;0.00567697;0.0130556;SG3,SDG,TTS,HDG,
LT70;15931;0;0;0.00311568;0.00274359;0.00220669;0.00196477;0.00197231;0.00257305;0.0050491;SG3,SDG,TTS,HDG,
LT70;15931;0;0;0.0039284;0.00351372;0.00283292;0.00227048;0.0019711;0.00196477;0.00240998;SG3,SDG,TTS,HDG,
LT70;15931;0;0;0.00424721;0.00382354;0.00311568;0.00249087;0.00205171;0.00196477;0.00209176;SG3,SDG,TTS,HDG,
LT70;15931;0;0;0.00610204;0.00566213;0.00489585;0.00414042;0.00341243;0.00274359;0.00196477;SG3,SDG,TTS,HDG,
LT70;15931;0;0;0.00687204;0.00643204;0.00566213;0.00489585;0.00414042;0.00341243;0.00196477;SG3,SDG,TTS,HDG,
LT70;15931;0;0;0.00764204;0.00720204;0.00643204;0.00566213;0.00489585;0.00414042;0.00196477;SG3,SDG,TTS,HDG,
TB30;15853;0;0;0.00808204;0.00764204;0.00687204;0.00610204;0.00533308;0.00456995;0.00196477;GALTEC,SDG,BT2,HDG,
TB30;15853;0;0;0.00808204;0.00764204;0.00687204;0.00610204;0.00533308;0.00456995;0.00196477;GALTEC,SDG,BT2,HDG,
TB60;25242;0;0;0.00241314;0.00214847;0.00196477;0.00199442;0.00277186;0.00567697;0.0130556;GALTEC,SDG,BT2,HDG,
TB60;25242;0;0;0.00599204;0.0055524;0.004787;0.00403409;0.0033121;0.00265631;0.00196477;GALTEC,SDG,BT2,HDG,
TB60;25242;0;0;0.00808204;0.00764204;0.00687204;0.00610204;0.00533308;0.00456995;0.00196477;GALTEC,SDG,BT2,HDG,
KN30;24332;0;0;0.00321322;0.00283292;0.00227048;0.0019711;0.00196477;0.00240998;0.00450773;SG3,SDG,TTS,HDG,
KN30;24332;0;0;0.0039284;0.00351372;0.00283292;0.00227048;0.0019711;0.00196477;0.00240998;SG3,SDG,TTS,HDG,
KN30;24332;0;0;0.0039284;0.00351372;0.00283292;0.00227048;0.0019711;0.00196477;0.00240998;SG3,SDG,TTS,HDG,
KN30;24332;0;0;0.00424721;0.00382354;0.00311568;0.00249087;0.00205171;0.00196477;0.00209176;SG3,SDG,TTS,HDG,
KN30;24332;0;0;0.00709204;0.00665204;0.00588204;0.00511421;0.00435446;0.003616;0.00196477;SG3,SDG,TTS,HDG,
KN30;24332;0;0;0.00786204;0.00742204;0.00665204;0.00588204;0.00511421;0.00435446;0.00196477;SG3,SDG,TTS,HDG,
KN30;24332;0;0;0.00808204;0.00764204;0.00687204;0.00610204;0.00533308;0.00456995;0.00196477;SG3,SDG,TTS,HDG,
KN30;24332;0;0;0.00808204;0.00764204;0.00687204;0.00610204;0.00533308;0.00456995;0.00196477;SG3,SDG,TTS,HDG,
KN30;24355;0;0;0.00292537;0.00257191;0.00209667;0.00196477;0.00203321;0.00301436;0.00639731;CAPL,TTS,
KN30;24355;0;0;0.003616;0.00321322;0.00257191;0.00209667;0.00196477;0.00203321;0.00301436;CAPL,TTS,
KN30;24355;0;0;0.0039284;0.00351372;0.00283292;0.00227048;0.0019711;0.00196477;0.00240998;CAPL,TTS,
KN30;24355;0;0;0.00424721;0.00382354;0.00311568;0.00249087;0.00205171;0.00196477;0.00209176;CAPL,TTS,
KN30;24355;0;0;0.00588204;0.00544262;0.00467823;0.0039284;0.00321322;0.00257191;0.00196477;CAPL,TTS,
KN30;24355;0;0;0.00665204;0.00621204;0.00544262;0.00467823;0.0039284;0.00321322;0.00196477;CAPL,TTS,
KN30;24355;0;0;0.00742204;0.00698204;0.00621204;0.00544262;0.00467823;0.0039284;0.00196477;CAPL,TTS,
KN30;48712;0;0;0.00808204;0.00764204;0.00687204;0.00610204;0.00533308;0.00456995;0.00196477;CAPL,TTS,
KN30;24355;0;0;0.00808204;0.00764204;0.00687204;0.00610204;0.00533308;0.00456995;0.00196477;CAPL,TTS,
KN30;24355;0;0;0.00808204;0.00764204;0.00687204;0.00610204;0.00533308;0.00456995;0.00196477;CAPL,TTS,
L630;32401;0;0;0.00786204;0.00742204;0.00665204;0.00588204;0.00511421;0.00435446;0.00196477;SG3,SDG,TTS,HDG,
L630;30241;0;0;0.00424721;0.00382354;0.00311568;0.00249087;0.00205171;0.00196477;0.00209176;SG3,SDG,TTS,HDG,
L630;30241;0;0;0.00643204;0.00599204;0.0052236;0.0044619;0.00371934;0.00301968;0.00196477;SG3,SDG,TTS,HDG,
L630;30241;0;0;0.00731204;0.00687204;0.00610204;0.00533308;0.00456995;0.00382354;0.00196477;SG3,SDG,TTS,HDG,
L630;30241;0;0;0.00808204;0.00764204;0.00687204;0.00610204;0.00533308;0.00456995;0.00196477;SG3,SDG,TTS,HDG,
L630;30241;0;0;0.00808204;0.00764204;0.00687204;0.00610204;0.00533308;0.00456995;0.00196477;SG3,SDG,TTS,HDG,
L630;30241;0;0;0.00808204;0.00764204;0.00687204;0.00610204;0.00533308;0.00456995;0.00196477;SG3,SDG,TTS,HDG,
KN50;51127;0;0;0.00203321;0.00227747;0.00301436;0.00639731;0.0145202;0.0273767;0.0450707;SG3,SDG,TTS,HDG,
KN50;51127;0;0;0.00227048;0.00205171;0.00196477;0.00209176;0.00330309;0.00722707;0.0160717;SG3,SDG,TTS,HDG,
KN50;25563;0;0;0.00292537;0.00257191;0.00209667;0.00196477;0.00203321;0.00301436;0.00639731;SG3,SDG,TTS,HDG,
KN50;51127;0;0;0.0039284;0.00351372;0.00283292;0.00227048;0.0019711;0.00196477;0.00240998;SG3,SDG,TTS,HDG,
KN50;51127;0;0;0.00588204;0.00544262;0.00467823;0.0039284;0.00321322;0.00257191;0.00196477;SG3,SDG,TTS,HDG,
KN50;25563;0;0;0.00742204;0.00698204;0.00621204;0.00544262;0.00467823;0.0039284;0.00196477;SG3,SDG,TTS,HDG,
TB40;20952;0;0;0.00283292;0.00249087;0.00205171;0.00196477;0.00209176;0.00330309;0.00722707;SG3,SDG,TTS,HDG,
TB40;32684;0;0;0.00351372;0.00311568;0.00249087;0.00205171;0.00196477;0.00209176;0.00330309;SG3,SDG,TTS,HDG,
TB40;32684;0;0;0.0039284;0.00351372;0.00283292;0.00227048;0.0019711;0.00196477;0.00240998;SG3,SDG,TTS,HDG,
TB40;32684;0;0;0.00424721;0.00382354;0.00311568;0.00249087;0.00205171;0.00196477;0.00209176;SG3,SDG,TTS,HDG,
TB40;32684;0;0;0.00424721;0.00382354;0.00311568;0.00249087;0.00205171;0.00196477;0.00209176;SG3,SDG,TTS,HDG,
TB40;32684;0;0;0.00654204;0.00610204;0.00533308;0.00456995;0.00382354;0.00311568;0.00196477;SG3,SDG,TTS,HDG,
L630;30329;0;0;0.003616;0.00321322;0.00257191;0.00209667;0.00196477;0.00203321;0.00301436;SG3,SDG,TTS,HDG,
L630;30329;0;0;0.00808204;0.00764204;0.00687204;0.00610204;0.00533308;0.00456995;0.00196477;SG3,SDG,TTS,HDG,
L630;31290;0;0;0.00241314;0.00214847;0.00196477;0.00199442;0.00277186;0.00567697;0.0130556;SG3,SDG,TTS,HDG,
L630;31290;0;0;0.00424721;0.00382354;0.00311568;0.00249087;0.00205171;0.00196477;0.00209176;SG3,SDG,TTS,HDG,
L630;31290;0;0;0.00808204;0.00764204;0.00687204;0.00610204;0.00533308;0.00456995;0.00196477;SG3,SDG,TTS,HDG,
TB40;6273;0;0;0.0039284;0.00351372;0.00283292;0.00227048;0.0019711;0.00196477;0.00240998;SG3,SDG,TTS,HDG,
TB40;51287;0;0;0.00424721;0.00382354;0.00311568;0.00249087;0.00205171;0.00196477;0.00209176;SG3,SDG,TTS,HDG,
TB40;25643;0;0;0.00720204;0.00676204;0.00599204;0.0052236;0.0044619;0.00371934;0.00196477;SG3,SDG,TTS,HDG,
TB40;25643;0;0;0.00808204;0.00764204;0.00687204;0.00610204;0.00533308;0.00456995;0.00196477;SG3,SDG,TTS,HDG,
L760;17437;0;0;0.00301436;0.00404042;0.00639731;0.0145202;0.0273767;0.0450707;0.0676541;SG3,SDG,TTS,HDG,
L760;33986;0;0;0.00198813;0.00196477;0.00203321;0.00301436;0.00639731;0.0145202;0.0273767;SG3,SDG,TTS,HDG,
L760;33986;0;0;0.003616;0.00321322;0.00257191;0.00209667;0.00196477;0.00203321;0.00301436;SG3,SDG,TTS,HDG,
L760;67970;0;0;0.0039284;0.00351372;0.00283292;0.00227048;0.0019711;0.00196477;0.00240998;SG3,SDG,TTS,HDG,
L760;33986;0;0;0.00588204;0.00544262;0.00467823;0.0039284;0.00321322;0.00257191;0.00196477;SG3,SDG,TTS,HDG,
L760;67970;0;0;0.00665204;0.00621204;0.00544262;0.00467823;0.0039284;0.00321322;0.00196477;SG3,SDG,TTS,HDG,
L760;33986;0;0;0.00808204;0.00764204;0.00687204;0.00610204;0.00533308;0.00456995;0.00196477;SG3,SDG,TTS,HDG,
KN40;19080;0;0;0.00214847;0.00198813;0.00196477;0.00227747;0.00404042;0.00923905;0.0194514;SG3,SDG,TTS,HDG,
KN40;19080;0;0;0.00786204;0.00742204;0.00665204;0.00588204;0.00511421;0.00435446;0.00196477;SG3,SDG,TTS,HDG,
KN40;19080;0;0;0.00808204;0.00764204;0.00687204;0.00610204;0.00533308;0.00456995;0.00196477;SG3,SDG,TTS,HDG,
N710;25643;0;0;0.0039284;0.00351372;0.00283292;0.00227048;0.0019711;0.00196477;0.00240998;SG3,SDG,TTS,HDG,
N710;25643;0;0;0.00676204;0.00632204;0.0055524;0.004787;0.00403409;0.0033121;0.00196477;SG3,SDG,TTS,HDG,
L630;30247;0;0;0.003616;0.00321322;0.00257191;0.00209667;0.00196477;0.00203321;0.00301436;SG3,SDG,TTS,HDG,
L630;151794;0;0;0.00742204;0.00698204;0.00621204;0.00544262;0.00467823;0.0039284;0.00196477;SG3,SDG,TTS,HDG,
KM50;30677;0;0;0.0020148;0.00196477;0.00199442;0.00277186;0.00567697;0.0130556;0.0252471;GEBEITST,
KM50;61353;0;0;0.00301968;0.00265631;0.00214847;0.00196477;0.00199442;0.00277186;0.00567697;GEBEITST,
KM50;61353;0;0;0.00414042;0.00371934;0.00301968;0.00241314;0.0020148;0.00196477;0.00217226;GEBEITST,
KM50;30677;0;0;0.00424721;0.00382354;0.00311568;0.00249087;0.00205171;0.00196477;0.00209176;GEBEITST,
KM50;61353;0;0;0.00599204;0.0055524;0.004787;0.00403409;0.0033121;0.00265631;0.00196477;GEBEITST,
KM50;30677;0;0;0.00676204;0.00632204;0.0055524;0.004787;0.00403409;0.0033121;0.00196477;GEBEITST,
KM50;61353;0;0;0.00753204;0.00709204;0.00632204;0.0055524;0.004787;0.00403409;0.00196477;GEBEITST,
KM50;61353;0;0;0.00808204;0.00764204;0.00687204;0.00610204;0.00533308;0.00456995;0.00196477;GEBEITST,
KM50;61353;0;0;0.00808204;0.00764204;0.00687204;0.00610204;0.00533308;0.00456995;0.00196477;GEBEITST,
KM50;61353;0;0;0.00808204;0.00764204;0.00687204;0.00610204;0.00533308;0.00456995;0.00196477;GEBEITST,
LK50;16911;0;0;0.00742204;0.00698204;0.00621204;0.00544262;0.00467823;0.0039284;0.00196477;SG3,SDG,TTS,HDG,
L630;26691;0;0;0.00257191;0.00227048;0.0019711;0.00196477;0.00240998;0.00450773;0.0104179;SG3,SDG,TTS,HDG,
L630;26022;0;0;0.0039284;0.00351372;0.00283292;0.00227048;0.0019711;0.00196477;0.00240998;SG3,SDG,TTS,HDG,
L630;52044;0;0;0.00621204;0.00577204;0.00500497;0.00424721;0.00351372;0.00283292;0.00196477;SG3,SDG,TTS,HDG,
L630;52044;0;0;0.00808204;0.00764204;0.00687204;0.00610204;0.00533308;0.00456995;0.00196477;SG3,SDG,TTS,HDG,
L630;32401;0;0;0.00698204;0.00654204;0.00577204;0.00500497;0.00424721;0.00351372;0.00196477;SG3,SDG,TTS,HDG,
KN70;20729;0;0;0.00698204;0.00654204;0.00577204;0.00500497;0.00424721;0.00351372;0.00196477;SG3,SDG,TTS,HDG,
KN70;38307;0;0;0.00764204;0.00720204;0.00643204;0.00566213;0.00489585;0.00414042;0.00196477;SG3,SDG,TTS,HDG,
KN70;57462;0;0;0.00808204;0.00764204;0.00687204;0.00610204;0.00533308;0.00456995;0.00196477;SG3,SDG,TTS,HDG,
T250;55311;0;0;0.0194514;0.0252471;0.0343621;0.0541498;0.0788313;0.10841;0.142889;SG3,SDG,TTS,HDG,
T250;55311;0;0;0.0104179;0.0145202;0.0212855;0.0368895;0.057376;0.082757;0.113036;SG3,SDG,TTS,HDG,
T250;55311;0;0;0.00450773;0.00639731;0.0104179;0.0212855;0.0368895;0.057376;0.082757;SG3,SDG,TTS,HDG,
T250;55311;0;0;0.00240998;0.00301436;0.00450773;0.0104179;0.0212855;0.0368895;0.057376;SG3,SDG,TTS,HDG,
T250;55311;0;0;0.00196477;0.00199442;0.00227747;0.00404042;0.00923905;0.0194514;0.0343621;SG3,SDG,TTS,HDG,
T250;110622;0;0;0.00321322;0.00283292;0.00227048;0.0019711;0.00196477;0.00240998;0.00450773;SG3,SDG,TTS,HDG,
T250;55311;0;0;0.0039284;0.00351372;0.00283292;0.00227048;0.0019711;0.00196477;0.00240998;SG3,SDG,TTS,HDG,
T250;55311;0;0;0.0039284;0.00351372;0.00283292;0.00227048;0.0019711;0.00196477;0.00240998;SG3,SDG,TTS,HDG,
T250;55311;0;0;0.00424721;0.00382354;0.00311568;0.00249087;0.00205171;0.00196477;0.00209176;SG3,SDG,TTS,HDG,
T250;55311;0;0;0.00632204;0.00588204;0.00511421;0.00435446;0.003616;0.00292537;0.00196477;SG3,SDG,TTS,HDG,
T250;55311;0;0;0.00709204;0.00665204;0.00588204;0.00511421;0.00435446;0.003616;0.00196477;SG3,SDG,TTS,HDG,
T250;110622;0;0;0.00786204;0.00742204;0.00665204;0.00588204;0.00511421;0.00435446;0.00196477;SG3,SDG,TTS,HDG,
T250;82967;0;0;0.00808204;0.00764204;0.00687204;0.00610204;0.00533308;0.00456995;0.00196477;SG3,SDG,TTS,HDG,
T250;55311;0;0;0.00808204;0.00764204;0.00687204;0.00610204;0.00533308;0.00456995;0.00196477;SG3,SDG,TTS,HDG,
T250;55311;0;0;0.00808204;0.00764204;0.00687204;0.00610204;0.00533308;0.00456995;0.00196477;SG3,SDG,TTS,HDG,
T250;39649;0;0;0.00450773;0.00639731;0.0104179;0.0212855;0.0368895;0.057376;0.082757;SG3,SDG,TTS,HDG,
T250;55311;0;0;0.00240998;0.00301436;0.00450773;0.0104179;0.0212855;0.0368895;0.057376;SG3,SDG,TTS,HDG,
T250;55311;0;0;0.00196477;0.00199442;0.00227747;0.00404042;0.00923905;0.0194514;0.0343621;SG3,SDG,TTS,HDG,
T250;110622;0;0;0.00321322;0.00283292;0.00227048;0.0019711;0.00196477;0.00240998;0.00450773;SG3,SDG,TTS,HDG,
T250;55311;0;0;0.0039284;0.00351372;0.00283292;0.00227048;0.0019711;0.00196477;0.00240998;SG3,SDG,TTS,HDG,
T250;55311;0;0;0.0039284;0.00351372;0.00283292;0.00227048;0.0019711;0.00196477;0.00240998;SG3,SDG,TTS,HDG,
T250;55311;0;0;0.00424721;0.00382354;0.00311568;0.00249087;0.00205171;0.00196477;0.00209176;SG3,SDG,TTS,HDG,
T250;55311;0;0;0.00632204;0.00588204;0.00511421;0.00435446;0.003616;0.00292537;0.00196477;SG3,SDG,TTS,HDG,
T250;55311;0;0;0.00709204;0.00665204;0.00588204;0.00511421;0.00435446;0.003616;0.00196477;SG3,SDG,TTS,HDG,
T250;138277;0;0;0.00786204;0.00742204;0.00665204;0.00588204;0.00511421;0.00435446;0.00196477;SG3,SDG,TTS,HDG,
T250;55311;0;0;0.00808204;0.00764204;0.00687204;0.00610204;0.00533308;0.00456995;0.00196477;SG3,SDG,TTS,HDG,
T250;55311;0;0;0.00808204;0.00764204;0.00687204;0.00610204;0.00533308;0.00456995;0.00196477;SG3,SDG,TTS,HDG,
K200;18482;0;0;0.00698204;0.00654204;0.00577204;0.00500497;0.00424721;0.00351372;0.00196477;SG3,SDG,TTS,HDG,
TB60;22302;0;0;0.00196477;0.00203321;0.00240998;0.00450773;0.0104179;0.0212855;0.0368895;CAPL,TTS,
TB60;22302;0;0;0.00257191;0.00227048;0.0019711;0.00196477;0.00240998;0.00450773;0.0104179;CAPL,TTS,
TB60;22302;0;0;0.00321322;0.00283292;0.00227048;0.0019711;0.00196477;0.00240998;0.00450773;CAPL,TTS,
TB60;22302;0;0;0.0039284;0.00351372;0.00283292;0.00227048;0.0019711;0.00196477;0.00240998;CAPL,TTS,
TB60;22302;0;0;0.00621204;0.00577204;0.00500497;0.00424721;0.00351372;0.00283292;0.00196477;CAPL,TTS,
T230;12377;0;0;0.00722707;0.0104179;0.0160717;0.0296055;0.0479972;0.0712798;0.0994592;GALTEC,SDG,BT2,HDG,
T230;42193;0;0;0.00364156;0.0050491;0.00817559;0.0177148;0.031934;0.0510236;0.0750055;GALTEC,SDG,BT2,HDG,
T230;21097;0;0;0.00209176;0.00240998;0.00330309;0.00722707;0.0160717;0.0296055;0.0479972;GALTEC,SDG,BT2,HDG,
T230;21097;0;0;0.0019711;0.00196477;0.00209176;0.00330309;0.00722707;0.0160717;0.0296055;GALTEC,SDG,BT2,HDG,
T230;21097;0;0;0.00227048;0.00205171;0.00196477;0.00209176;0.00330309;0.00722707;0.0160717;GALTEC,SDG,BT2,HDG,
T230;42193;0;0;0.00283292;0.00249087;0.00205171;0.00196477;0.00209176;0.00330309;0.00722707;GALTEC,SDG,BT2,HDG,
T230;21097;0;0;0.00424721;0.00382354;0.00311568;0.00249087;0.00205171;0.00196477;0.00209176;GALTEC,SDG,BT2,HDG,
T230;21097;0;0;0.00424721;0.00382354;0.00311568;0.00249087;0.00205171;0.00196477;0.00209176;GALTEC,SDG,BT2,HDG,
T230;42193;0;0;0.00424721;0.00382354;0.00311568;0.00249087;0.00205171;0.00196477;0.00209176;GALTEC,SDG,BT2,HDG,
T230;21097;0;0;0.00654204;0.00610204;0.00533308;0.00456995;0.00382354;0.00311568;0.00196477;GALTEC,SDG,BT2,HDG,
T230;21097;0;0;0.00731204;0.00687204;0.00610204;0.00533308;0.00456995;0.00382354;0.00196477;GALTEC,SDG,BT2,HDG,
T230;21097;0;0;0.00808204;0.00764204;0.00687204;0.00610204;0.00533308;0.00456995;0.00196477;GALTEC,SDG,BT2,HDG,
T230;21097;0;0;0.00808204;0.00764204;0.00687204;0.00610204;0.00533308;0.00456995;0.00196477;GALTEC,SDG,BT2,HDG,
T230;21097;0;0;0.00808204;0.00764204;0.00687204;0.00610204;0.00533308;0.00456995;0.00196477;GALTEC,SDG,BT2,HDG,
T230;22460;0;0;0.00808204;0.00764204;0.00687204;0.00610204;0.00533308;0.00456995;0.00196477;BAF_HNX,BAF,TTS,
K320;35829;0;0;0.00321322;0.00283292;0.00227048;0.0019711;0.00196477;0.00240998;0.00450773;GALTEC,SDG,BT2,HDG,
K320;17914;0;0;0.00698204;0.00654204;0.00577204;0.00500497;0.00424721;0.00351372;0.00196477;GALTEC,SDG,BT2,HDG,
KM50;50775;0;0;0.00241314;0.00214847;0.00196477;0.00199442;0.00277186;0.00567697;0.0130556;GEBEITST,
KM50;25387;0;0;0.00301968;0.00265631;0.00214847;0.00196477;0.00199442;0.00277186;0.00567697;GEBEITST,
KM50;25387;0;0;0.00599204;0.0055524;0.004787;0.00403409;0.0033121;0.00265631;0.00196477;GEBEITST,
KM50;50775;0;0;0.00676204;0.00632204;0.0055524;0.004787;0.00403409;0.0033121;0.00196477;GEBEITST,
TB30;23576;0;0;0.00808204;0.00764204;0.00687204;0.00610204;0.00533308;0.00456995;0.00196477;GALTEC,SDG,BT2,HDG,
TB30;23576;0;0;0.00808204;0.00764204;0.00687204;0.00610204;0.00533308;0.00456995;0.00196477;GALTEC,SDG,BT2,HDG,
KN40;22909;0;0;0.00197231;0.00209176;0.00257305;0.0050491;0.0116869;0.023217;0.0395169;GALTEC,SDG,TTS,HDG,
KN40;44389;0;0;0.0020148;0.00196477;0.00199442;0.00277186;0.00567697;0.0130556;0.0252471;GALTEC,SDG,TTS,HDG,
KN40;88778;0;0;0.00241314;0.00214847;0.00196477;0.00199442;0.00277186;0.00567697;0.0130556;GALTEC,SDG,TTS,HDG,
KN40;44389;0;0;0.00311568;0.00274359;0.00220669;0.00196477;0.00197231;0.00257305;0.0050491;GALTEC,SDG,TTS,HDG,
KN40;110973;0;0;0.00424721;0.00382354;0.00311568;0.00249087;0.00205171;0.00196477;0.00209176;GALTEC,SDG,TTS,HDG,
KN40;22195;0;0;0.00610204;0.00566213;0.00489585;0.00414042;0.00341243;0.00274359;0.00196477;GALTEC,SDG,TTS,HDG,
KN40;22195;0;0;0.00687204;0.00643204;0.00566213;0.00489585;0.00414042;0.00341243;0.00196477;GALTEC,SDG,TTS,HDG,
KN40;22195;0;0;0.00764204;0.00720204;0.00643204;0.00566213;0.00489585;0.00414042;0.00196477;GALTEC,SDG,TTS,HDG,
KN40;22195;0;0;0.00808204;0.00764204;0.00687204;0.00610204;0.00533308;0.00456995;0.00196477;GALTEC,SDG,TTS,HDG,
T230;18820;0;0;0.00424721;0.00382354;0.00311568;0.00249087;0.00205171;0.00196477;0.00209176;GALTEC,SDG,BT2,HDG,
T230;18820;0;0;0.00808204;0.00764204;0.00687204;0.00610204;0.00533308;0.00456995;0.00196477;GALTEC,SDG,BT2,HDG,
T210;35794;0;0;0.00241314;0.00214847;0.00196477;0.00199442;0.00277186;0.00567697;0.0130556;GALTEC,SDG,BT2,HDG,
T210;35794;0;0;0.00424721;0.00382354;0.00311568;0.00249087;0.00205171;0.00196477;0.00209176;GALTEC,SDG,BT2,HDG,
T210;17896;0;0;0.00676204;0.00632204;0.0055524;0.004787;0.00403409;0.0033121;0.00196477;GALTEC,SDG,BT2,HDG,
T210;17896;0;0;0.00753204;0.00709204;0.00632204;0.0055524;0.004787;0.00403409;0.00196477;GALTEC,SDG,BT2,HDG,
T210;17896;0;0;0.00808204;0.00764204;0.00687204;0.00610204;0.00533308;0.00456995;0.00196477;GALTEC,SDG,BT2,HDG,
T210;35794;0;0;0.00808204;0.00764204;0.00687204;0.00610204;0.00533308;0.00456995;0.00196477;GALTEC,SDG,BT2,HDG,
L620;36705;0;0;0.00214847;0.00198813;0.00196477;0.00227747;0.00404042;0.00923905;0.0194514;GALTEC,SDG,TTS,HDG,
L620;15869;0;0;0.0039284;0.00351372;0.00283292;0.00227048;0.0019711;0.00196477;0.00240998;GALTEC,SDG,TTS,HDG,
L620;31737;0;0;0.0039284;0.00351372;0.00283292;0.00227048;0.0019711;0.00196477;0.00240998;GALTEC,SDG,TTS,HDG,
L620;15869;0;0;0.00424721;0.00382354;0.00311568;0.00249087;0.00205171;0.00196477;0.00209176;GALTEC,SDG,TTS,HDG,
L620;15869;0;0;0.00632204;0.00588204;0.00511421;0.00435446;0.003616;0.00292537;0.00196477;GALTEC,SDG,TTS,HDG,
L620;15869;0;0;0.00709204;0.00665204;0.00588204;0.00511421;0.00435446;0.003616;0.00196477;GALTEC,SDG,TTS,HDG,
L620;31737;0;0;0.00786204;0.00742204;0.00665204;0.00588204;0.00511421;0.00435446;0.00196477;GALTEC,SDG,TTS,HDG,
L620;15869;0;0;0.00808204;0.00764204;0.00687204;0.00610204;0.00533308;0.00456995;0.00196477;GALTEC,SDG,TTS,HDG,
L620;15869;0;0;0.00808204;0.00764204;0.00687204;0.00610204;0.00533308;0.00456995;0.00196477;GALTEC,SDG,TTS,HDG,
L620;95212;0;0;0.00808204;0.00764204;0.00687204;0.00610204;0.00533308;0.00456995;0.00196477;GALTEC,SDG,TTS,HDG,
KN70;20120;0;0;0.00311568;0.00274359;0.00220669;0.00196477;0.00197231;0.00257305;0.0050491;GALTEC,SDG,TTS,HDG,
KN70;25899;0;0;0.00351372;0.00311568;0.00249087;0.00205171;0.00196477;0.00209176;0.00330309;SG3,SDG,TTS,HDG,
KN70;46867;0;0;0.0039284;0.00351372;0.00283292;0.00227048;0.0019711;0.00196477;0.00240998;SG3,SDG,TTS,HDG,
KN70;23433;0;0;0.00424721;0.00382354;0.00311568;0.00249087;0.00205171;0.00196477;0.00209176;SG3,SDG,TTS,HDG,
KN70;46867;0;0;0.00588204;0.00544262;0.00467823;0.0039284;0.00321322;0.00257191;0.00196477;SG3,SDG,TTS,HDG,
KN70;46867;0;0;0.00665204;0.00621204;0.00544262;0.00467823;0.0039284;0.00321322;0.00196477;SG3,SDG,TTS,HDG,
KN70;46867;0;0;0.00742204;0.00698204;0.00621204;0.00544262;0.00467823;0.0039284;0.00196477;SG3,SDG,TTS,HDG,
KN70;23433;0;0;0.00808204;0.00764204;0.00687204;0.00610204;0.00533308;0.00456995;0.00196477;SG3,SDG,TTS,HDG,
KN70;46867;0;0;0.00808204;0.00764204;0.00687204;0.00610204;0.00533308;0.00456995;0.00196477;SG3,SDG,TTS,HDG,
KN70;93732;0;0;0.00808204;0.00764204;0.00687204;0.00610204;0.00533308;0.00456995;0.00196477;SG3,SDG,TTS,HDG,
KN70;33731;0;0;0.00643204;0.00599204;0.0052236;0.0044619;0.00371934;0.00301968;0.00196477;SG3,SDG,TTS,HDG,
KN70;76393;0;0;0.00731204;0.00687204;0.00610204;0.00533308;0.00456995;0.00382354;0.00196477;SG3,SDG,TTS,HDG,
KN70;101857;0;0;0.00808204;0.00764204;0.00687204;0.00610204;0.00533308;0.00456995;0.00196477;SG3,SDG,TTS,HDG,
KN70;76393;0;0;0.00808204;0.00764204;0.00687204;0.00610204;0.00533308;0.00456995;0.00196477;SG3,SDG,TTS,HDG,
KN70;19098;0;0;0.00709204;0.00665204;0.00588204;0.00511421;0.00435446;0.003616;0.00196477;GALTEC,SDG,BT2,HDG,
KN70;19098;0;0;0.00808204;0.00764204;0.00687204;0.00610204;0.00533308;0.00456995;0.00196477;GALTEC,SDG,BT2,HDG,
TB60;25252;0;0;0.00196477;0.00203321;0.00240998;0.00450773;0.0104179;0.0212855;0.0368895;CAPL,TTS,
TB60;25614;0;0;0.0039284;0.00351372;0.00283292;0.00227048;0.0019711;0.00196477;0.00240998;CAPL,TTS,
TB60;25614;0;0;0.0039284;0.00351372;0.00283292;0.00227048;0.0019711;0.00196477;0.00240998;CAPL,TTS,
KN30;39189;0;0;0.00424721;0.00382354;0.00311568;0.00249087;0.00205171;0.00196477;0.00209176;GALTEC,SDG,TTS,HDG,
KN30;22238;0;0;0.00764204;0.00720204;0.00643204;0.00566213;0.00489585;0.00414042;0.00196477;GALTEC,SDG,TTS,HDG,
KM80;4270;0;0;0.00450773;0.00639731;0.0104179;0.0212855;0.0368895;0.057376;0.082757;GEBEITST,
KM80;32413;0;0;0.00257305;0.00330309;0.0050491;0.0116869;0.023217;0.0395169;0.0607021;GEBEITST,
KM80;32413;0;0;0.00197231;0.00209176;0.00257305;0.0050491;0.0116869;0.023217;0.0395169;GEBEITST,
KM80;16206;0;0;0.00351372;0.00311568;0.00249087;0.00205171;0.00196477;0.00209176;0.00330309;GEBEITST,
KM80;32413;0;0;0.00414042;0.00371934;0.00301968;0.00241314;0.0020148;0.00196477;0.00217226;GEBEITST,
KM80;16206;0;0;0.00643204;0.00599204;0.0052236;0.0044619;0.00371934;0.00301968;0.00196477;GEBEITST,
KM80;32413;0;0;0.00720204;0.00676204;0.00599204;0.0052236;0.0044619;0.00371934;0.00196477;GEBEITST,
KM80;32413;0;0;0.00808204;0.00764204;0.00687204;0.00610204;0.00533308;0.00456995;0.00196477;GEBEITST,
KM80;16206;0;0;0.00808204;0.00764204;0.00687204;0.00610204;0.00533308;0.00456995;0.00196477;GEBEITST,
T230;15076;0;0;0.00665204;0.00621204;0.00544262;0.00467823;0.0039284;0.00321322;0.00196477;BAF_HNX,BAF,BT2,
T230;15076;0;0;0.00808204;0.00764204;0.00687204;0.00610204;0.00533308;0.00456995;0.00196477;BAF_HNX,BAF,BT2,
T230;15076;0;0;0.00808204;0.00764204;0.00687204;0.00610204;0.00533308;0.00456995;0.00196477;BAF_HNX,BAF,BT2,
K380;31734;0;0;0.00277186;0.00364156;0.00567697;0.0130556;0.0252471;0.0422437;0.0641281;GEBEITST,
K380;63469;0;0;0.00199442;0.00217226;0.00277186;0.00567697;0.0130556;0.0252471;0.0422437;GEBEITST,
K380;31734;0;0;0.00301968;0.00265631;0.00214847;0.00196477;0.00199442;0.00277186;0.00567697;GEBEITST,
K380;31734;0;0;0.00371934;0.0033121;0.00265631;0.00214847;0.00196477;0.00199442;0.00277186;GEBEITST,
K380;31734;0;0;0.00676204;0.00632204;0.0055524;0.004787;0.00403409;0.0033121;0.00196477;GEBEITST,
NB60;27726;0;0;0.00709204;0.00665204;0.00588204;0.00511421;0.00435446;0.003616;0.00196477;SG3,SDG,TTS,HDG,
NB60;55453;0;0;0.00808204;0.00764204;0.00687204;0.00610204;0.00533308;0.00456995;0.00196477;SG3,SDG,TTS,HDG,
NB60;27726;0;0;0.00808204;0.00764204;0.00687204;0.00610204;0.00533308;0.00456995;0.00196477;SG3,SDG,TTS,HDG,
NB60;27726;0;0;0.00808204;0.00764204;0.00687204;0.00610204;0.00533308;0.00456995;0.00196477;SG3,SDG,TTS,HDG,
NB60;27726;0;0;0.00808204;0.00764204;0.00687204;0.00610204;0.00533308;0.00456995;0.00196477;SG3,SDG,TTS,HDG,
NB60;27726;0;0;0.00808204;0.00764204;0.00687204;0.00610204;0.00533308;0.00456995;0.00196477;SG3,SDG,TTS,HDG,
NB60;27726;0;0;0.00808204;0.00764204;0.00687204;0.00610204;0.00533308;0.00456995;0.00196477;SG3,SDG,TTS,HDG,
NB60;27726;0;0;0.00808204;0.00764204;0.00687204;0.00610204;0.00533308;0.00456995;0.00196477;SG3,SDG,TTS,HDG,
NB60;20005;0;0;0.0039284;0.00351372;0.00283292;0.00227048;0.0019711;0.00196477;0.00240998;SG3,SDG,TTS,HDG,
NB60;27703;0;0;0.00632204;0.00588204;0.00511421;0.00435446;0.003616;0.00292537;0.00196477;SG3,SDG,TTS,HDG,
NB60;27703;0;0;0.00786204;0.00742204;0.00665204;0.00588204;0.00511421;0.00435446;0.00196477;SG3,SDG,TTS,HDG,
KN50;16075;0;0;0.0039284;0.00351372;0.00283292;0.00227048;0.0019711;0.00196477;0.00240998;GALTEC,SDG,TTS,HDG,
KN50;16075;0;0;0.00709204;0.00665204;0.00588204;0.00511421;0.00435446;0.003616;0.00196477;GALTEC,SDG,TTS,HDG,
L630;30329;0;0;0.00214847;0.00198813;0.00196477;0.00227747;0.00404042;0.00923905;0.0194514;SG3,SDG,TTS,HDG,
L630;60658;0;0;0.00265631;0.00233967;0.00198813;0.00196477;0.00227747;0.00404042;0.00923905;SG3,SDG,TTS,HDG,
L630;30329;0;0;0.00321322;0.00283292;0.00227048;0.0019711;0.00196477;0.00240998;0.00450773;SG3,SDG,TTS,HDG,
L630;30329;0;0;0.0039284;0.00351372;0.00283292;0.00227048;0.0019711;0.00196477;0.00240998;SG3,SDG,TTS,HDG,
L630;30329;0;0;0.0039284;0.00351372;0.00283292;0.00227048;0.0019711;0.00196477;0.00240998;SG3,SDG,TTS,HDG,
L630;30329;0;0;0.00424721;0.00382354;0.00311568;0.00249087;0.00205171;0.00196477;0.00209176;SG3,SDG,TTS,HDG,
L630;30329;0;0;0.00632204;0.00588204;0.00511421;0.00435446;0.003616;0.00292537;0.00196477;SG3,SDG,TTS,HDG,
L630;30329;0;0;0.00709204;0.00665204;0.00588204;0.00511421;0.00435446;0.003616;0.00196477;SG3,SDG,TTS,HDG,
L630;30329;0;0;0.00786204;0.00742204;0.00665204;0.00588204;0.00511421;0.00435446;0.00196477;SG3,SDG,TTS,HDG,
L630;30329;0;0;0.00808204;0.00764204;0.00687204;0.00610204;0.00533308;0.00456995;0.00196477;SG3,SDG,TTS,HDG,
L630;30329;0;0;0.00808204;0.00764204;0.00687204;0.00610204;0.00533308;0.00456995;0.00196477;SG3,SDG,TTS,HDG,
TB70;12104;0;0;0.00321322;0.00283292;0.00227048;0.0019711;0.00196477;0.00240998;0.00450773;SG3,SDG,TTS,HDG,
TB70;50805;0;0;0.0039284;0.00351372;0.00283292;0.00227048;0.0019711;0.00196477;0.00240998;SG3,SDG,TTS,HDG,
TB70;50805;0;0;0.00632204;0.00588204;0.00511421;0.00435446;0.003616;0.00292537;0.00196477;SG3,SDG,TTS,HDG,
TB70;25402;0;0;0.00786204;0.00742204;0.00665204;0.00588204;0.00511421;0.00435446;0.00196477;SG3,SDG,TTS,HDG,
TB70;25402;0;0;0.00808204;0.00764204;0.00687204;0.00610204;0.00533308;0.00456995;0.00196477;SG3,SDG,TTS,HDG,
TB70;50805;0;0;0.00808204;0.00764204;0.00687204;0.00610204;0.00533308;0.00456995;0.00196477;SG3,SDG,TTS,HDG,
TB70;50805;0;0;0.00808204;0.00764204;0.00687204;0.00610204;0.00533308;0.00456995;0.00196477;SG3,SDG,TTS,HDG,
TB70;25402;0;0;0.00808204;0.00764204;0.00687204;0.00610204;0.00533308;0.00456995;0.00196477;SG3,SDG,TTS,HDG,
TB70;50805;0;0;0.00808204;0.00764204;0.00687204;0.00610204;0.00533308;0.00456995;0.00196477;SG3,SDG,TTS,HDG,
TB70;50805;0;0;0.00808204;0.00764204;0.00687204;0.00610204;0.00533308;0.00456995;0.00196477;SG3,SDG,TTS,HDG,
LT70;22390;0;0;0.00198813;0.00196477;0.00203321;0.00301436;0.00639731;0.0145202;0.0273767;SG3,SDG,TTS,HDG,
K140;14818;0;0;0.00424721;0.00382354;0.00311568;0.00249087;0.00205171;0.00196477;0.00209176;GALTEC,SDG,TTS,HDG,
K140;42688;0;0;0.00720204;0.00676204;0.00599204;0.0052236;0.0044619;0.00371934;0.00196477;GALTEC,SDG,TTS,HDG,
K140;10672;0;0;0.00797204;0.00753204;0.00676204;0.00599204;0.0052236;0.0044619;0.00196477;GALTEC,SDG,TTS,HDG,
K140;32016;0;0;0.00808204;0.00764204;0.00687204;0.00610204;0.00533308;0.00456995;0.00196477;GALTEC,SDG,TTS,HDG,
K140;32016;0;0;0.00808204;0.00764204;0.00687204;0.00610204;0.00533308;0.00456995;0.00196477;GALTEC,SDG,TTS,HDG,
K140;32016;0;0;0.00808204;0.00764204;0.00687204;0.00610204;0.00533308;0.00456995;0.00196477;GALTEC,SDG,TTS,HDG,
K140;10672;0;0;0.00808204;0.00764204;0.00687204;0.00610204;0.00533308;0.00456995;0.00196477;GALTEC,SDG,TTS,HDG,
T230;21494;0;0;0.00203321;0.00227747;0.00301436;0.00639731;0.0145202;0.0273767;0.0450707;SG3,SDG,TTS,HDG,
T230;21494;0;0;0.003616;0.00321322;0.00257191;0.00209667;0.00196477;0.00203321;0.00301436;SG3,SDG,TTS,HDG,
T230;21494;0;0;0.00588204;0.00544262;0.00467823;0.0039284;0.00321322;0.00257191;0.00196477;SG3,SDG,TTS,HDG,
T230;21494;0;0;0.00742204;0.00698204;0.00621204;0.00544262;0.00467823;0.0039284;0.00196477;SG3,SDG,TTS,HDG,
T230;21551;0;0;0.00665204;0.00621204;0.00544262;0.00467823;0.0039284;0.00321322;0.00196477;SG3,SDG,TTS,HDG,
T230;22905;0;0;0.00209176;0.00240998;0.00330309;0.00722707;0.0160717;0.0296055;0.0479972;SG3,SDG,TTS,HDG,
T230;22905;0;0;0.00292537;0.00257191;0.00209667;0.00196477;0.00203321;0.00301436;0.00639731;SG3,SDG,TTS,HDG,
T230;22905;0;0;0.003616;0.00321322;0.00257191;0.00209667;0.00196477;0.00203321;0.00301436;SG3,SDG,TTS,HDG,
T230;22905;0;0;0.0039284;0.00351372;0.00283292;0.00227048;0.0019711;0.00196477;0.00240998;SG3,SDG,TTS,HDG,
T230;22905;0;0;0.00588204;0.00544262;0.00467823;0.0039284;0.00321322;0.00257191;0.00196477;SG3,SDG,TTS,HDG,
T230;22905;0;0;0.00665204;0.00621204;0.00544262;0.00467823;0.0039284;0.00321322;0.00196477;SG3,SDG,TTS,HDG,
T230;22905;0;0;0.00742204;0.00698204;0.00621204;0.00544262;0.00467823;0.0039284;0.00196477;SG3,SDG,TTS,HDG,
KN50;24190;0;0;0.00643204;0.00599204;0.0052236;0.0044619;0.00371934;0.00301968;0.00196477;BAF_HNX,BAF,BT2,
T210;11265;0;0;0.00742204;0.00698204;0.00621204;0.00544262;0.00467823;0.0039284;0.00196477;SG3,SDG,TTS,HDG,
T210;18783;0;0;0.00808204;0.00764204;0.00687204;0.00610204;0.00533308;0.00456995;0.00196477;SG3,SDG,TTS,HDG,
T210;37565;0;0;0.00808204;0.00764204;0.00687204;0.00610204;0.00533308;0.00456995;0.00196477;SG3,SDG,TTS,HDG,
T230;83848;0;0;0.00639731;0.00923905;0.0145202;0.0273767;0.0450707;0.0676541;0.0951337;SG3,SDG,TTS,HDG,
T230;86276;0;0;0.00450773;0.00639731;0.0104179;0.0212855;0.0368895;0.057376;0.082757;SG3,SDG,TTS,HDG,
T230;86276;0;0;0.00203321;0.00227747;0.00301436;0.00639731;0.0145202;0.0273767;0.0450707;SG3,SDG,TTS,HDG,
T230;86276;0;0;0.00196477;0.00199442;0.00227747;0.00404042;0.00923905;0.0194514;0.0343621;SG3,SDG,TTS,HDG,
T230;86276;0;0;0.003616;0.00321322;0.00257191;0.00209667;0.00196477;0.00203321;0.00301436;SG3,SDG,TTS,HDG,
T230;107845;0;0;0.0039284;0.00351372;0.00283292;0.00227048;0.0019711;0.00196477;0.00240998;SG3,SDG,TTS,HDG,
T230;86276;0;0;0.00424721;0.00382354;0.00311568;0.00249087;0.00205171;0.00196477;0.00209176;SG3,SDG,TTS,HDG,
T230;86276;0;0;0.00588204;0.00544262;0.00467823;0.0039284;0.00321322;0.00257191;0.00196477;SG3,SDG,TTS,HDG,
T230;107845;0;0;0.00665204;0.00621204;0.00544262;0.00467823;0.0039284;0.00321322;0.00196477;SG3,SDG,TTS,HDG,
T230;86276;0;0;0.00742204;0.00698204;0.00621204;0.00544262;0.00467823;0.0039284;0.00196477;SG3,SDG,TTS,HDG,
T230;107845;0;0;0.00808204;0.00764204;0.00687204;0.00610204;0.00533308;0.00456995;0.00196477;SG3,SDG,TTS,HDG,
T230;14623;0;0;0.00786204;0.00742204;0.00665204;0.00588204;0.00511421;0.00435446;0.00196477;GALTEC,SDG,TTS,HDG,
T230;14623;0;0;0.00808204;0.00764204;0.00687204;0.00610204;0.00533308;0.00456995;0.00196477;GALTEC,SDG,TTS,HDG,
T230;14623;0;0;0.00808204;0.00764204;0.00687204;0.00610204;0.00533308;0.00456995;0.00196477;GALTEC,SDG,TTS,HDG,
K320;25387;0;0;0.00424721;0.00382354;0.00311568;0.00249087;0.00205171;0.00196477;0.00209176;GEBEITST,
KN30;11851;0;0;0.00588204;0.00544262;0.00467823;0.0039284;0.00321322;0.00257191;0.00196477;GALTEC,SDG,TTS,HDG,
KN30;21076;0;0;0.00808204;0.00764204;0.00687204;0.00610204;0.00533308;0.00456995;0.00196477;GALTEC,SDG,TTS,HDG,
T250;89472;0;0;0.0050491;0.00722707;0.0116869;0.023217;0.0395169;0.0607021;0.0867826;SG3,SDG,TTS,HDG,
T250;67104;0;0;0.00203321;0.00227747;0.00301436;0.00639731;0.0145202;0.0273767;0.0450707;SG3,SDG,TTS,HDG,
T250;89472;0;0;0.0039284;0.00351372;0.00283292;0.00227048;0.0019711;0.00196477;0.00240998;SG3,SDG,TTS,HDG,
T250;67104;0;0;0.00599204;0.0055524;0.004787;0.00403409;0.0033121;0.00265631;0.00196477;SG3,SDG,TTS,HDG,
T250;89472;0;0;0.00720204;0.00676204;0.00599204;0.0052236;0.0044619;0.00371934;0.00196477;SG3,SDG,TTS,HDG,
T250;89472;0;0;0.00808204;0.00764204;0.00687204;0.00610204;0.00533308;0.00456995;0.00196477;SG3,SDG,TTS,HDG,
T250;67104;0;0;0.00808204;0.00764204;0.00687204;0.00610204;0.00533308;0.00456995;0.00196477;SG3,SDG,TTS,HDG,
T230;18499;0;0;0.00321322;0.00283292;0.00227048;0.0019711;0.00196477;0.00240998;0.00450773;SG3,SDG,TTS,HDG,
T230;24193;0;0;0.0039284;0.00351372;0.00283292;0.00227048;0.0019711;0.00196477;0.00240998;SG3,SDG,TTS,HDG,
T230;24193;0;0;0.0039284;0.00351372;0.00283292;0.00227048;0.0019711;0.00196477;0.00240998;SG3,SDG,TTS,HDG,
T230;48386;0;0;0.00424721;0.00382354;0.00311568;0.00249087;0.00205171;0.00196477;0.00209176;SG3,SDG,TTS,HDG,
T230;24193;0;0;0.00621204;0.00577204;0.00500497;0.00424721;0.00351372;0.00283292;0.00196477;SG3,SDG,TTS,HDG,
T230;72578;0;0;0.00698204;0.00654204;0.00577204;0.00500497;0.00424721;0.00351372;0.00196477;SG3,SDG,TTS,HDG,
T230;24193;0;0;0.00764204;0.00720204;0.00643204;0.00566213;0.00489585;0.00414042;0.00196477;SG3,SDG,TTS,HDG,
T230;24193;0;0;0.00808204;0.00764204;0.00687204;0.00610204;0.00533308;0.00456995;0.00196477;SG3,SDG,TTS,HDG,
T230;72578;0;0;0.00808204;0.00764204;0.00687204;0.00610204;0.00533308;0.00456995;0.00196477;SG3,SDG,TTS,HDG,
T230;21453;0;0;0.00240998;0.00301436;0.00450773;0.0104179;0.0212855;0.0368895;0.057376;GALTEC,SDG,TTS,HDG,
T230;21453;0;0;0.0020148;0.00196477;0.00199442;0.00277186;0.00567697;0.0130556;0.0252471;GALTEC,SDG,TTS,HDG,
T230;21453;0;0;0.00424721;0.00382354;0.00311568;0.00249087;0.00205171;0.00196477;0.00209176;GALTEC,SDG,TTS,HDG,
T230;21453;0;0;0.00808204;0.00764204;0.00687204;0.00610204;0.00533308;0.00456995;0.00196477;GALTEC,SDG,TTS,HDG,
T250;34329;0;0;0.0020148;0.00196477;0.00199442;0.00277186;0.00567697;0.0130556;0.0252471;SG3,SDG,BT2,HDG,
T250;54427;0;0;0.0033121;0.00292537;0.00233967;0.00198813;0.00196477;0.00227747;0.00404042;SG3,SDG,BT2,HDG,
T250;54427;0;0;0.00424721;0.00382354;0.00311568;0.00249087;0.00205171;0.00196477;0.00209176;SG3,SDG,BT2,HDG,
T250;72570;0;0;0.00424721;0.00382354;0.00311568;0.00249087;0.00205171;0.00196477;0.00209176;SG3,SDG,BT2,HDG,
T250;54427;0;0;0.00654204;0.00610204;0.00533308;0.00456995;0.00382354;0.00311568;0.00196477;SG3,SDG,BT2,HDG,
T250;54427;0;0;0.00742204;0.00698204;0.00621204;0.00544262;0.00467823;0.0039284;0.00196477;SG3,SDG,BT2,HDG,
T250;54427;0;0;0.00808204;0.00764204;0.00687204;0.00610204;0.00533308;0.00456995;0.00196477;SG3,SDG,BT2,HDG,
T250;72570;0;0;0.00808204;0.00764204;0.00687204;0.00610204;0.00533308;0.00456995;0.00196477;SG3,SDG,BT2,HDG,
T250;54427;0;0;0.00808204;0.00764204;0.00687204;0.00610204;0.00533308;0.00456995;0.00196477;SG3,SDG,BT2,HDG,
T250;54427;0;0;0.00808204;0.00764204;0.00687204;0.00610204;0.00533308;0.00456995;0.00196477;SG3,SDG,BT2,HDG,
T250;54427;0;0;0.00808204;0.00764204;0.00687204;0.00610204;0.00533308;0.00456995;0.00196477;SG3,SDG,BT2,HDG,
KN70;51226;0;0;0.00382354;0.00341243;0.00274359;0.00220669;0.00196477;0.00197231;0.00257305;GALTEC,SDG,TTS,HDG,
KN70;25613;0;0;0.00764204;0.00720204;0.00643204;0.00566213;0.00489585;0.00414042;0.00196477;GALTEC,SDG,TTS,HDG,
T210;22071;0;0;0.00227048;0.00205171;0.00196477;0.00209176;0.00330309;0.00722707;0.0160717;GALTEC,SDG,TTS,HDG,
T210;27291;0;0;0.0039284;0.00351372;0.00283292;0.00227048;0.0019711;0.00196477;0.00240998;GALTEC,SDG,TTS,HDG,
T210;54583;0;0;0.00588204;0.00544262;0.00467823;0.0039284;0.00321322;0.00257191;0.00196477;GALTEC,SDG,TTS,HDG,
T210;27291;0;0;0.00665204;0.00621204;0.00544262;0.00467823;0.0039284;0.00321322;0.00196477;GALTEC,SDG,TTS,HDG,
T210;27291;0;0;0.00808204;0.00764204;0.00687204;0.00610204;0.00533308;0.00456995;0.00196477;GALTEC,SDG,TTS,HDG,
T210;27291;0;0;0.00808204;0.00764204;0.00687204;0.00610204;0.00533308;0.00456995;0.00196477;GALTEC,SDG,TTS,HDG,
T210;27291;0;0;0.00808204;0.00764204;0.00687204;0.00610204;0.00533308;0.00456995;0.00196477;GALTEC,SDG,TTS,HDG,
T210;27291;0;0;0.00808204;0.00764204;0.00687204;0.00610204;0.00533308;0.00456995;0.00196477;GALTEC,SDG,TTS,HDG,
KM80;24330;0;0;0.00241314;0.00214847;0.00196477;0.00199442;0.00277186;0.00567697;0.0130556;GEBEITST,
KM80;24330;0;0;0.00301968;0.00265631;0.00214847;0.00196477;0.00199442;0.00277186;0.00567697;GEBEITST,
KM80;48659;0;0;0.00676204;0.00632204;0.0055524;0.004787;0.00403409;0.0033121;0.00196477;GEBEITST,
KM80;48659;0;0;0.00808204;0.00764204;0.00687204;0.00610204;0.00533308;0.00456995;0.00196477;GEBEITST,
LT40;4842;0;0;0.00424721;0.00382354;0.00311568;0.00249087;0.00205171;0.00196477;0.00209176;SG3,SDG,TTS,HDG,
LT40;21365;0;0;0.00676204;0.00632204;0.0055524;0.004787;0.00403409;0.0033121;0.00196477;SG3,SDG,TTS,HDG,
KM80;22214;0;0;0.00301968;0.00265631;0.00214847;0.00196477;0.00199442;0.00277186;0.00567697;GEBEITST,
KM80;22214;0;0;0.00371934;0.0033121;0.00265631;0.00214847;0.00196477;0.00199442;0.00277186;GEBEITST,
KM80;22214;0;0;0.00676204;0.00632204;0.0055524;0.004787;0.00403409;0.0033121;0.00196477;GEBEITST,
KM80;22214;0;0;0.00808204;0.00764204;0.00687204;0.00610204;0.00533308;0.00456995;0.00196477;GEBEITST,
KM80;22214;0;0;0.00808204;0.00764204;0.00687204;0.00610204;0.00533308;0.00456995;0.00196477;GEBEITST,
LK60;6548;0;0;0.0422437;0.0510236;0.0641281;0.0909081;0.122587;0.159165;0.200643;GEBEITST,
LK60;30252;0;0;0.00277186;0.00364156;0.00567697;0.0130556;0.0252471;0.0422437;0.0641281;GEBEITST,
LK60;30252;0;0;0.00199442;0.00217226;0.00277186;0.00567697;0.0130556;0.0252471;0.0422437;GEBEITST,
LK60;30252;0;0;0.0020148;0.00196477;0.00199442;0.00277186;0.00567697;0.0130556;0.0252471;GEBEITST,
LK60;30252;0;0;0.00241314;0.00214847;0.00196477;0.00199442;0.00277186;0.00567697;0.0130556;GEBEITST,
LK60;15126;0;0;0.00292537;0.00257191;0.00209667;0.00196477;0.00203321;0.00301436;0.00639731;GEBEITST,
LK60;30252;0;0;0.00371934;0.0033121;0.00265631;0.00214847;0.00196477;0.00199442;0.00277186;GEBEITST,
LK60;30252;0;0;0.00424721;0.00382354;0.00311568;0.00249087;0.00205171;0.00196477;0.00209176;GEBEITST,
LK60;30252;0;0;0.00424721;0.00382354;0.00311568;0.00249087;0.00205171;0.00196477;0.00209176;GEBEITST,
LK60;15126;0;0;0.00599204;0.0055524;0.004787;0.00403409;0.0033121;0.00265631;0.00196477;GEBEITST,
LK60;30252;0;0;0.00676204;0.00632204;0.0055524;0.004787;0.00403409;0.0033121;0.00196477;GEBEITST,
LK60;30252;0;0;0.00753204;0.00709204;0.00632204;0.0055524;0.004787;0.00403409;0.00196477;GEBEITST,
LK60;30252;0;0;0.00808204;0.00764204;0.00687204;0.00610204;0.00533308;0.00456995;0.00196477;GEBEITST,
LK60;15126;0;0;0.00808204;0.00764204;0.00687204;0.00610204;0.00533308;0.00456995;0.00196477;GEBEITST,
LK60;30252;0;0;0.00808204;0.00764204;0.00687204;0.00610204;0.00533308;0.00456995;0.00196477;GEBEITST,
LK60;30252;0;0;0.00808204;0.00764204;0.00687204;0.00610204;0.00533308;0.00456995;0.00196477;GEBEITST,
K320;26267;0;0;0.00198813;0.00196477;0.00203321;0.00301436;0.00639731;0.0145202;0.0273767;GEBEITST,
K320;52891;0;0;0.00414042;0.00371934;0.00301968;0.00241314;0.0020148;0.00196477;0.00217226;GEBEITST,
K320;52891;0;0;0.00424721;0.00382354;0.00311568;0.00249087;0.00205171;0.00196477;0.00209176;GEBEITST,
K320;52891;0;0;0.00665204;0.00621204;0.00544262;0.00467823;0.0039284;0.00321322;0.00196477;GEBEITST,
K320;52891;0;0;0.00808204;0.00764204;0.00687204;0.00610204;0.00533308;0.00456995;0.00196477;GEBEITST,
K320;52891;0;0;0.00808204;0.00764204;0.00687204;0.00610204;0.00533308;0.00456995;0.00196477;GEBEITST,
KN30;26121;0;0;0.00241314;0.00214847;0.00196477;0.00199442;0.00277186;0.00567697;0.0130556;GALTEC,SDG,TTS,HDG,
KN30;25242;0;0;0.00311568;0.00274359;0.00220669;0.00196477;0.00197231;0.00257305;0.0050491;GALTEC,SDG,TTS,HDG,
KN30;25242;0;0;0.00382354;0.00341243;0.00274359;0.00220669;0.00196477;0.00197231;0.00257305;GALTEC,SDG,TTS,HDG,
KN30;50483;0;0;0.00610204;0.00566213;0.00489585;0.00414042;0.00341243;0.00274359;0.00196477;GALTEC,SDG,TTS,HDG,
KN30;25242;0;0;0.00687204;0.00643204;0.00566213;0.00489585;0.00414042;0.00341243;0.00196477;GALTEC,SDG,TTS,HDG,
KN30;25242;0;0;0.00808204;0.00764204;0.00687204;0.00610204;0.00533308;0.00456995;0.00196477;GALTEC,SDG,TTS,HDG,
KN30;42564;0;0;0.00196477;0.00197231;0.00217226;0.00364156;0.00817559;0.0177148;0.031934;SG3,SDG,TTS,HDG,
KN30;42564;0;0;0.0039284;0.00351372;0.00283292;0.00227048;0.0019711;0.00196477;0.00240998;SG3,SDG,TTS,HDG,
KN30;42564;0;0;0.00424721;0.00382354;0.00311568;0.00249087;0.00205171;0.00196477;0.00209176;SG3,SDG,TTS,HDG,
KN30;42564;0;0;0.00797204;0.00753204;0.00676204;0.00599204;0.0052236;0.0044619;0.00196477;SG3,SDG,TTS,HDG,
T230;63723;0;0;0.0039284;0.00351372;0.00283292;0.00227048;0.0019711;0.00196477;0.00240998;SG3,SDG,TTS,HDG,
T230;31861;0;0;0.0039284;0.00351372;0.00283292;0.00227048;0.0019711;0.00196477;0.00240998;SG3,SDG,TTS,HDG,
T230;63723;0;0;0.00424721;0.00382354;0.00311568;0.00249087;0.00205171;0.00196477;0.00209176;SG3,SDG,TTS,HDG,
T230;31861;0;0;0.00643204;0.00599204;0.0052236;0.0044619;0.00371934;0.00301968;0.00196477;SG3,SDG,TTS,HDG,
T230;31861;0;0;0.00720204;0.00676204;0.00599204;0.0052236;0.0044619;0.00371934;0.00196477;SG3,SDG,TTS,HDG,
T230;63723;0;0;0.00797204;0.00753204;0.00676204;0.00599204;0.0052236;0.0044619;0.00196477;SG3,SDG,TTS,HDG,
T230;31861;0;0;0.00808204;0.00764204;0.00687204;0.00610204;0.00533308;0.00456995;0.00196477;SG3,SDG,TTS,HDG,
T230;63723;0;0;0.00808204;0.00764204;0.00687204;0.00610204;0.00533308;0.00456995;0.00196477;SG3,SDG,TTS,HDG,
T230;63723;0;0;0.00808204;0.00764204;0.00687204;0.00610204;0.00533308;0.00456995;0.00196477;SG3,SDG,TTS,HDG,
T230;31861;0;0;0.00808204;0.00764204;0.00687204;0.00610204;0.00533308;0.00456995;0.00196477;SG3,SDG,TTS,HDG,
T230;63723;0;0;0.00808204;0.00764204;0.00687204;0.00610204;0.00533308;0.00456995;0.00196477;SG3,SDG,TTS,HDG,
K320;44428;0;0;0.00808204;0.00764204;0.00687204;0.00610204;0.00533308;0.00456995;0.00196477;GEBEITST,
KM40;25387;0;0;0.00382354;0.00341243;0.00274359;0.00220669;0.00196477;0.00197231;0.00257305;GEBEITST,
KM40;25387;0;0;0.00764204;0.00720204;0.00643204;0.00566213;0.00489585;0.00414042;0.00196477;GEBEITST,
N710;13376;0;0;0.0039284;0.00351372;0.00283292;0.00227048;0.0019711;0.00196477;0.00240998;SG3,SDG,TTS,HDG,
N710;29056;0;0;0.0039284;0.00351372;0.00283292;0.00227048;0.0019711;0.00196477;0.00240998;SG3,SDG,TTS,HDG,
N710;29056;0;0;0.00424721;0.00382354;0.00311568;0.00249087;0.00205171;0.00196477;0.00209176;SG3,SDG,TTS,HDG,
N710;29056;0;0;0.00621204;0.00577204;0.00500497;0.00424721;0.00351372;0.00283292;0.00196477;SG3,SDG,TTS,HDG,
N710;58112;0;0;0.00698204;0.00654204;0.00577204;0.00500497;0.00424721;0.00351372;0.00196477;SG3,SDG,TTS,HDG,
N710;29056;0;0;0.00764204;0.00720204;0.00643204;0.00566213;0.00489585;0.00414042;0.00196477;SG3,SDG,TTS,HDG,
N710;29056;0;0;0.00808204;0.00764204;0.00687204;0.00610204;0.00533308;0.00456995;0.00196477;SG3,SDG,TTS,HDG,
N710;29056;0;0;0.00808204;0.00764204;0.00687204;0.00610204;0.00533308;0.00456995;0.00196477;SG3,SDG,TTS,HDG,
N710;29056;0;0;0.00808204;0.00764204;0.00687204;0.00610204;0.00533308;0.00456995;0.00196477;SG3,SDG,TTS,HDG,
N710;29056;0;0;0.00808204;0.00764204;0.00687204;0.00610204;0.00533308;0.00456995;0.00196477;SG3,SDG,TTS,HDG,
N710;29056;0;0;0.00808204;0.00764204;0.00687204;0.00610204;0.00533308;0.00456995;0.00196477;SG3,SDG,TTS,HDG,
LT40;17914;0;0;0.00588204;0.00544262;0.00467823;0.0039284;0.00321322;0.00257191;0.00196477;SG3,SDG,TTS,HDG,
LT40;17914;0;0;0.00742204;0.00698204;0.00621204;0.00544262;0.00467823;0.0039284;0.00196477;SG3,SDG,TTS,HDG,
K320;46544;0;0;0.00808204;0.00764204;0.00687204;0.00610204;0.00533308;0.00456995;0.00196477;GEBEITST,
TB70;25643;0;0;0.00220669;0.0020148;0.00196477;0.00217226;0.00364156;0.00817559;0.0177148;SG3,SDG,TTS,HDG,
TB70;51287;0;0;0.003616;0.00321322;0.00257191;0.00209667;0.00196477;0.00203321;0.00301436;SG3,SDG,TTS,HDG,
TB70;25643;0;0;0.0039284;0.00351372;0.00283292;0.00227048;0.0019711;0.00196477;0.00240998;SG3,SDG,TTS,HDG,
TB70;51287;0;0;0.00424721;0.00382354;0.00311568;0.00249087;0.00205171;0.00196477;0.00209176;SG3,SDG,TTS,HDG,
TB70;25643;0;0;0.00588204;0.00544262;0.00467823;0.0039284;0.00321322;0.00257191;0.00196477;SG3,SDG,TTS,HDG,
TB70;51287;0;0;0.00665204;0.00621204;0.00544262;0.00467823;0.0039284;0.00321322;0.00196477;SG3,SDG,TTS,HDG,
TB60;24355;0;0;0.00424721;0.00382354;0.00311568;0.00249087;0.00205171;0.00196477;0.00209176;SG3,SDG,TTS,HDG,
LK60;40460;0;0;0.00404042;0.00567697;0.00923905;0.0194514;0.0343621;0.0541498;0.0788313;GEBEITST,
T210;27613;0;0;0.00341243;0.00301968;0.00241314;0.0020148;0.00196477;0.00217226;0.00364156;GALTEC,SDG,BT2,HDG,
T210;27613;0;0;0.00424721;0.00382354;0.00311568;0.00249087;0.00205171;0.00196477;0.00209176;GALTEC,SDG,BT2,HDG,
T210;27613;0;0;0.00676204;0.00632204;0.0055524;0.004787;0.00403409;0.0033121;0.00196477;GALTEC,SDG,BT2,HDG,
T210;27613;0;0;0.00808204;0.00764204;0.00687204;0.00610204;0.00533308;0.00456995;0.00196477;GALTEC,SDG,BT2,HDG,
T210;27613;0;0;0.00808204;0.00764204;0.00687204;0.00610204;0.00533308;0.00456995;0.00196477;GALTEC,SDG,BT2,HDG,
KT70;26989;0;0;0.00199442;0.00217226;0.00277186;0.00567697;0.0130556;0.0252471;0.0422437;GEBEITST,
KT70;26445;0;0;0.00414042;0.00371934;0.00301968;0.00241314;0.0020148;0.00196477;0.00217226;GEBEITST,
KT70;26445;0;0;0.00599204;0.0055524;0.004787;0.00403409;0.0033121;0.00265631;0.00196477;GEBEITST,
KT70;52891;0;0;0.00808204;0.00764204;0.00687204;0.00610204;0.00533308;0.00456995;0.00196477;GEBEITST,
KT70;52891;0;0;0.00808204;0.00764204;0.00687204;0.00610204;0.00533308;0.00456995;0.00196477;GEBEITST,
T230;19117;0;0;0.00277186;0.00364156;0.00567697;0.0130556;0.0252471;0.0422437;0.0641281;GALTEC,SDG,BT2,HDG,
T230;19117;0;0;0.00199442;0.00217226;0.00277186;0.00567697;0.0130556;0.0252471;0.0422437;GALTEC,SDG,BT2,HDG,
T230;19117;0;0;0.00198813;0.00196477;0.00203321;0.00301436;0.00639731;0.0145202;0.0273767;GALTEC,SDG,BT2,HDG,
T230;19117;0;0;0.0033121;0.00292537;0.00233967;0.00198813;0.00196477;0.00227747;0.00404042;GALTEC,SDG,BT2,HDG,
T230;19117;0;0;0.00424721;0.00382354;0.00311568;0.00249087;0.00205171;0.00196477;0.00209176;GALTEC,SDG,BT2,HDG,
T230;19117;0;0;0.00424721;0.00382354;0.00311568;0.00249087;0.00205171;0.00196477;0.00209176;GALTEC,SDG,BT2,HDG,
T230;19117;0;0;0.00588204;0.00544262;0.00467823;0.0039284;0.00321322;0.00257191;0.00196477;GALTEC,SDG,BT2,HDG,
T230;19117;0;0;0.00665204;0.00621204;0.00544262;0.00467823;0.0039284;0.00321322;0.00196477;GALTEC,SDG,BT2,HDG,
T230;19117;0;0;0.00753204;0.00709204;0.00632204;0.0055524;0.004787;0.00403409;0.00196477;GALTEC,SDG,BT2,HDG,
T230;19117;0;0;0.00808204;0.00764204;0.00687204;0.00610204;0.00533308;0.00456995;0.00196477;GALTEC,SDG,BT2,HDG,
T230;19117;0;0;0.00808204;0.00764204;0.00687204;0.00610204;0.00533308;0.00456995;0.00196477;GALTEC,SDG,BT2,HDG,
T230;19117;0;0;0.00808204;0.00764204;0.00687204;0.00610204;0.00533308;0.00456995;0.00196477;GALTEC,SDG,BT2,HDG,
KM30;92030;0;0;0.00301968;0.00265631;0.00214847;0.00196477;0.00199442;0.00277186;0.00567697;GEBEITST,
KM30;30677;0;0;0.00414042;0.00371934;0.00301968;0.00241314;0.0020148;0.00196477;0.00217226;GEBEITST,
KM30;30677;0;0;0.00599204;0.0055524;0.004787;0.00403409;0.0033121;0.00265631;0.00196477;GEBEITST,
KM30;30677;0;0;0.00808204;0.00764204;0.00687204;0.00610204;0.00533308;0.00456995;0.00196477;GEBEITST,
LK20;15057;0;0;0.00330309;0.00450773;0.00722707;0.0160717;0.0296055;0.0479972;0.0712798;GALTEC,SDG,TTS,HDG,
LK20;30114;0;0;0.0019711;0.00196477;0.00209176;0.00330309;0.00722707;0.0160717;0.0296055;GALTEC,SDG,TTS,HDG,
LK20;15057;0;0;0.00424721;0.00382354;0.00311568;0.00249087;0.00205171;0.00196477;0.00209176;GALTEC,SDG,TTS,HDG,
LK20;30114;0;0;0.00654204;0.00610204;0.00533308;0.00456995;0.00382354;0.00311568;0.00196477;GALTEC,SDG,TTS,HDG,
LK20;15057;0;0;0.00808204;0.00764204;0.00687204;0.00610204;0.00533308;0.00456995;0.00196477;GALTEC,SDG,TTS,HDG,
LK20;30114;0;0;0.00808204;0.00764204;0.00687204;0.00610204;0.00533308;0.00456995;0.00196477;GALTEC,SDG,TTS,HDG,
LK20;15057;0;0;0.00808204;0.00764204;0.00687204;0.00610204;0.00533308;0.00456995;0.00196477;GALTEC,SDG,TTS,HDG,
LK20;30114;0;0;0.00808204;0.00764204;0.00687204;0.00610204;0.00533308;0.00456995;0.00196477;GALTEC,SDG,TTS,HDG,
LK20;15057;0;0;0.00808204;0.00764204;0.00687204;0.00610204;0.00533308;0.00456995;0.00196477;GALTEC,SDG,TTS,HDG,
LK20;30114;0;0;0.00808204;0.00764204;0.00687204;0.00610204;0.00533308;0.00456995;0.00196477;GALTEC,SDG,TTS,HDG,
LK20;15057;0;0;0.00808204;0.00764204;0.00687204;0.00610204;0.00533308;0.00456995;0.00196477;GALTEC,SDG,TTS,HDG,
LK20;30114;0;0;0.00808204;0.00764204;0.00687204;0.00610204;0.00533308;0.00456995;0.00196477;GALTEC,SDG,TTS,HDG,
LK20;15057;0;0;0.00808204;0.00764204;0.00687204;0.00610204;0.00533308;0.00456995;0.00196477;GALTEC,SDG,TTS,HDG,
LK20;30114;0;0;0.00808204;0.00764204;0.00687204;0.00610204;0.00533308;0.00456995;0.00196477;GALTEC,SDG,TTS,HDG,
KM40;6600;0;0;0.023217;0.0296055;0.0395169;0.0607021;0.0867826;0.117761;0.153639;GEBEITST,
KM40;20450;0;0;0.00257305;0.00330309;0.0050491;0.0116869;0.023217;0.0395169;0.0607021;GEBEITST,
KM40;20450;0;0;0.00687204;0.00643204;0.00566213;0.00489585;0.00414042;0.00341243;0.00196477;GEBEITST,
TB70;25594;0;0;0.00424721;0.00382354;0.00311568;0.00249087;0.00205171;0.00196477;0.00209176;ZWART,
TB70;23943;0;0;0.00424721;0.00382354;0.00311568;0.00249087;0.00205171;0.00196477;0.00209176;ZWART,
TB70;47886;0;0;0.00654204;0.00610204;0.00533308;0.00456995;0.00382354;0.00311568;0.00196477;ZWART,
TB70;47886;0;0;0.00731204;0.00687204;0.00610204;0.00533308;0.00456995;0.00382354;0.00196477;ZWART,
TB70;23943;0;0;0.00808204;0.00764204;0.00687204;0.00610204;0.00533308;0.00456995;0.00196477;ZWART,
TB70;47886;0;0;0.00808204;0.00764204;0.00687204;0.00610204;0.00533308;0.00456995;0.00196477;ZWART,
KM50;25387;0;0;0.00265631;0.00233967;0.00198813;0.00196477;0.00227747;0.00404042;0.00923905;GEBEITST,
KM50;25387;0;0;0.00414042;0.00371934;0.00301968;0.00241314;0.0020148;0.00196477;0.00217226;GEBEITST,
TB50;158842;0;0;0.00665204;0.00621204;0.00544262;0.00467823;0.0039284;0.00321322;0.00196477;SG3,SDG,TTS,HDG,
KN50;15915;0;0;0.0039284;0.00351372;0.00283292;0.00227048;0.0019711;0.00196477;0.00240998;GALTEC,SDG,TTS,HDG,
KN50;31830;0;0;0.00709204;0.00665204;0.00588204;0.00511421;0.00435446;0.003616;0.00196477;GALTEC,SDG,TTS,HDG,
L630;13953;0;0;0.0039284;0.00351372;0.00283292;0.00227048;0.0019711;0.00196477;0.00240998;SG3,SDG,TTS,HDG,
L630;18379;0;0;0.00665204;0.00621204;0.00544262;0.00467823;0.0039284;0.00321322;0.00196477;SG3,SDG,TTS,HDG,
L630;18379;0;0;0.00808204;0.00764204;0.00687204;0.00610204;0.00533308;0.00456995;0.00196477;SG3,SDG,TTS,HDG,
KT10;31521;0;0;0.00203321;0.00227747;0.00301436;0.00639731;0.0145202;0.0273767;0.0450707;SG3,SDG,TTS,HDG,
KT10;31521;0;0;0.00198813;0.00196477;0.00203321;0.00301436;0.00639731;0.0145202;0.0273767;SG3,SDG,TTS,HDG,
KT10;31521;0;0;0.0039284;0.00351372;0.00283292;0.00227048;0.0019711;0.00196477;0.00240998;SG3,SDG,TTS,HDG,
KT10;31521;0;0;0.00424721;0.00382354;0.00311568;0.00249087;0.00205171;0.00196477;0.00209176;SG3,SDG,TTS,HDG,
KT10;31521;0;0;0.00588204;0.00544262;0.00467823;0.0039284;0.00321322;0.00257191;0.00196477;SG3,SDG,TTS,HDG,
KT10;31521;0;0;0.00665204;0.00621204;0.00544262;0.00467823;0.0039284;0.00321322;0.00196477;SG3,SDG,TTS,HDG,
KT10;31521;0;0;0.00742204;0.00698204;0.00621204;0.00544262;0.00467823;0.0039284;0.00196477;SG3,SDG,TTS,HDG,
KT10;31521;0;0;0.00808204;0.00764204;0.00687204;0.00610204;0.00533308;0.00456995;0.00196477;SG3,SDG,TTS,HDG,
KT10;31521;0;0;0.00808204;0.00764204;0.00687204;0.00610204;0.00533308;0.00456995;0.00196477;SG3,SDG,TTS,HDG,
KT10;31521;0;0;0.00808204;0.00764204;0.00687204;0.00610204;0.00533308;0.00456995;0.00196477;SG3,SDG,TTS,HDG,
KT10;35380;0;0;0.00257191;0.00227048;0.0019711;0.00196477;0.00240998;0.00450773;0.0104179;SG3,SDG,TTS,HDG,
KT10;29448;0;0;0.0039284;0.00351372;0.00283292;0.00227048;0.0019711;0.00196477;0.00240998;SG3,SDG,TTS,HDG,
KT10;58896;0;0;0.00599204;0.0055524;0.004787;0.00403409;0.0033121;0.00265631;0.00196477;SG3,SDG,TTS,HDG,
KT10;58896;0;0;0.00753204;0.00709204;0.00632204;0.0055524;0.004787;0.00403409;0.00196477;SG3,SDG,TTS,HDG,
KT10;29448;0;0;0.00808204;0.00764204;0.00687204;0.00610204;0.00533308;0.00456995;0.00196477;SG3,SDG,TTS,HDG,
KT10;9248;0;0;0.00199442;0.00217226;0.00277186;0.00567697;0.0130556;0.0252471;0.0422437;SG3,SDG,TTS,HDG,
KT10;24332;0;0;0.00196477;0.00197231;0.00217226;0.00364156;0.00817559;0.0177148;0.031934;SG3,SDG,TTS,HDG,
KT10;48664;0;0;0.00220669;0.0020148;0.00196477;0.00217226;0.00364156;0.00817559;0.0177148;SG3,SDG,TTS,HDG,
KT10;24332;0;0;0.00274359;0.00241314;0.0020148;0.00196477;0.00217226;0.00364156;0.00817559;SG3,SDG,TTS,HDG,
KT10;48664;0;0;0.00321322;0.00283292;0.00227048;0.0019711;0.00196477;0.00240998;0.00450773;SG3,SDG,TTS,HDG,
KT10;24332;0;0;0.0039284;0.00351372;0.00283292;0.00227048;0.0019711;0.00196477;0.00240998;SG3,SDG,TTS,HDG,
KT10;24332;0;0;0.00424721;0.00382354;0.00311568;0.00249087;0.00205171;0.00196477;0.00209176;SG3,SDG,TTS,HDG,
KT10;24332;0;0;0.00643204;0.00599204;0.0052236;0.0044619;0.00371934;0.00301968;0.00196477;SG3,SDG,TTS,HDG,
KT10;48664;0;0;0.00720204;0.00676204;0.00599204;0.0052236;0.0044619;0.00371934;0.00196477;SG3,SDG,TTS,HDG,
KT10;48664;0;0;0.00797204;0.00753204;0.00676204;0.00599204;0.0052236;0.0044619;0.00196477;SG3,SDG,TTS,HDG,
KT10;24332;0;0;0.00808204;0.00764204;0.00687204;0.00610204;0.00533308;0.00456995;0.00196477;SG3,SDG,TTS,HDG,
KT10;24332;0;0;0.00808204;0.00764204;0.00687204;0.00610204;0.00533308;0.00456995;0.00196477;SG3,SDG,TTS,HDG,
KT10;42446;0;0;0.00687204;0.00643204;0.00566213;0.00489585;0.00414042;0.00341243;0.00196477;SG3,SDG,BT2,HDG,
KT10;39888;0;0;0.00808204;0.00764204;0.00687204;0.00610204;0.00533308;0.00456995;0.00196477;SG3,SDG,TTS,HDG,
LK70;17967;0;0;0.00292537;0.00257191;0.00209667;0.00196477;0.00203321;0.00301436;0.00639731;SG3,SDG,TTS,HDG,
LK70;17967;0;0;0.00588204;0.00544262;0.00467823;0.0039284;0.00321322;0.00257191;0.00196477;SG3,SDG,TTS,HDG,
LK70;17967;0;0;0.00808204;0.00764204;0.00687204;0.00610204;0.00533308;0.00456995;0.00196477;SG3,SDG,TTS,HDG,
LK70;31830;0;0;0.00209667;0.0019711;0.00196477;0.00240998;0.00450773;0.0104179;0.0212855;SG3,SDG,BT2,HDG,
LK70;47745;0;0;0.00698204;0.00654204;0.00577204;0.00500497;0.00424721;0.00351372;0.00196477;SG3,SDG,BT2,HDG,
KM30;29619;0;0;0.0020148;0.00196477;0.00199442;0.00277186;0.00567697;0.0130556;0.0252471;GEBEITST,
KM30;29619;0;0;0.00241314;0.00214847;0.00196477;0.00199442;0.00277186;0.00567697;0.0130556;GEBEITST,
KM30;88856;0;0;0.00301968;0.00265631;0.00214847;0.00196477;0.00199442;0.00277186;0.00567697;GEBEITST,
KM30;29619;0;0;0.00414042;0.00371934;0.00301968;0.00241314;0.0020148;0.00196477;0.00217226;GEBEITST,
KM30;29619;0;0;0.00599204;0.0055524;0.004787;0.00403409;0.0033121;0.00265631;0.00196477;GEBEITST,
KM30;29619;0;0;0.00676204;0.00632204;0.0055524;0.004787;0.00403409;0.0033121;0.00196477;GEBEITST,
KM30;59237;0;0;0.00753204;0.00709204;0.00632204;0.0055524;0.004787;0.00403409;0.00196477;GEBEITST,
KM30;29619;0;0;0.00808204;0.00764204;0.00687204;0.00610204;0.00533308;0.00456995;0.00196477;GEBEITST,
KM30;59237;0;0;0.00808204;0.00764204;0.00687204;0.00610204;0.00533308;0.00456995;0.00196477;GEBEITST,
KM30;29619;0;0;0.00808204;0.00764204;0.00687204;0.00610204;0.00533308;0.00456995;0.00196477;GEBEITST,
KM30;59237;0;0;0.00808204;0.00764204;0.00687204;0.00610204;0.00533308;0.00456995;0.00196477;GEBEITST,
T230;43064;0;0;0.00450773;0.00639731;0.0104179;0.0212855;0.0368895;0.057376;0.082757;SG3,SDG,TTS,HDG,
T230;54480;0;0;0.00321322;0.00283292;0.00227048;0.0019711;0.00196477;0.00240998;0.00450773;SG3,SDG,TTS,HDG,
T230;54480;0;0;0.00621204;0.00577204;0.00500497;0.00424721;0.00351372;0.00283292;0.00196477;SG3,SDG,TTS,HDG,
T230;54480;0;0;0.00698204;0.00654204;0.00577204;0.00500497;0.00424721;0.00351372;0.00196477;SG3,SDG,TTS,HDG,
T230;72641;0;0;0.00808204;0.00764204;0.00687204;0.00610204;0.00533308;0.00456995;0.00196477;SG3,SDG,TTS,HDG,
TB70;26025;0;0;0.00330309;0.00450773;0.00722707;0.0160717;0.0296055;0.0479972;0.0712798;ZWART,
TB70;52050;0;0;0.0019711;0.00196477;0.00209176;0.00330309;0.00722707;0.0160717;0.0296055;ZWART,
TB70;182175;0;0;0.00351372;0.00311568;0.00249087;0.00205171;0.00196477;0.00209176;0.00330309;ZWART,
TB70;104100;0;0;0.00424721;0.00382354;0.00311568;0.00249087;0.00205171;0.00196477;0.00209176;ZWART,
TB70;156150;0;0;0.00654204;0.00610204;0.00533308;0.00456995;0.00382354;0.00311568;0.00196477;ZWART,
TB70;156150;0;0;0.00808204;0.00764204;0.00687204;0.00610204;0.00533308;0.00456995;0.00196477;ZWART,
TB70;130125;0;0;0.00808204;0.00764204;0.00687204;0.00610204;0.00533308;0.00456995;0.00196477;ZWART,
T230;83464;0;0;0.0039284;0.00351372;0.00283292;0.00227048;0.0019711;0.00196477;0.00240998;SG3,SDG,TTS,HDG,
T230;55644;0;0;0.0039284;0.00351372;0.00283292;0.00227048;0.0019711;0.00196477;0.00240998;SG3,SDG,TTS,HDG,
T230;55644;0;0;0.00424721;0.00382354;0.00311568;0.00249087;0.00205171;0.00196477;0.00209176;SG3,SDG,TTS,HDG,
T230;139108;0;0;0.00621204;0.00577204;0.00500497;0.00424721;0.00351372;0.00283292;0.00196477;SG3,SDG,TTS,HDG,
T230;55644;0;0;0.00698204;0.00654204;0.00577204;0.00500497;0.00424721;0.00351372;0.00196477;SG3,SDG,TTS,HDG,
T230;55644;0;0;0.00764204;0.00720204;0.00643204;0.00566213;0.00489585;0.00414042;0.00196477;SG3,SDG,TTS,HDG,
T230;55644;0;0;0.00808204;0.00764204;0.00687204;0.00610204;0.00533308;0.00456995;0.00196477;SG3,SDG,TTS,HDG,
T230;139108;0;0;0.00808204;0.00764204;0.00687204;0.00610204;0.00533308;0.00456995;0.00196477;SG3,SDG,TTS,HDG,
T250;24527;0;0;-0.186944;0.0177148;0.0252471;0.0422437;0.0641281;0.0909081;0.122587;SG3,SDG,TTS,HDG,
T250;24527;0;0;0.00676204;0.00632204;0.0055524;0.004787;0.00403409;0.0033121;0.00196477;SG3,SDG,TTS,HDG,
KM80;23272;0;0;0.00277186;0.00364156;0.00567697;0.0130556;0.0252471;0.0422437;0.0641281;GEBEITST,
KM80;23272;0;0;0.0020148;0.00196477;0.00199442;0.00277186;0.00567697;0.0130556;0.0252471;GEBEITST,
KM80;23272;0;0;0.00241314;0.00214847;0.00196477;0.00199442;0.00277186;0.00567697;0.0130556;GEBEITST,
KM80;23272;0;0;0.00599204;0.0055524;0.004787;0.00403409;0.0033121;0.00265631;0.00196477;GEBEITST,
T230;13288;0;0;0.00257191;0.00227048;0.0019711;0.00196477;0.00240998;0.00450773;0.0104179;GALTEC,SDG,BT2,HDG,
T230;17914;0;0;0.00424721;0.00382354;0.00311568;0.00249087;0.00205171;0.00196477;0.00209176;GALTEC,SDG,BT2,HDG,
T230;17914;0;0;0.00621204;0.00577204;0.00500497;0.00424721;0.00351372;0.00283292;0.00196477;GALTEC,SDG,BT2,HDG,
K350;22214;0;0;0.00241314;0.00214847;0.00196477;0.00199442;0.00277186;0.00567697;0.0130556;GEBEITST,
T230;22006;0;0;0.00687204;0.00643204;0.00566213;0.00489585;0.00414042;0.00341243;0.00196477;SG3,SDG,TTS,HDG,
T230;25043;0;0;0.00808204;0.00764204;0.00687204;0.00610204;0.00533308;0.00456995;0.00196477;SG3,SDG,TTS,HDG,
KT10;15791;0;0;0.0039284;0.00351372;0.00283292;0.00227048;0.0019711;0.00196477;0.00240998;SG3,SDG,TTS,HDG,
KT10;15791;0;0;0.00764204;0.00720204;0.00643204;0.00566213;0.00489585;0.00414042;0.00196477;SG3,SDG,TTS,HDG,
KM60;118475;0;0;0.0020148;0.00196477;0.00199442;0.00277186;0.00567697;0.0130556;0.0252471;GEBEITST,
KM60;88856;0;0;0.00241314;0.00214847;0.00196477;0.00199442;0.00277186;0.00567697;0.0130556;GEBEITST,
KM30;19992;0;0;0.0130556;0.0177148;0.0252471;0.0422437;0.0641281;0.0909081;0.122587;GEBEITST,
KM30;20098;0;0;0.00241314;0.00214847;0.00196477;0.00199442;0.00277186;0.00567697;0.0130556;GEBEITST,
KM30;40197;0;0;0.00371934;0.0033121;0.00265631;0.00214847;0.00196477;0.00199442;0.00277186;GEBEITST,
KM30;40197;0;0;0.00676204;0.00632204;0.0055524;0.004787;0.00403409;0.0033121;0.00196477;GEBEITST,
KM30;40197;0;0;0.00808204;0.00764204;0.00687204;0.00610204;0.00533308;0.00456995;0.00196477;GEBEITST,
KT20;6087;0;0;0.00753204;0.00709204;0.00632204;0.0055524;0.004787;0.00403409;0.00196477;GEBEITST,
K350;28561;0;0;0.00301968;0.00265631;0.00214847;0.00196477;0.00199442;0.00277186;0.00567697;GEBEITST,
K350;28561;0;0;0.00599204;0.0055524;0.004787;0.00403409;0.0033121;0.00265631;0.00196477;GEBEITST,
T230;12744;0;0;0.00321322;0.00283292;0.00227048;0.0019711;0.00196477;0.00240998;0.00450773;GALTEC,SDG,BT2,HDG,
T230;7355;0;0;0.00227048;0.00205171;0.00196477;0.00209176;0.00330309;0.00722707;0.0160717;GALTEC,SDG,BT2,HDG,
T230;19135;0;0;0.00424721;0.00382354;0.00311568;0.00249087;0.00205171;0.00196477;0.00209176;GALTEC,SDG,BT2,HDG,
T230;19135;0;0;0.00808204;0.00764204;0.00687204;0.00610204;0.00533308;0.00456995;0.00196477;GALTEC,SDG,BT2,HDG,
T230;19135;0;0;0.00808204;0.00764204;0.00687204;0.00610204;0.00533308;0.00456995;0.00196477;GALTEC,SDG,BT2,HDG,
KN30;27587;0;0;0.00414042;0.00371934;0.00301968;0.00241314;0.0020148;0.00196477;0.00217226;GALTEC,SDG,BT2,HDG,
KN30;13794;0;0;0.00424721;0.00382354;0.00311568;0.00249087;0.00205171;0.00196477;0.00209176;GALTEC,SDG,BT2,HDG,
KN30;13794;0;0;0.00424721;0.00382354;0.00311568;0.00249087;0.00205171;0.00196477;0.00209176;GALTEC,SDG,BT2,HDG,
KN30;13794;0;0;0.00643204;0.00599204;0.0052236;0.0044619;0.00371934;0.00301968;0.00196477;GALTEC,SDG,BT2,HDG,
KN30;27587;0;0;0.00720204;0.00676204;0.00599204;0.0052236;0.0044619;0.00371934;0.00196477;GALTEC,SDG,BT2,HDG,
KN30;13794;0;0;0.00797204;0.00753204;0.00676204;0.00599204;0.0052236;0.0044619;0.00196477;GALTEC,SDG,BT2,HDG,
KN30;13794;0;0;0.00808204;0.00764204;0.00687204;0.00610204;0.00533308;0.00456995;0.00196477;GALTEC,SDG,BT2,HDG,
KN30;27587;0;0;0.00808204;0.00764204;0.00687204;0.00610204;0.00533308;0.00456995;0.00196477;GALTEC,SDG,BT2,HDG,
KM40;17992;0;0;0.00257305;0.00330309;0.0050491;0.0116869;0.023217;0.0395169;0.0607021;GEBEITST,
KM40;16176;0;0;0.00687204;0.00643204;0.00566213;0.00489585;0.00414042;0.00341243;0.00196477;GEBEITST,
KM30;23416;0;0;0.00567697;0.00817559;0.0130556;0.0252471;0.0422437;0.0641281;0.0909081;GEBEITST,
KM30;46544;0;0;0.00199442;0.00217226;0.00277186;0.00567697;0.0130556;0.0252471;0.0422437;GEBEITST,
KM30;46544;0;0;0.00371934;0.0033121;0.00265631;0.00214847;0.00196477;0.00199442;0.00277186;GEBEITST,
KT10;29593;0;0;0.00621204;0.00577204;0.00500497;0.00424721;0.00351372;0.00283292;0.00196477;GALTEC,SDG,BT2,HDG,
KT10;29593;0;0;0.00698204;0.00654204;0.00577204;0.00500497;0.00424721;0.00351372;0.00196477;GALTEC,SDG,BT2,HDG,
KN30;15729;0;0;0.00808204;0.00764204;0.00687204;0.00610204;0.00533308;0.00456995;0.00196477;SG3,SDG,TTS,HDG,
KN30;15729;0;0;0.00808204;0.00764204;0.00687204;0.00610204;0.00533308;0.00456995;0.00196477;SG3,SDG,TTS,HDG,
KT10;7245;0;0;0.00240998;0.00301436;0.00450773;0.0104179;0.0212855;0.0368895;0.057376;GALTEC,SDG,BT2,HDG,
KT10;84005;0;0;0.00220669;0.0020148;0.00196477;0.00217226;0.00364156;0.00817559;0.0177148;GALTEC,SDG,BT2,HDG,
KT10;69724;0;0;0.00414042;0.00371934;0.00301968;0.00241314;0.0020148;0.00196477;0.00217226;GALTEC,SDG,BT2,HDG,
KT10;55779;0;0;0.00424721;0.00382354;0.00311568;0.00249087;0.00205171;0.00196477;0.00209176;GALTEC,SDG,BT2,HDG,
KT10;69724;0;0;0.00424721;0.00382354;0.00311568;0.00249087;0.00205171;0.00196477;0.00209176;GALTEC,SDG,BT2,HDG,
KT10;69724;0;0;0.00643204;0.00599204;0.0052236;0.0044619;0.00371934;0.00301968;0.00196477;GALTEC,SDG,BT2,HDG,
KT10;83669;0;0;0.00720204;0.00676204;0.00599204;0.0052236;0.0044619;0.00371934;0.00196477;GALTEC,SDG,BT2,HDG,
KT10;97613;0;0;0.00797204;0.00753204;0.00676204;0.00599204;0.0052236;0.0044619;0.00196477;GALTEC,SDG,BT2,HDG,
KT10;83669;0;0;0.00808204;0.00764204;0.00687204;0.00610204;0.00533308;0.00456995;0.00196477;GALTEC,SDG,BT2,HDG,
KT10;83669;0;0;0.00808204;0.00764204;0.00687204;0.00610204;0.00533308;0.00456995;0.00196477;GALTEC,SDG,BT2,HDG,
KT70;9582;0;0;0.00643204;0.00599204;0.0052236;0.0044619;0.00371934;0.00301968;0.00196477;CAPL,BT2,ELG,
KT70;56473;0;0;0.00808204;0.00764204;0.00687204;0.00610204;0.00533308;0.00456995;0.00196477;CAPL,BT2,ELG,
KT70;37648;0;0;0.00808204;0.00764204;0.00687204;0.00610204;0.00533308;0.00456995;0.00196477;CAPL,BT2,ELG,
KN70;5101;0;0;0.00709204;0.00665204;0.00588204;0.00511421;0.00435446;0.003616;0.00196477;GALTEC,SDG,BT2,HDG,
KN70;25795;0;0;0.00808204;0.00764204;0.00687204;0.00610204;0.00533308;0.00456995;0.00196477;GALTEC,SDG,BT2,HDG,
KN70;38692;0;0;0.00808204;0.00764204;0.00687204;0.00610204;0.00533308;0.00456995;0.00196477;GALTEC,SDG,BT2,HDG,
KM30;18563;0;0;0.00301968;0.00265631;0.00214847;0.00196477;0.00199442;0.00277186;0.00567697;GEBEITST,
KM30;15867;0;0;0.00414042;0.00371934;0.00301968;0.00241314;0.0020148;0.00196477;0.00217226;GEBEITST,
KM30;15867;0;0;0.00599204;0.0055524;0.004787;0.00403409;0.0033121;0.00265631;0.00196477;GEBEITST,
KM30;15867;0;0;0.00753204;0.00709204;0.00632204;0.0055524;0.004787;0.00403409;0.00196477;GEBEITST,
KM30;15867;0;0;0.00808204;0.00764204;0.00687204;0.00610204;0.00533308;0.00456995;0.00196477;GEBEITST,
KM30;15867;0;0;0.00808204;0.00764204;0.00687204;0.00610204;0.00533308;0.00456995;0.00196477;GEBEITST,
K130;20281;0;0;0.00341243;0.00301968;0.00241314;0.0020148;0.00196477;0.00217226;0.00364156;BAF_HNX,BAF,BT2,
K130;20281;0;0;0.00424721;0.00382354;0.00311568;0.00249087;0.00205171;0.00196477;0.00209176;BAF_HNX,BAF,BT2,
K130;40563;0;0;0.00424721;0.00382354;0.00311568;0.00249087;0.00205171;0.00196477;0.00209176;BAF_HNX,BAF,BT2,
K130;20281;0;0;0.00643204;0.00599204;0.0052236;0.0044619;0.00371934;0.00301968;0.00196477;BAF_HNX,BAF,BT2,
K130;20281;0;0;0.00797204;0.00753204;0.00676204;0.00599204;0.0052236;0.0044619;0.00196477;BAF_HNX,BAF,BT2,
K130;20281;0;0;0.00808204;0.00764204;0.00687204;0.00610204;0.00533308;0.00456995;0.00196477;BAF_HNX,BAF,BT2,
KM30;23272;0;0;0.0020148;0.00196477;0.00199442;0.00277186;0.00567697;0.0130556;0.0252471;GEBEITST,
KM30;23272;0;0;0.00241314;0.00214847;0.00196477;0.00199442;0.00277186;0.00567697;0.0130556;GEBEITST,
L760;23359;0;0;0.00808204;0.00764204;0.00687204;0.00610204;0.00533308;0.00456995;0.00196477;CAPL,TTS,
L760;23365;0;0;0.00808204;0.00764204;0.00687204;0.00610204;0.00533308;0.00456995;0.00196477;CAPL,TTS,
K570;15867;0;0;0.00257305;0.00330309;0.0050491;0.0116869;0.023217;0.0395169;0.0607021;GEBEITST,
K570;15867;0;0;0.00311568;0.00274359;0.00220669;0.00196477;0.00197231;0.00257305;0.0050491;GEBEITST,
K570;15867;0;0;0.00687204;0.00643204;0.00566213;0.00489585;0.00414042;0.00341243;0.00196477;GEBEITST,
K570;15867;0;0;0.00808204;0.00764204;0.00687204;0.00610204;0.00533308;0.00456995;0.00196477;GEBEITST,
LT70;22411;0;0;0.00240998;0.00301436;0.00450773;0.0104179;0.0212855;0.0368895;0.057376;SG3,SDG,TTS,HDG,
LT70;22411;0;0;0.00257191;0.00227048;0.0019711;0.00196477;0.00240998;0.00450773;0.0104179;SG3,SDG,TTS,HDG,
LT70;44823;0;0;0.00424721;0.00382354;0.00311568;0.00249087;0.00205171;0.00196477;0.00209176;SG3,SDG,TTS,HDG,
LT70;12265;0;0;0.00311568;0.00274359;0.00220669;0.00196477;0.00197231;0.00257305;0.0050491;SG3,SDG,TTS,HDG,
LT70;47745;0;0;0.00382354;0.00341243;0.00274359;0.00220669;0.00196477;0.00197231;0.00257305;SG3,SDG,TTS,HDG,
LT70;47745;0;0;0.0039284;0.00351372;0.00283292;0.00227048;0.0019711;0.00196477;0.00240998;SG3,SDG,TTS,HDG,
LT70;63661;0;0;0.00424721;0.00382354;0.00311568;0.00249087;0.00205171;0.00196477;0.00209176;SG3,SDG,TTS,HDG,
LT70;79575;0;0;0.00610204;0.00566213;0.00489585;0.00414042;0.00341243;0.00274359;0.00196477;SG3,SDG,TTS,HDG,
LT70;63661;0;0;0.00687204;0.00643204;0.00566213;0.00489585;0.00414042;0.00341243;0.00196477;SG3,SDG,TTS,HDG,
LT70;79575;0;0;0.00764204;0.00720204;0.00643204;0.00566213;0.00489585;0.00414042;0.00196477;SG3,SDG,TTS,HDG,
K350;48659;0;0;0.00808204;0.00764204;0.00687204;0.00610204;0.00533308;0.00456995;0.00196477;GEBEITST,
KM30;24330;0;0;0.00382354;0.00341243;0.00274359;0.00220669;0.00196477;0.00197231;0.00257305;GEBEITST,
KM30;24330;0;0;0.00808204;0.00764204;0.00687204;0.00610204;0.00533308;0.00456995;0.00196477;GEBEITST,
KK50;26728;0;0;0.00665204;0.00621204;0.00544262;0.00467823;0.0039284;0.00321322;0.00196477;GEBEITST,
T230;62979;0;0;0.003616;0.00321322;0.00257191;0.00209667;0.00196477;0.00203321;0.00301436;SG3,SDG,TTS,HDG,
T230;94469;0;0;0.00665204;0.00621204;0.00544262;0.00467823;0.0039284;0.00321322;0.00196477;SG3,SDG,TTS,HDG,
TB60;25365;0;0;0.00330309;0.00450773;0.00722707;0.0160717;0.0296055;0.0479972;0.0712798;SG3,SDG,TTS,HDG,
TB60;25365;0;0;0.00321322;0.00283292;0.00227048;0.0019711;0.00196477;0.00240998;0.00450773;SG3,SDG,TTS,HDG,
KM20;13752;0;0;0.00301968;0.00265631;0.00214847;0.00196477;0.00199442;0.00277186;0.00567697;GEBEITST,
KM20;13752;0;0;0.00808204;0.00764204;0.00687204;0.00610204;0.00533308;0.00456995;0.00196477;GEBEITST,
TB70;29148;0;0;0.00351372;0.00311568;0.00249087;0.00205171;0.00196477;0.00209176;0.00330309;ZWART,
TB70;29148;0;0;0.00654204;0.00610204;0.00533308;0.00456995;0.00382354;0.00311568;0.00196477;ZWART,
TB70;29148;0;0;0.00808204;0.00764204;0.00687204;0.00610204;0.00533308;0.00456995;0.00196477;ZWART,
TB70;29148;0;0;0.00808204;0.00764204;0.00687204;0.00610204;0.00533308;0.00456995;0.00196477;ZWART,
TB30;12797;0;0;0.00808204;0.00764204;0.00687204;0.00610204;0.00533308;0.00456995;0.00196477;GALTEC,SDG,TTS,HDG,
KN40;12794;0;0;0.00227048;0.00205171;0.00196477;0.00209176;0.00330309;0.00722707;0.0160717;CAPL,BT2,
KN40;12794;0;0;0.00588204;0.00544262;0.00467823;0.0039284;0.00321322;0.00257191;0.00196477;CAPL,BT2,
KN30;18931;0;0;0.00424721;0.00382354;0.00311568;0.00249087;0.00205171;0.00196477;0.00209176;GALTEC,SDG,BT2,HDG,
KN40;22195;0;0;0.00311568;0.00274359;0.00220669;0.00196477;0.00197231;0.00257305;0.0050491;GALTEC,SDG,TTS,HDG,
NB60;18102;0;0;0.00265631;0.00233967;0.00198813;0.00196477;0.00227747;0.00404042;0.00923905;SG3,SDG,TTS,HDG,
NB60;27730;0;0;0.00321322;0.00283292;0.00227048;0.0019711;0.00196477;0.00240998;0.00450773;SG3,SDG,TTS,HDG,
NB60;27730;0;0;0.00424721;0.00382354;0.00311568;0.00249087;0.00205171;0.00196477;0.00209176;SG3,SDG,TTS,HDG,
NB60;27730;0;0;0.00632204;0.00588204;0.00511421;0.00435446;0.003616;0.00292537;0.00196477;SG3,SDG,TTS,HDG,
NB60;27730;0;0;0.00709204;0.00665204;0.00588204;0.00511421;0.00435446;0.003616;0.00196477;SG3,SDG,TTS,HDG,
NB60;55462;0;0;0.00786204;0.00742204;0.00665204;0.00588204;0.00511421;0.00435446;0.00196477;SG3,SDG,TTS,HDG,
NB60;27730;0;0;0.00808204;0.00764204;0.00687204;0.00610204;0.00533308;0.00456995;0.00196477;SG3,SDG,TTS,HDG,
NB60;27730;0;0;0.00808204;0.00764204;0.00687204;0.00610204;0.00533308;0.00456995;0.00196477;SG3,SDG,TTS,HDG,
T230;13670;0;0;0.00292537;0.00257191;0.00209667;0.00196477;0.00203321;0.00301436;0.00639731;BAF_H2,BAF,TTS,ELG,
T230;26670;0;0;0.00341243;0.00301968;0.00241314;0.0020148;0.00196477;0.00217226;0.00364156;BAF_H2,BAF,TTS,ELG,
T230;26670;0;0;0.0039284;0.00351372;0.00283292;0.00227048;0.0019711;0.00196477;0.00240998;BAF_H2,BAF,TTS,ELG,
T230;53342;0;0;0.00424721;0.00382354;0.00311568;0.00249087;0.00205171;0.00196477;0.00209176;BAF_H2,BAF,TTS,ELG,
T230;39860;0;0;0.00424721;0.00382354;0.00311568;0.00249087;0.00205171;0.00196477;0.00209176;CAPL,TTS,ELG,
K110;25488;0;0;0.00621204;0.00577204;0.00500497;0.00424721;0.00351372;0.00283292;0.00196477;BAF_HNX,BAF,TTS,ELG,
K110;50976;0;0;0.00698204;0.00654204;0.00577204;0.00500497;0.00424721;0.00351372;0.00196477;BAF_HNX,BAF,TTS,ELG,
K110;25488;0;0;0.00786204;0.00742204;0.00665204;0.00588204;0.00511421;0.00435446;0.00196477;BAF_HNX,BAF,TTS,ELG,
T230;12280;0;0;0.00198813;0.00196477;0.00203321;0.00301436;0.00639731;0.0145202;0.0273767;BAF_HNX,BAF,TTS,ELG,
T230;87000;0;0;0.00786204;0.00742204;0.00665204;0.00588204;0.00511421;0.00435446;0.00196477;BAF_HNX,BAF,TTS,ELG,
T230;39545;0;0;0.00808204;0.00764204;0.00687204;0.00610204;0.00533308;0.00456995;0.00196477;BAF_HNX,BAF,TTS,ELG,
T230;39545;0;0;0.00808204;0.00764204;0.00687204;0.00610204;0.00533308;0.00456995;0.00196477;BAF_HNX,BAF,TTS,ELG,
T230;39545;0;0;0.00808204;0.00764204;0.00687204;0.00610204;0.00533308;0.00456995;0.00196477;BAF_HNX,BAF,TTS,ELG,
K110;53213;0;0;0.00241314;0.00214847;0.00196477;0.00199442;0.00277186;0.00567697;0.0130556;CAPL,TTS,ELG,
K110;167449;0;0;0.00301968;0.00265631;0.00214847;0.00196477;0.00199442;0.00277186;0.00567697;CAPL,TTS,ELG,
K110;167449;0;0;0.00371934;0.0033121;0.00265631;0.00214847;0.00196477;0.00199442;0.00277186;CAPL,TTS,ELG,
K110;195357;0;0;0.0039284;0.00351372;0.00283292;0.00227048;0.0019711;0.00196477;0.00240998;CAPL,TTS,ELG,
K110;139541;0;0;0.00424721;0.00382354;0.00311568;0.00249087;0.00205171;0.00196477;0.00209176;CAPL,TTS,ELG,
K110;139541;0;0;0.00599204;0.0055524;0.004787;0.00403409;0.0033121;0.00265631;0.00196477;CAPL,TTS,ELG,
K110;139541;0;0;0.00676204;0.00632204;0.0055524;0.004787;0.00403409;0.0033121;0.00196477;CAPL,TTS,ELG,
K110;45398;0;0;0.00424721;0.00382354;0.00311568;0.00249087;0.00205171;0.00196477;0.00209176;CAPL,TTS,ELG,
K110;55209;0;0;0.00588204;0.00544262;0.00467823;0.0039284;0.00321322;0.00257191;0.00196477;CAPL,TTS,ELG,
K110;27604;0;0;0.00665204;0.00621204;0.00544262;0.00467823;0.0039284;0.00321322;0.00196477;CAPL,TTS,ELG,
T230;160284;0;0;0.00311568;0.00274359;0.00220669;0.00196477;0.00197231;0.00257305;0.0050491;BAF_HNX,BAF,TTS,ELG,
T230;201587;0;0;0.00382354;0.00341243;0.00274359;0.00220669;0.00196477;0.00197231;0.00257305;BAF_HNX,BAF,TTS,ELG,
T230;201587;0;0;0.0039284;0.00351372;0.00283292;0.00227048;0.0019711;0.00196477;0.00240998;BAF_HNX,BAF,TTS,ELG,
T230;201587;0;0;0.00424721;0.00382354;0.00311568;0.00249087;0.00205171;0.00196477;0.00209176;BAF_HNX,BAF,TTS,ELG,
T230;33690;0;0;0.00643204;0.00599204;0.0052236;0.0044619;0.00371934;0.00301968;0.00196477;BAF_HNX,BAF,TTS,ELG,
T230;64820;0;0;0.00720204;0.00676204;0.00599204;0.0052236;0.0044619;0.00371934;0.00196477;BAF_HNX,BAF,TTS,ELG,
K110;37522;0;0;0.00196477;0.00199442;0.00227747;0.00404042;0.00923905;0.0194514;0.0343621;CAPL,TTS,ELG,
K110;70015;0;0;0.0039284;0.00351372;0.00283292;0.00227048;0.0019711;0.00196477;0.00240998;CAPL,TTS,ELG,
K110;70015;0;0;0.00709204;0.00665204;0.00588204;0.00511421;0.00435446;0.003616;0.00196477;CAPL,TTS,ELG,
T230;48170;0;0;0.00382354;0.00341243;0.00274359;0.00220669;0.00196477;0.00197231;0.00257305;BAF_HNX,BAF,TTS,ELG,
T230;27705;0;0;0.00301968;0.00265631;0.00214847;0.00196477;0.00199442;0.00277186;0.00567697;BAF_HNX,BAF,TTS,ELG,
T230;55409;0;0;0.00371934;0.0033121;0.00265631;0.00214847;0.00196477;0.00199442;0.00277186;BAF_HNX,BAF,TTS,ELG,
T230;83114;0;0;0.0039284;0.00351372;0.00283292;0.00227048;0.0019711;0.00196477;0.00240998;BAF_HNX,BAF,TTS,ELG,
T230;55409;0;0;0.00424721;0.00382354;0.00311568;0.00249087;0.00205171;0.00196477;0.00209176;BAF_HNX,BAF,TTS,ELG,
T230;27705;0;0;0.00599204;0.0055524;0.004787;0.00403409;0.0033121;0.00265631;0.00196477;BAF_HNX,BAF,TTS,ELG,
T230;24281;0;0;0.00599204;0.0055524;0.004787;0.00403409;0.0033121;0.00265631;0.00196477;BAF_HNX,BAF,TTS,ELG,
T230;27705;0;0;0.00676204;0.00632204;0.0055524;0.004787;0.00403409;0.0033121;0.00196477;BAF_HNX,BAF,TTS,ELG,
T230;203488;0;0;0.0039284;0.00351372;0.00283292;0.00227048;0.0019711;0.00196477;0.00240998;BAF_HNX,BAF,TTS,ELG,
T230;343777;0;0;0.00424721;0.00382354;0.00311568;0.00249087;0.00205171;0.00196477;0.00209176;BAF_HNX,BAF,TTS,ELG,
T230;281272;0;0;0.00643204;0.00599204;0.0052236;0.0044619;0.00371934;0.00301968;0.00196477;BAF_HNX,BAF,TTS,ELG,
T230;250020;0;0;0.00720204;0.00676204;0.00599204;0.0052236;0.0044619;0.00371934;0.00196477;BAF_HNX,BAF,TTS,ELG,
T230;305270;0;0;0.00643204;0.00599204;0.0052236;0.0044619;0.00371934;0.00301968;0.00196477;BAF_HNX,BAF,TTS,ELG,
L620;19191;0;0;0.00301968;0.00265631;0.00214847;0.00196477;0.00199442;0.00277186;0.00567697;GALTEC,SDG,BT2,HDG,
L620;19191;0;0;0.00808204;0.00764204;0.00687204;0.00610204;0.00533308;0.00456995;0.00196477;GALTEC,SDG,BT2,HDG,
TB70;20820;0;0;0.0252471;0.031934;0.0422437;0.0641281;0.0909081;0.122587;0.159165;ZWART,
TB70;41640;0;0;0.0130556;0.0177148;0.0252471;0.0422437;0.0641281;0.0909081;0.122587;ZWART,
TB70;20820;0;0;0.00722707;0.0104179;0.0160717;0.0296055;0.0479972;0.0712798;0.0994592;ZWART,
TB70;41640;0;0;0.00330309;0.00450773;0.00722707;0.0160717;0.0296055;0.0479972;0.0712798;ZWART,
TB70;20820;0;0;0.00209176;0.00240998;0.00330309;0.00722707;0.0160717;0.0296055;0.0479972;ZWART,
TB70;41640;0;0;0.0019711;0.00196477;0.00209176;0.00330309;0.00722707;0.0160717;0.0296055;ZWART,
TB70;20820;0;0;0.00283292;0.00249087;0.00205171;0.00196477;0.00209176;0.00330309;0.00722707;ZWART,
TB70;41640;0;0;0.00351372;0.00311568;0.00249087;0.00205171;0.00196477;0.00209176;0.00330309;ZWART,
TB70;20820;0;0;0.00424721;0.00382354;0.00311568;0.00249087;0.00205171;0.00196477;0.00209176;ZWART,
TB70;41640;0;0;0.00424721;0.00382354;0.00311568;0.00249087;0.00205171;0.00196477;0.00209176;ZWART,
TB70;41640;0;0;0.00424721;0.00382354;0.00311568;0.00249087;0.00205171;0.00196477;0.00209176;ZWART,
TB70;45804;0;0;0.00722707;0.0104179;0.0160717;0.0296055;0.0479972;0.0712798;0.0994592;ZWART,
TB70;22902;0;0;0.00330309;0.00450773;0.00722707;0.0160717;0.0296055;0.0479972;0.0712798;ZWART,
TB70;22902;0;0;0.0019711;0.00196477;0.00209176;0.00330309;0.00722707;0.0160717;0.0296055;ZWART,
TB70;45804;0;0;0.00351372;0.00311568;0.00249087;0.00205171;0.00196477;0.00209176;0.00330309;ZWART,
TB70;22902;0;0;0.00424721;0.00382354;0.00311568;0.00249087;0.00205171;0.00196477;0.00209176;ZWART,
TB70;22902;0;0;0.00424721;0.00382354;0.00311568;0.00249087;0.00205171;0.00196477;0.00209176;ZWART,
TB70;22902;0;0;0.00424721;0.00382354;0.00311568;0.00249087;0.00205171;0.00196477;0.00209176;ZWART,
TB70;23943;0;0;0.0130556;0.0177148;0.0252471;0.0422437;0.0641281;0.0909081;0.122587;ZWART,
TB70;47886;0;0;0.00722707;0.0104179;0.0160717;0.0296055;0.0479972;0.0712798;0.0994592;ZWART,
TB70;23943;0;0;0.00330309;0.00450773;0.00722707;0.0160717;0.0296055;0.0479972;0.0712798;ZWART,
TB70;23943;0;0;0.00209176;0.00240998;0.00330309;0.00722707;0.0160717;0.0296055;0.0479972;ZWART,
TB70;23943;0;0;0.0019711;0.00196477;0.00209176;0.00330309;0.00722707;0.0160717;0.0296055;ZWART,
TB70;23943;0;0;0.00283292;0.00249087;0.00205171;0.00196477;0.00209176;0.00330309;0.00722707;ZWART,
TB70;47886;0;0;0.00351372;0.00311568;0.00249087;0.00205171;0.00196477;0.00209176;0.00330309;ZWART,
TB70;23943;0;0;0.00424721;0.00382354;0.00311568;0.00249087;0.00205171;0.00196477;0.00209176;ZWART,
TB70;23943;0;0;0.00424721;0.00382354;0.00311568;0.00249087;0.00205171;0.00196477;0.00209176;ZWART,
TB70;23943;0;0;0.00424721;0.00382354;0.00311568;0.00249087;0.00205171;0.00196477;0.00209176;ZWART,
TB80;68706;0;0;0.00722707;0.0104179;0.0160717;0.0296055;0.0479972;0.0712798;0.0994592;ZWART,
TB80;45804;0;0;0.00330309;0.00450773;0.00722707;0.0160717;0.0296055;0.0479972;0.0712798;ZWART,
TB80;45804;0;0;0.00209176;0.00240998;0.00330309;0.00722707;0.0160717;0.0296055;0.0479972;ZWART,
TB80;45804;0;0;0.0019711;0.00196477;0.00209176;0.00330309;0.00722707;0.0160717;0.0296055;ZWART,
TB80;45804;0;0;0.00283292;0.00249087;0.00205171;0.00196477;0.00209176;0.00330309;0.00722707;ZWART,
TB80;22902;0;0;0.00351372;0.00311568;0.00249087;0.00205171;0.00196477;0.00209176;0.00330309;ZWART,
TB80;22902;0;0;0.00424721;0.00382354;0.00311568;0.00249087;0.00205171;0.00196477;0.00209176;ZWART,
TB80;22902;0;0;0.00424721;0.00382354;0.00311568;0.00249087;0.00205171;0.00196477;0.00209176;ZWART,
KM20;10124;0;0;0.00265631;0.00233967;0.00198813;0.00196477;0.00227747;0.00404042;0.00923905;GEBEITST,
KM20;57955;0;0;0.00414042;0.00371934;0.00301968;0.00241314;0.0020148;0.00196477;0.00217226;GEBEITST,
KM20;57955;0;0;0.00424721;0.00382354;0.00311568;0.00249087;0.00205171;0.00196477;0.00209176;GEBEITST,
KM20;38636;0;0;0.00654204;0.00610204;0.00533308;0.00456995;0.00382354;0.00311568;0.00196477;GEBEITST,
KM20;57955;0;0;0.00731204;0.00687204;0.00610204;0.00533308;0.00456995;0.00382354;0.00196477;GEBEITST,
KM20;115909;0;0;0.00808204;0.00764204;0.00687204;0.00610204;0.00533308;0.00456995;0.00196477;GEBEITST,
KM20;115909;0;0;0.00808204;0.00764204;0.00687204;0.00610204;0.00533308;0.00456995;0.00196477;GEBEITST,
KM30;16956;0;0;0.0212855;0.0273767;0.0368895;0.057376;0.082757;0.113036;0.148214;GEBEITST,
KM30;32320;0;0;0.0130556;0.0177148;0.0252471;0.0422437;0.0641281;0.0909081;0.122587;GEBEITST,
KM30;32320;0;0;0.00639731;0.00923905;0.0145202;0.0273767;0.0450707;0.0676541;0.0951337;GEBEITST,
KM30;32320;0;0;0.00450773;0.00639731;0.0104179;0.0212855;0.0368895;0.057376;0.082757;GEBEITST,
KM30;32320;0;0;0.00330309;0.00450773;0.00722707;0.0160717;0.0296055;0.0479972;0.0712798;GEBEITST,
KM30;32320;0;0;0.00209176;0.00240998;0.00330309;0.00722707;0.0160717;0.0296055;0.0479972;GEBEITST,
KM30;32320;0;0;0.0019711;0.00196477;0.00209176;0.00330309;0.00722707;0.0160717;0.0296055;GEBEITST,
KM30;32320;0;0;0.00227048;0.00205171;0.00196477;0.00209176;0.00330309;0.00722707;0.0160717;GEBEITST,
KM30;96961;0;0;0.00265631;0.00233967;0.00198813;0.00196477;0.00227747;0.00404042;0.00923905;GEBEITST,
KM30;64641;0;0;0.00414042;0.00371934;0.00301968;0.00241314;0.0020148;0.00196477;0.00217226;GEBEITST,
KM30;32320;0;0;0.00424721;0.00382354;0.00311568;0.00249087;0.00205171;0.00196477;0.00209176;GEBEITST,
KM30;64641;0;0;0.00654204;0.00610204;0.00533308;0.00456995;0.00382354;0.00311568;0.00196477;GEBEITST,
KM30;32320;0;0;0.00731204;0.00687204;0.00610204;0.00533308;0.00456995;0.00382354;0.00196477;GEBEITST,
KM30;64641;0;0;0.00808204;0.00764204;0.00687204;0.00610204;0.00533308;0.00456995;0.00196477;GEBEITST,
KM30;32320;0;0;0.00808204;0.00764204;0.00687204;0.00610204;0.00533308;0.00456995;0.00196477;GEBEITST,
KM30;64641;0;0;0.00808204;0.00764204;0.00687204;0.00610204;0.00533308;0.00456995;0.00196477;GEBEITST,
KM50;42970;0;0;0.00227048;0.00205171;0.00196477;0.00209176;0.00330309;0.00722707;0.0160717;GEBEITST,
KM50;107426;0;0;0.00265631;0.00233967;0.00198813;0.00196477;0.00227747;0.00404042;0.00923905;GEBEITST,
KM50;85941;0;0;0.00414042;0.00371934;0.00301968;0.00241314;0.0020148;0.00196477;0.00217226;GEBEITST,
KM50;107426;0;0;0.00424721;0.00382354;0.00311568;0.00249087;0.00205171;0.00196477;0.00209176;GEBEITST,
KM50;42970;0;0;0.00654204;0.00610204;0.00533308;0.00456995;0.00382354;0.00311568;0.00196477;GEBEITST,
KM50;64456;0;0;0.00731204;0.00687204;0.00610204;0.00533308;0.00456995;0.00382354;0.00196477;GEBEITST,
KM50;128911;0;0;0.00808204;0.00764204;0.00687204;0.00610204;0.00533308;0.00456995;0.00196477;GEBEITST,
KM50;42970;0;0;0.00808204;0.00764204;0.00687204;0.00610204;0.00533308;0.00456995;0.00196477;GEBEITST,
KM50;107426;0;0;0.00808204;0.00764204;0.00687204;0.00610204;0.00533308;0.00456995;0.00196477;GEBEITST,
KM50;75567;0;0;0.0019711;0.00196477;0.00209176;0.00330309;0.00722707;0.0160717;0.0296055;GEBEITST,
KM50;54787;0;0;0.00227048;0.00205171;0.00196477;0.00209176;0.00330309;0.00722707;0.0160717;GEBEITST,
KM50;109575;0;0;0.00265631;0.00233967;0.00198813;0.00196477;0.00227747;0.00404042;0.00923905;GEBEITST,
KM50;73050;0;0;0.00414042;0.00371934;0.00301968;0.00241314;0.0020148;0.00196477;0.00217226;GEBEITST,
KM50;109575;0;0;0.00424721;0.00382354;0.00311568;0.00249087;0.00205171;0.00196477;0.00209176;GEBEITST,
KM50;91312;0;0;0.00654204;0.00610204;0.00533308;0.00456995;0.00382354;0.00311568;0.00196477;GEBEITST,
KM50;109575;0;0;0.00731204;0.00687204;0.00610204;0.00533308;0.00456995;0.00382354;0.00196477;GEBEITST,
KM50;73050;0;0;0.00808204;0.00764204;0.00687204;0.00610204;0.00533308;0.00456995;0.00196477;GEBEITST,
KM50;91312;0;0;0.00808204;0.00764204;0.00687204;0.00610204;0.00533308;0.00456995;0.00196477;GEBEITST,
KM50;73050;0;0;0.00808204;0.00764204;0.00687204;0.00610204;0.00533308;0.00456995;0.00196477;GEBEITST,
LK40;34278;0;0;0.00731204;0.00687204;0.00610204;0.00533308;0.00456995;0.00382354;0.00196477;GEBEITST,
LK40;17139;0;0;0.00808204;0.00764204;0.00687204;0.00610204;0.00533308;0.00456995;0.00196477;GEBEITST,
KM30;37610;0;0;0.00197231;0.00209176;0.00257305;0.0050491;0.0116869;0.023217;0.0395169;GEBEITST,
KM30;18805;0;0;0.00205171;0.00196477;0.00197231;0.00257305;0.0050491;0.0116869;0.023217;GEBEITST,
KM30;56416;0;0;0.00249087;0.00220669;0.00196477;0.00197231;0.00257305;0.0050491;0.0116869;GEBEITST,
KM30;37610;0;0;0.00414042;0.00371934;0.00301968;0.00241314;0.0020148;0.00196477;0.00217226;GEBEITST,
KM30;37610;0;0;0.00424721;0.00382354;0.00311568;0.00249087;0.00205171;0.00196477;0.00209176;GEBEITST,
KM30;18805;0;0;0.00610204;0.00566213;0.00489585;0.00414042;0.00341243;0.00274359;0.00196477;GEBEITST,
KM30;37610;0;0;0.00687204;0.00643204;0.00566213;0.00489585;0.00414042;0.00341243;0.00196477;GEBEITST,
KM30;37610;0;0;0.00764204;0.00720204;0.00643204;0.00566213;0.00489585;0.00414042;0.00196477;GEBEITST,
KM30;56416;0;0;0.00808204;0.00764204;0.00687204;0.00610204;0.00533308;0.00456995;0.00196477;GEBEITST,
KM30;37610;0;0;0.00808204;0.00764204;0.00687204;0.00610204;0.00533308;0.00456995;0.00196477;GEBEITST,
LK50;19127;0;0;0.00424721;0.00382354;0.00311568;0.00249087;0.00205171;0.00196477;0.00209176;GEBEITST,
LK50;18805;0;0;0.00610204;0.00566213;0.00489585;0.00414042;0.00341243;0.00274359;0.00196477;GEBEITST,
LK50;37610;0;0;0.00687204;0.00643204;0.00566213;0.00489585;0.00414042;0.00341243;0.00196477;GEBEITST,
LK50;37610;0;0;0.00764204;0.00720204;0.00643204;0.00566213;0.00489585;0.00414042;0.00196477;GEBEITST,
LK50;18805;0;0;0.00808204;0.00764204;0.00687204;0.00610204;0.00533308;0.00456995;0.00196477;GEBEITST,
LK50;37610;0;0;0.00808204;0.00764204;0.00687204;0.00610204;0.00533308;0.00456995;0.00196477;GEBEITST,
KM20;54526;0;0;0.00265631;0.00233967;0.00198813;0.00196477;0.00227747;0.00404042;0.00923905;GEBEITST,
KM20;40822;0;0;0.00414042;0.00371934;0.00301968;0.00241314;0.0020148;0.00196477;0.00217226;GEBEITST,
KM20;40822;0;0;0.00424721;0.00382354;0.00311568;0.00249087;0.00205171;0.00196477;0.00209176;GEBEITST,
KM20;40822;0;0;0.00654204;0.00610204;0.00533308;0.00456995;0.00382354;0.00311568;0.00196477;GEBEITST,
KM20;20411;0;0;0.00731204;0.00687204;0.00610204;0.00533308;0.00456995;0.00382354;0.00196477;GEBEITST,
KM20;20411;0;0;0.00808204;0.00764204;0.00687204;0.00610204;0.00533308;0.00456995;0.00196477;GEBEITST,
KM20;40822;0;0;0.00808204;0.00764204;0.00687204;0.00610204;0.00533308;0.00456995;0.00196477;GEBEITST,
KM20;40822;0;0;0.00808204;0.00764204;0.00687204;0.00610204;0.00533308;0.00456995;0.00196477;GEBEITST,
K200;15867;0;0;0.00277186;0.00364156;0.00567697;0.0130556;0.0252471;0.0422437;0.0641281;GEBEITST,
K200;15867;0;0;0.00301968;0.00265631;0.00214847;0.00196477;0.00199442;0.00277186;0.00567697;GEBEITST,
K200;15867;0;0;0.00753204;0.00709204;0.00632204;0.0055524;0.004787;0.00403409;0.00196477;GEBEITST,
K200;15867;0;0;0.00808204;0.00764204;0.00687204;0.00610204;0.00533308;0.00456995;0.00196477;GEBEITST,
K200;15867;0;0;0.00808204;0.00764204;0.00687204;0.00610204;0.00533308;0.00456995;0.00196477;GEBEITST,
KN40;24593;0;0;0.00621204;0.00577204;0.00500497;0.00424721;0.00351372;0.00283292;0.00196477;GALTEC,SDG,TTS,HDG,
KN40;42780;0;0;0.00698204;0.00654204;0.00577204;0.00500497;0.00424721;0.00351372;0.00196477;GALTEC,SDG,TTS,HDG,
KN40;64171;0;0;0.00764204;0.00720204;0.00643204;0.00566213;0.00489585;0.00414042;0.00196477;GALTEC,SDG,TTS,HDG,
KN40;64171;0;0;0.00808204;0.00764204;0.00687204;0.00610204;0.00533308;0.00456995;0.00196477;GALTEC,SDG,TTS,HDG,
KN40;42780;0;0;0.00808204;0.00764204;0.00687204;0.00610204;0.00533308;0.00456995;0.00196477;GALTEC,SDG,TTS,HDG,
KN40;64171;0;0;0.00808204;0.00764204;0.00687204;0.00610204;0.00533308;0.00456995;0.00196477;GALTEC,SDG,TTS,HDG,
LK50;36217;0;0;0.00265631;0.00233967;0.00198813;0.00196477;0.00227747;0.00404042;0.00923905;GEBEITST,
LK50;90583;0;0;0.00414042;0.00371934;0.00301968;0.00241314;0.0020148;0.00196477;0.00217226;GEBEITST,
LK50;90583;0;0;0.00424721;0.00382354;0.00311568;0.00249087;0.00205171;0.00196477;0.00209176;GEBEITST,
LK50;75486;0;0;0.00654204;0.00610204;0.00533308;0.00456995;0.00382354;0.00311568;0.00196477;GEBEITST,
LK50;181166;0;0;0.00731204;0.00687204;0.00610204;0.00533308;0.00456995;0.00382354;0.00196477;GEBEITST,
LK50;90583;0;0;0.00808204;0.00764204;0.00687204;0.00610204;0.00533308;0.00456995;0.00196477;GEBEITST,
LK50;90583;0;0;0.00808204;0.00764204;0.00687204;0.00610204;0.00533308;0.00456995;0.00196477;GEBEITST,
LK50;90583;0;0;0.00808204;0.00764204;0.00687204;0.00610204;0.00533308;0.00456995;0.00196477;GEBEITST,
LT70;21324;0;0;0.0039284;0.00351372;0.00283292;0.00227048;0.0019711;0.00196477;0.00240998;SG3,SDG,TTS,HDG,
LT70;21324;0;0;0.00808204;0.00764204;0.00687204;0.00610204;0.00533308;0.00456995;0.00196477;SG3,SDG,TTS,HDG,
LT70;34316;0;0;0.0039284;0.00351372;0.00283292;0.00227048;0.0019711;0.00196477;0.00240998;SG3,SDG,TTS,HDG,
LT70;46912;0;0;0.0039284;0.00351372;0.00283292;0.00227048;0.0019711;0.00196477;0.00240998;SG3,SDG,TTS,HDG,
LT70;93824;0;0;0.00424721;0.00382354;0.00311568;0.00249087;0.00205171;0.00196477;0.00209176;SG3,SDG,TTS,HDG,
LT70;70368;0;0;0.00621204;0.00577204;0.00500497;0.00424721;0.00351372;0.00283292;0.00196477;SG3,SDG,TTS,HDG,
LT70;23456;0;0;0.00698204;0.00654204;0.00577204;0.00500497;0.00424721;0.00351372;0.00196477;SG3,SDG,TTS,HDG,
LT70;46912;0;0;0.00764204;0.00720204;0.00643204;0.00566213;0.00489585;0.00414042;0.00196477;SG3,SDG,TTS,HDG,
LK40;26042;0;0;0.00709204;0.00665204;0.00588204;0.00511421;0.00435446;0.003616;0.00196477;GEBEITST,
LK40;6960;0;0;0.00665204;0.00621204;0.00544262;0.00467823;0.0039284;0.00321322;0.00196477;GEBEITST,
KN20;44260;0;0;0.00227048;0.00205171;0.00196477;0.00209176;0.00330309;0.00722707;0.0160717;SG3,SDG,TTS,HDG,
KN20;44260;0;0;0.003616;0.00321322;0.00257191;0.00209667;0.00196477;0.00203321;0.00301436;SG3,SDG,TTS,HDG,
KN20;44260;0;0;0.00588204;0.00544262;0.00467823;0.0039284;0.00321322;0.00257191;0.00196477;SG3,SDG,TTS,HDG,
LK40;80394;0;0;0.00753204;0.00709204;0.00632204;0.0055524;0.004787;0.00403409;0.00196477;GEBEITST,
LK40;17983;0;0;0.00301968;0.00265631;0.00214847;0.00196477;0.00199442;0.00277186;0.00567697;GEBEITST,
LK40;89914;0;0;0.00424721;0.00382354;0.00311568;0.00249087;0.00205171;0.00196477;0.00209176;GEBEITST,
LK40;17036;0;0;0.00588204;0.00544262;0.00467823;0.0039284;0.00321322;0.00257191;0.00196477;GEBEITST,
LK40;23543;0;0;0.00742204;0.00698204;0.00621204;0.00544262;0.00467823;0.0039284;0.00196477;GEBEITST,
LK40;23543;0;0;0.00808204;0.00764204;0.00687204;0.00610204;0.00533308;0.00456995;0.00196477;GEBEITST,
LK40;34374;0;0;0.00676204;0.00632204;0.0055524;0.004787;0.00403409;0.0033121;0.00196477;GEBEITST,
LK40;162903;0;0;0.00808204;0.00764204;0.00687204;0.00610204;0.00533308;0.00456995;0.00196477;GEBEITST,
LK40;109397;0;0;0.00424721;0.00382354;0.00311568;0.00249087;0.00205171;0.00196477;0.00209176;GEBEITST,
K320;8641;0;0;0.00599204;0.0055524;0.004787;0.00403409;0.0033121;0.00265631;0.00196477;GEBEITST,
K320;19041;0;0;0.00676204;0.00632204;0.0055524;0.004787;0.00403409;0.0033121;0.00196477;GEBEITST,
K320;19041;0;0;0.00753204;0.00709204;0.00632204;0.0055524;0.004787;0.00403409;0.00196477;GEBEITST,
K320;19041;0;0;0.00808204;0.00764204;0.00687204;0.00610204;0.00533308;0.00456995;0.00196477;GEBEITST,
K320;19041;0;0;0.00808204;0.00764204;0.00687204;0.00610204;0.00533308;0.00456995;0.00196477;GEBEITST,
LK40;124600;0;0;0.00424721;0.00382354;0.00311568;0.00249087;0.00205171;0.00196477;0.00209176;GEBEITST,
LK40;124966;0;0;0.00424721;0.00382354;0.00311568;0.00249087;0.00205171;0.00196477;0.00209176;GEBEITST,
LK40;50511;0;0;0.00292537;0.00257191;0.00209667;0.00196477;0.00203321;0.00301436;0.00639731;GEBEITST,
LK40;203100;0;0;0.00424721;0.00382354;0.00311568;0.00249087;0.00205171;0.00196477;0.00209176;GEBEITST,
LK40;152325;0;0;0.00588204;0.00544262;0.00467823;0.0039284;0.00321322;0.00257191;0.00196477;GEBEITST,
LK40;177712;0;0;0.00665204;0.00621204;0.00544262;0.00467823;0.0039284;0.00321322;0.00196477;GEBEITST,
LK40;152325;0;0;0.00742204;0.00698204;0.00621204;0.00544262;0.00467823;0.0039284;0.00196477;GEBEITST,
LT70;51177;0;0;0.00450773;0.00639731;0.0104179;0.0212855;0.0368895;0.057376;0.082757;SG3,SDG,TTS,HDG,
LT70;99364;0;0;0.0039284;0.00351372;0.00283292;0.00227048;0.0019711;0.00196477;0.00240998;SG3,SDG,TTS,HDG,
LT70;74524;0;0;0.00764204;0.00720204;0.00643204;0.00566213;0.00489585;0.00414042;0.00196477;SG3,SDG,TTS,HDG,
TB70;26677;0;0;0.0130556;0.0177148;0.0252471;0.0422437;0.0641281;0.0909081;0.122587;ZWART,
TB70;95772;0;0;0.00722707;0.0104179;0.0160717;0.0296055;0.0479972;0.0712798;0.0994592;ZWART,
TB70;95772;0;0;0.00330309;0.00450773;0.00722707;0.0160717;0.0296055;0.0479972;0.0712798;ZWART,
TB70;71829;0;0;0.00209176;0.00240998;0.00330309;0.00722707;0.0160717;0.0296055;0.0479972;ZWART,
TB70;71829;0;0;0.0019711;0.00196477;0.00209176;0.00330309;0.00722707;0.0160717;0.0296055;ZWART,
TB70;95772;0;0;0.00283292;0.00249087;0.00205171;0.00196477;0.00209176;0.00330309;0.00722707;ZWART,
TB70;95772;0;0;0.00351372;0.00311568;0.00249087;0.00205171;0.00196477;0.00209176;0.00330309;ZWART,
TB70;95772;0;0;0.00424721;0.00382354;0.00311568;0.00249087;0.00205171;0.00196477;0.00209176;ZWART,
TB70;95772;0;0;0.00424721;0.00382354;0.00311568;0.00249087;0.00205171;0.00196477;0.00209176;ZWART,
TB70;119715;0;0;0.00424721;0.00382354;0.00311568;0.00249087;0.00205171;0.00196477;0.00209176;ZWART,
TB70;95772;0;0;0.00654204;0.00610204;0.00533308;0.00456995;0.00382354;0.00311568;0.00196477;ZWART,
TB70;71829;0;0;0.00731204;0.00687204;0.00610204;0.00533308;0.00456995;0.00382354;0.00196477;ZWART,
TB70;95772;0;0;0.00808204;0.00764204;0.00687204;0.00610204;0.00533308;0.00456995;0.00196477;ZWART,
TB70;95772;0;0;0.00808204;0.00764204;0.00687204;0.00610204;0.00533308;0.00456995;0.00196477;ZWART,
T210;6787;0;0;0.00676204;0.00632204;0.0055524;0.004787;0.00403409;0.0033121;0.00196477;SG3,SDG,TTS,HDG,
T210;24047;0;0;0.00753204;0.00709204;0.00632204;0.0055524;0.004787;0.00403409;0.00196477;SG3,SDG,TTS,HDG,
T210;24047;0;0;0.00808204;0.00764204;0.00687204;0.00610204;0.00533308;0.00456995;0.00196477;SG3,SDG,TTS,HDG,
K320;104775;0;0;0.00199442;0.00217226;0.00277186;0.00567697;0.0130556;0.0252471;0.0422437;GEBEITST,
K320;67700;0;0;0.00241314;0.00214847;0.00196477;0.00199442;0.00277186;0.00567697;0.0130556;GEBEITST,
K320;50775;0;0;0.00301968;0.00265631;0.00214847;0.00196477;0.00199442;0.00277186;0.00567697;GEBEITST,
K320;67700;0;0;0.00424721;0.00382354;0.00311568;0.00249087;0.00205171;0.00196477;0.00209176;GEBEITST,
K320;67700;0;0;0.00599204;0.0055524;0.004787;0.00403409;0.0033121;0.00265631;0.00196477;GEBEITST,
K320;67700;0;0;0.00676204;0.00632204;0.0055524;0.004787;0.00403409;0.0033121;0.00196477;GEBEITST,
K320;50775;0;0;0.00753204;0.00709204;0.00632204;0.0055524;0.004787;0.00403409;0.00196477;GEBEITST,
K320;67700;0;0;0.00808204;0.00764204;0.00687204;0.00610204;0.00533308;0.00456995;0.00196477;GEBEITST,
K320;67700;0;0;0.00808204;0.00764204;0.00687204;0.00610204;0.00533308;0.00456995;0.00196477;GEBEITST,
K320;67700;0;0;0.00808204;0.00764204;0.00687204;0.00610204;0.00533308;0.00456995;0.00196477;GEBEITST,
LK40;24755;0;0;0.003616;0.00321322;0.00257191;0.00209667;0.00196477;0.00203321;0.00301436;GEBEITST,
LK40;49511;0;0;0.00588204;0.00544262;0.00467823;0.0039284;0.00321322;0.00257191;0.00196477;GEBEITST,
LK40;22495;0;0;0.00414042;0.00371934;0.00301968;0.00241314;0.0020148;0.00196477;0.00217226;GEBEITST,
T230;31054;0;0;0.00720204;0.00676204;0.00599204;0.0052236;0.0044619;0.00371934;0.00196477;BAF_HNX,BAF,TTS,ELG,
T210;36612;0;0;0.00196477;0.00199442;0.00227747;0.00404042;0.00923905;0.0194514;0.0343621;SG3,SDG,TTS,HDG,
T210;43101;0;0;0.003616;0.00321322;0.00257191;0.00209667;0.00196477;0.00203321;0.00301436;SG3,SDG,TTS,HDG,
T210;21551;0;0;0.0039284;0.00351372;0.00283292;0.00227048;0.0019711;0.00196477;0.00240998;SG3,SDG,TTS,HDG,
T210;43101;0;0;0.00424721;0.00382354;0.00311568;0.00249087;0.00205171;0.00196477;0.00209176;SG3,SDG,TTS,HDG,
T210;21551;0;0;0.00588204;0.00544262;0.00467823;0.0039284;0.00321322;0.00257191;0.00196477;SG3,SDG,TTS,HDG,
T210;43101;0;0;0.00665204;0.00621204;0.00544262;0.00467823;0.0039284;0.00321322;0.00196477;SG3,SDG,TTS,HDG,
T210;43101;0;0;0.00742204;0.00698204;0.00621204;0.00544262;0.00467823;0.0039284;0.00196477;SG3,SDG,TTS,HDG,
T210;64652;0;0;0.00808204;0.00764204;0.00687204;0.00610204;0.00533308;0.00456995;0.00196477;SG3,SDG,TTS,HDG,
KN50;39966;0;0;0.00424721;0.00382354;0.00311568;0.00249087;0.00205171;0.00196477;0.00209176;BAF_HNX,BAF,BT2,
KN50;19982;0;0;0.00720204;0.00676204;0.00599204;0.0052236;0.0044619;0.00371934;0.00196477;BAF_HNX,BAF,BT2,
LK70;47184;0;0;0.0039284;0.00351372;0.00283292;0.00227048;0.0019711;0.00196477;0.00240998;SG3,SDG,TTS,HDG,
LK70;47184;0;0;0.00731204;0.00687204;0.00610204;0.00533308;0.00456995;0.00382354;0.00196477;SG3,SDG,TTS,HDG,
TB30;16008;0;0;0.00817559;0.0116869;0.0177148;0.031934;0.0510236;0.0750055;0.103885;CAPL,BT2,
TB30;16008;0;0;0.00424721;0.00382354;0.00311568;0.00249087;0.00205171;0.00196477;0.00209176;CAPL,BT2,
K710;15993;0;0;0.00196477;0.00203321;0.00240998;0.00450773;0.0104179;0.0212855;0.0368895;CAPL,BT2,
K710;15993;0;0;0.00403409;0.003616;0.00292537;0.00233967;0.00198813;0.00196477;0.00227747;CAPL,BT2,
K710;15993;0;0;0.00632204;0.00588204;0.00511421;0.00435446;0.003616;0.00292537;0.00196477;CAPL,BT2,
KN30;24284;0;0;0.00764204;0.00720204;0.00643204;0.00566213;0.00489585;0.00414042;0.00196477;GALTEC,SDG,TTS,HDG,
KM80;44428;0;0;0.00277186;0.00364156;0.00567697;0.0130556;0.0252471;0.0422437;0.0641281;GEBEITST,
KM80;88856;0;0;0.00371934;0.0033121;0.00265631;0.00214847;0.00196477;0.00199442;0.00277186;GEBEITST,
KM80;66642;0;0;0.00676204;0.00632204;0.0055524;0.004787;0.00403409;0.0033121;0.00196477;GEBEITST,
KM80;22214;0;0;0.00753204;0.00709204;0.00632204;0.0055524;0.004787;0.00403409;0.00196477;GEBEITST,
KM50;25387;0;0;0.00665204;0.00621204;0.00544262;0.00467823;0.0039284;0.00321322;0.00196477;GEBEITST,
KM60;21392;0;0;0.00301968;0.00265631;0.00214847;0.00196477;0.00199442;0.00277186;0.00567697;GEBEITST,
KM60;25387;0;0;0.00599204;0.0055524;0.004787;0.00403409;0.0033121;0.00265631;0.00196477;GEBEITST,
K570;22905;0;0;0.00199442;0.00217226;0.00277186;0.00567697;0.0130556;0.0252471;0.0422437;GEBEITST,
K570;22905;0;0;0.0020148;0.00196477;0.00199442;0.00277186;0.00567697;0.0130556;0.0252471;GEBEITST,
K570;22905;0;0;0.00241314;0.00214847;0.00196477;0.00199442;0.00277186;0.00567697;0.0130556;GEBEITST,
K570;22905;0;0;0.00301968;0.00265631;0.00214847;0.00196477;0.00199442;0.00277186;0.00567697;GEBEITST,
K570;22905;0;0;0.00676204;0.00632204;0.0055524;0.004787;0.00403409;0.0033121;0.00196477;GEBEITST,
K570;22905;0;0;0.00753204;0.00709204;0.00632204;0.0055524;0.004787;0.00403409;0.00196477;GEBEITST,
K570;22905;0;0;0.00808204;0.00764204;0.00687204;0.00610204;0.00533308;0.00456995;0.00196477;GEBEITST,
KM60;25387;0;0;0.00808204;0.00764204;0.00687204;0.00610204;0.00533308;0.00456995;0.00196477;GEBEITST,
KM60;59237;0;0;0.00371934;0.0033121;0.00265631;0.00214847;0.00196477;0.00199442;0.00277186;GEBEITST,
KM80;60295;0;0;0.00371934;0.0033121;0.00265631;0.00214847;0.00196477;0.00199442;0.00277186;GEBEITST,
KM80;20098;0;0;0.00599204;0.0055524;0.004787;0.00403409;0.0033121;0.00265631;0.00196477;GEBEITST,
KM60;32502;0;0;0.00764204;0.00720204;0.00643204;0.00566213;0.00489585;0.00414042;0.00196477;GEBEITST,
KM80;23272;0;0;0.00292537;0.00257191;0.00209667;0.00196477;0.00203321;0.00301436;0.00639731;GEBEITST,
KM80;46544;0;0;0.00665204;0.00621204;0.00544262;0.00467823;0.0039284;0.00321322;0.00196477;GEBEITST,
KM50;21465;0;0;0.00196477;0.00197231;0.00217226;0.00364156;0.00817559;0.0177148;0.031934;GEBEITST,
KM50;85859;0;0;0.00220669;0.0020148;0.00196477;0.00217226;0.00364156;0.00817559;0.0177148;GEBEITST,
KM50;85859;0;0;0.00265631;0.00233967;0.00198813;0.00196477;0.00227747;0.00404042;0.00923905;GEBEITST,
KM50;64394;0;0;0.00414042;0.00371934;0.00301968;0.00241314;0.0020148;0.00196477;0.00217226;GEBEITST,
KM50;150252;0;0;0.00424721;0.00382354;0.00311568;0.00249087;0.00205171;0.00196477;0.00209176;GEBEITST,
KM50;85859;0;0;0.00643204;0.00599204;0.0052236;0.0044619;0.00371934;0.00301968;0.00196477;GEBEITST,
KM50;42929;0;0;0.00720204;0.00676204;0.00599204;0.0052236;0.0044619;0.00371934;0.00196477;GEBEITST,
KM50;171717;0;0;0.00797204;0.00753204;0.00676204;0.00599204;0.0052236;0.0044619;0.00196477;GEBEITST,
KM50;64394;0;0;0.00808204;0.00764204;0.00687204;0.00610204;0.00533308;0.00456995;0.00196477;GEBEITST,
KM60;55210;0;0;0.00265631;0.00233967;0.00198813;0.00196477;0.00227747;0.00404042;0.00923905;GEBEITST,
KM60;50775;0;0;0.00341243;0.00301968;0.00241314;0.0020148;0.00196477;0.00217226;0.00364156;GEBEITST,
KM60;25387;0;0;0.00414042;0.00371934;0.00301968;0.00241314;0.0020148;0.00196477;0.00217226;GEBEITST,
KM60;50775;0;0;0.00643204;0.00599204;0.0052236;0.0044619;0.00371934;0.00301968;0.00196477;GEBEITST,
KM60;50775;0;0;0.00720204;0.00676204;0.00599204;0.0052236;0.0044619;0.00371934;0.00196477;GEBEITST,
KM60;50775;0;0;0.00797204;0.00753204;0.00676204;0.00599204;0.0052236;0.0044619;0.00196477;GEBEITST,
KM60;76162;0;0;0.00808204;0.00764204;0.00687204;0.00610204;0.00533308;0.00456995;0.00196477;GEBEITST,
KM60;50775;0;0;0.00808204;0.00764204;0.00687204;0.00610204;0.00533308;0.00456995;0.00196477;GEBEITST,
KM60;50775;0;0;0.00808204;0.00764204;0.00687204;0.00610204;0.00533308;0.00456995;0.00196477;GEBEITST,
LT70;15931;0;0;0.00241314;0.00214847;0.00196477;0.00199442;0.00277186;0.00567697;0.0130556;SG3,SDG,TTS,HDG,
LT70;15931;0;0;0.00311568;0.00274359;0.00220669;0.00196477;0.00197231;0.00257305;0.0050491;SG3,SDG,TTS,HDG,
LT70;15931;0;0;0.0039284;0.00351372;0.00283292;0.00227048;0.0019711;0.00196477;0.00240998;SG3,SDG,TTS,HDG,
LT70;15931;0;0;0.00424721;0.00382354;0.00311568;0.00249087;0.00205171;0.00196477;0.00209176;SG3,SDG,TTS,HDG,
LT70;15931;0;0;0.00610204;0.00566213;0.00489585;0.00414042;0.00341243;0.00274359;0.00196477;SG3,SDG,TTS,HDG,
LT70;15931;0;0;0.00687204;0.00643204;0.00566213;0.00489585;0.00414042;0.00341243;0.00196477;SG3,SDG,TTS,HDG,
LT70;15931;0;0;0.00764204;0.00720204;0.00643204;0.00566213;0.00489585;0.00414042;0.00196477;SG3,SDG,TTS,HDG,
LT70;15931;0;0;0.00808204;0.00764204;0.00687204;0.00610204;0.00533308;0.00456995;0.00196477;SG3,SDG,TTS,HDG,
T230;9158;0;0;0.0395169;0.0479972;0.0607021;0.0867826;0.117761;0.153639;0.194417;SG3,SDG,TTS,HDG,
T230;25164;0;0;0.0296055;0.0368895;0.0479972;0.0712798;0.0994592;0.132538;0.170516;SG3,SDG,TTS,HDG,
T230;25164;0;0;0.0252471;0.031934;0.0422437;0.0641281;0.0909081;0.122587;0.159165;SG3,SDG,TTS,HDG,
T230;100656;0;0;0.0194514;0.0252471;0.0343621;0.0541498;0.0788313;0.10841;0.142889;SG3,SDG,TTS,HDG,
T230;75492;0;0;0.0104179;0.0145202;0.0212855;0.0368895;0.057376;0.082757;0.113036;SG3,SDG,TTS,HDG,
T230;50328;0;0;0.00450773;0.00639731;0.0104179;0.0212855;0.0368895;0.057376;0.082757;SG3,SDG,TTS,HDG,
T230;75492;0;0;0.00240998;0.00301436;0.00450773;0.0104179;0.0212855;0.0368895;0.057376;SG3,SDG,TTS,HDG,
T230;75492;0;0;0.00196477;0.00199442;0.00227747;0.00404042;0.00923905;0.0194514;0.0343621;SG3,SDG,TTS,HDG,
T230;75492;0;0;0.00220669;0.0020148;0.00196477;0.00217226;0.00364156;0.00817559;0.0177148;SG3,SDG,TTS,HDG,
T230;100656;0;0;0.00321322;0.00283292;0.00227048;0.0019711;0.00196477;0.00240998;0.00450773;SG3,SDG,TTS,HDG,
T230;75492;0;0;0.0039284;0.00351372;0.00283292;0.00227048;0.0019711;0.00196477;0.00240998;SG3,SDG,TTS,HDG,
T230;100656;0;0;0.0039284;0.00351372;0.00283292;0.00227048;0.0019711;0.00196477;0.00240998;SG3,SDG,TTS,HDG,
T230;75492;0;0;0.00424721;0.00382354;0.00311568;0.00249087;0.00205171;0.00196477;0.00209176;SG3,SDG,TTS,HDG,
T230;50328;0;0;0.00643204;0.00599204;0.0052236;0.0044619;0.00371934;0.00301968;0.00196477;SG3,SDG,TTS,HDG,
T230;75492;0;0;0.00720204;0.00676204;0.00599204;0.0052236;0.0044619;0.00371934;0.00196477;SG3,SDG,TTS,HDG,
T230;75492;0;0;0.00797204;0.00753204;0.00676204;0.00599204;0.0052236;0.0044619;0.00196477;SG3,SDG,TTS,HDG,
T230;100656;0;0;0.00808204;0.00764204;0.00687204;0.00610204;0.00533308;0.00456995;0.00196477;SG3,SDG,TTS,HDG,
T230;75492;0;0;0.00808204;0.00764204;0.00687204;0.00610204;0.00533308;0.00456995;0.00196477;SG3,SDG,TTS,HDG,
K320;15867;0;0;0.00277186;0.00364156;0.00567697;0.0130556;0.0252471;0.0422437;0.0641281;GEBEITST,
K320;63469;0;0;0.00199442;0.00217226;0.00277186;0.00567697;0.0130556;0.0252471;0.0422437;GEBEITST,
K320;63469;0;0;0.0020148;0.00196477;0.00199442;0.00277186;0.00567697;0.0130556;0.0252471;GEBEITST,
K320;126937;0;0;0.00301968;0.00265631;0.00214847;0.00196477;0.00199442;0.00277186;0.00567697;GEBEITST,
K320;79336;0;0;0.00414042;0.00371934;0.00301968;0.00241314;0.0020148;0.00196477;0.00217226;GEBEITST,
K320;15867;0;0;0.00599204;0.0055524;0.004787;0.00403409;0.0033121;0.00265631;0.00196477;GEBEITST,
K320;47602;0;0;0.00676204;0.00632204;0.0055524;0.004787;0.00403409;0.0033121;0.00196477;GEBEITST,
K320;95203;0;0;0.00753204;0.00709204;0.00632204;0.0055524;0.004787;0.00403409;0.00196477;GEBEITST,
K320;31734;0;0;0.00808204;0.00764204;0.00687204;0.00610204;0.00533308;0.00456995;0.00196477;GEBEITST,
K320;63469;0;0;0.00808204;0.00764204;0.00687204;0.00610204;0.00533308;0.00456995;0.00196477;GEBEITST,
K320;63469;0;0;0.00808204;0.00764204;0.00687204;0.00610204;0.00533308;0.00456995;0.00196477;GEBEITST,
K320;22214;0;0;0.00371934;0.0033121;0.00265631;0.00214847;0.00196477;0.00199442;0.00277186;GEBEITST,
K320;22214;0;0;0.00599204;0.0055524;0.004787;0.00403409;0.0033121;0.00265631;0.00196477;GEBEITST,
KM30;44428;0;0;0.0116869;0.0160717;0.023217;0.0395169;0.0607021;0.0867826;0.117761;GEBEITST,
KM50;29619;0;0;0.0020148;0.00196477;0.00199442;0.00277186;0.00567697;0.0130556;0.0252471;GEBEITST,
KM50;15867;0;0;0.00424721;0.00382354;0.00311568;0.00249087;0.00205171;0.00196477;0.00209176;GEBEITST,
KM50;15867;0;0;0.00599204;0.0055524;0.004787;0.00403409;0.0033121;0.00265631;0.00196477;GEBEITST,
KM50;31734;0;0;0.00676204;0.00632204;0.0055524;0.004787;0.00403409;0.0033121;0.00196477;GEBEITST,
KM50;31734;0;0;0.00753204;0.00709204;0.00632204;0.0055524;0.004787;0.00403409;0.00196477;GEBEITST,
KM50;31734;0;0;0.00808204;0.00764204;0.00687204;0.00610204;0.00533308;0.00456995;0.00196477;GEBEITST,
KM50;31734;0;0;0.00808204;0.00764204;0.00687204;0.00610204;0.00533308;0.00456995;0.00196477;GEBEITST,
KM50;47602;0;0;0.00808204;0.00764204;0.00687204;0.00610204;0.00533308;0.00456995;0.00196477;GEBEITST,
KM50;25387;0;0;0.0020148;0.00196477;0.00199442;0.00277186;0.00567697;0.0130556;0.0252471;GEBEITST,
KM50;25387;0;0;0.00241314;0.00214847;0.00196477;0.00199442;0.00277186;0.00567697;0.0130556;GEBEITST,
KM50;25387;0;0;0.00371934;0.0033121;0.00265631;0.00214847;0.00196477;0.00199442;0.00277186;GEBEITST,
KM50;25387;0;0;0.00414042;0.00371934;0.00301968;0.00241314;0.0020148;0.00196477;0.00217226;GEBEITST,
KM50;25387;0;0;0.00599204;0.0055524;0.004787;0.00403409;0.0033121;0.00265631;0.00196477;GEBEITST,
KM50;50775;0;0;0.00808204;0.00764204;0.00687204;0.00610204;0.00533308;0.00456995;0.00196477;GEBEITST,
KM50;25387;0;0;0.00301968;0.00265631;0.00214847;0.00196477;0.00199442;0.00277186;0.00567697;GEBEITST,
KM50;25387;0;0;0.00414042;0.00371934;0.00301968;0.00241314;0.0020148;0.00196477;0.00217226;GEBEITST,
KM80;132971;0;0;0.00414042;0.00371934;0.00301968;0.00241314;0.0020148;0.00196477;0.00217226;GEBEITST,
KM80;67700;0;0;0.00220669;0.0020148;0.00196477;0.00217226;0.00364156;0.00817559;0.0177148;GEBEITST,
KM80;169250;0;0;0.00424721;0.00382354;0.00311568;0.00249087;0.00205171;0.00196477;0.00209176;GEBEITST,
KM80;9521;0;0;0.00196477;0.00197231;0.00217226;0.00364156;0.00817559;0.0177148;0.031934;GEBEITST,
KM80;27957;0;0;0.00414042;0.00371934;0.00301968;0.00241314;0.0020148;0.00196477;0.00217226;GEBEITST,
KM80;27957;0;0;0.00786204;0.00742204;0.00665204;0.00588204;0.00511421;0.00435446;0.00196477;GEBEITST,
KM80;19568;0;0;0.00249087;0.00220669;0.00196477;0.00197231;0.00257305;0.0050491;0.0116869;CAPL,BT2,
KM80;22302;0;0;0.00424721;0.00382354;0.00311568;0.00249087;0.00205171;0.00196477;0.00209176;CAPL,BT2,
KM80;44606;0;0;0.00424721;0.00382354;0.00311568;0.00249087;0.00205171;0.00196477;0.00209176;CAPL,BT2,
KM80;22302;0;0;0.00610204;0.00566213;0.00489585;0.00414042;0.00341243;0.00274359;0.00196477;CAPL,BT2,
KM80;22302;0;0;0.00687204;0.00643204;0.00566213;0.00489585;0.00414042;0.00341243;0.00196477;CAPL,BT2,
KM80;44606;0;0;0.00764204;0.00720204;0.00643204;0.00566213;0.00489585;0.00414042;0.00196477;CAPL,BT2,
KM80;22302;0;0;0.00808204;0.00764204;0.00687204;0.00610204;0.00533308;0.00456995;0.00196477;CAPL,BT2,
KM80;22302;0;0;0.00808204;0.00764204;0.00687204;0.00610204;0.00533308;0.00456995;0.00196477;CAPL,BT2,
LT70;37899;0;0;0.0039284;0.00351372;0.00283292;0.00227048;0.0019711;0.00196477;0.00240998;SG3,SDG,TTS,HDG,
LT70;18949;0;0;0.00665204;0.00621204;0.00544262;0.00467823;0.0039284;0.00321322;0.00196477;SG3,SDG,TTS,HDG,
KT50;6422;0;0;0.00277186;0.00364156;0.00567697;0.0130556;0.0252471;0.0422437;0.0641281;GEBEITST,
KT50;63469;0;0;0.0020148;0.00196477;0.00199442;0.00277186;0.00567697;0.0130556;0.0252471;GEBEITST,
KM60;26386;0;0;0.00753204;0.00709204;0.00632204;0.0055524;0.004787;0.00403409;0.00196477;GEBEITST,
LK50;59237;0;0;0.00808204;0.00764204;0.00687204;0.00610204;0.00533308;0.00456995;0.00196477;GEBEITST,
LK50;29619;0;0;0.00808204;0.00764204;0.00687204;0.00610204;0.00533308;0.00456995;0.00196477;GEBEITST,
LK50;29619;0;0;0.00808204;0.00764204;0.00687204;0.00610204;0.00533308;0.00456995;0.00196477;GEBEITST,
KM80;20098;0;0;0.0020148;0.00196477;0.00199442;0.00277186;0.00567697;0.0130556;0.0252471;GEBEITST,
KM80;20098;0;0;0.00301968;0.00265631;0.00214847;0.00196477;0.00199442;0.00277186;0.00567697;GEBEITST,
KM80;20098;0;0;0.00371934;0.0033121;0.00265631;0.00214847;0.00196477;0.00199442;0.00277186;GEBEITST,
KM80;20098;0;0;0.00414042;0.00371934;0.00301968;0.00241314;0.0020148;0.00196477;0.00217226;GEBEITST,
KM80;20098;0;0;0.00753204;0.00709204;0.00632204;0.0055524;0.004787;0.00403409;0.00196477;GEBEITST,
KM80;20098;0;0;0.00808204;0.00764204;0.00687204;0.00610204;0.00533308;0.00456995;0.00196477;GEBEITST,
KM80;20098;0;0;0.00808204;0.00764204;0.00687204;0.00610204;0.00533308;0.00456995;0.00196477;GEBEITST,
KN50;48914;0;0;0.00311568;0.00274359;0.00220669;0.00196477;0.00197231;0.00257305;0.0050491;GALTEC,SDG,TTS,HDG,
KN50;24475;0;0;0.00382354;0.00341243;0.00274359;0.00220669;0.00196477;0.00197231;0.00257305;GALTEC,SDG,TTS,HDG,
KN50;73424;0;0;0.00610204;0.00566213;0.00489585;0.00414042;0.00341243;0.00274359;0.00196477;GALTEC,SDG,TTS,HDG,
KN50;48949;0;0;0.00687204;0.00643204;0.00566213;0.00489585;0.00414042;0.00341243;0.00196477;GALTEC,SDG,TTS,HDG,
KN50;48949;0;0;0.00764204;0.00720204;0.00643204;0.00566213;0.00489585;0.00414042;0.00196477;GALTEC,SDG,TTS,HDG,
KN50;73424;0;0;0.00808204;0.00764204;0.00687204;0.00610204;0.00533308;0.00456995;0.00196477;GALTEC,SDG,TTS,HDG,
KN50;24475;0;0;0.00808204;0.00764204;0.00687204;0.00610204;0.00533308;0.00456995;0.00196477;GALTEC,SDG,TTS,HDG,
KN50;48949;0;0;0.00808204;0.00764204;0.00687204;0.00610204;0.00533308;0.00456995;0.00196477;GALTEC,SDG,TTS,HDG,
KN70;48957;0;0;0.00424721;0.00382354;0.00311568;0.00249087;0.00205171;0.00196477;0.00209176;GALTEC,SDG,BT2,HDG,
KN70;24479;0;0;0.00424721;0.00382354;0.00311568;0.00249087;0.00205171;0.00196477;0.00209176;GALTEC,SDG,BT2,HDG,
KN70;24479;0;0;0.00610204;0.00566213;0.00489585;0.00414042;0.00341243;0.00274359;0.00196477;GALTEC,SDG,BT2,HDG,
LK50;49472;0;0;0.0039284;0.00351372;0.00283292;0.00227048;0.0019711;0.00196477;0.00240998;GEBEITST,
LK50;48659;0;0;0.00414042;0.00371934;0.00301968;0.00241314;0.0020148;0.00196477;0.00217226;GEBEITST,
LK50;48659;0;0;0.00424721;0.00382354;0.00311568;0.00249087;0.00205171;0.00196477;0.00209176;GEBEITST,
LK50;72989;0;0;0.00621204;0.00577204;0.00500497;0.00424721;0.00351372;0.00283292;0.00196477;GEBEITST,
LK50;72989;0;0;0.00698204;0.00654204;0.00577204;0.00500497;0.00424721;0.00351372;0.00196477;GEBEITST,
TB60;12915;0;0;0.0020148;0.00196477;0.00199442;0.00277186;0.00567697;0.0130556;0.0252471;SG3,SDG,TTS,HDG,
TB60;121660;0;0;0.00241314;0.00214847;0.00196477;0.00199442;0.00277186;0.00567697;0.0130556;SG3,SDG,TTS,HDG,
TB60;48664;0;0;0.00311568;0.00274359;0.00220669;0.00196477;0.00197231;0.00257305;0.0050491;SG3,SDG,TTS,HDG,
TB60;24332;0;0;0.00382354;0.00341243;0.00274359;0.00220669;0.00196477;0.00197231;0.00257305;SG3,SDG,TTS,HDG,
TB60;48664;0;0;0.0039284;0.00351372;0.00283292;0.00227048;0.0019711;0.00196477;0.00240998;SG3,SDG,TTS,HDG,
TB60;72996;0;0;0.00424721;0.00382354;0.00311568;0.00249087;0.00205171;0.00196477;0.00209176;SG3,SDG,TTS,HDG,
TB60;97328;0;0;0.00610204;0.00566213;0.00489585;0.00414042;0.00341243;0.00274359;0.00196477;SG3,SDG,TTS,HDG,
TB60;97328;0;0;0.00687204;0.00643204;0.00566213;0.00489585;0.00414042;0.00341243;0.00196477;SG3,SDG,TTS,HDG,
TB60;121660;0;0;0.00764204;0.00720204;0.00643204;0.00566213;0.00489585;0.00414042;0.00196477;SG3,SDG,TTS,HDG,
TB60;121660;0;0;0.00808204;0.00764204;0.00687204;0.00610204;0.00533308;0.00456995;0.00196477;SG3,SDG,TTS,HDG,
TB60;121660;0;0;0.00808204;0.00764204;0.00687204;0.00610204;0.00533308;0.00456995;0.00196477;SG3,SDG,TTS,HDG,
K320;28981;0;0;0.00676204;0.00632204;0.0055524;0.004787;0.00403409;0.0033121;0.00196477;GEBEITST,
K320;57122;0;0;0.00753204;0.00709204;0.00632204;0.0055524;0.004787;0.00403409;0.00196477;GEBEITST,
K320;57122;0;0;0.00808204;0.00764204;0.00687204;0.00610204;0.00533308;0.00456995;0.00196477;GEBEITST,
K320;28561;0;0;0.00808204;0.00764204;0.00687204;0.00610204;0.00533308;0.00456995;0.00196477;GEBEITST,
K320;85683;0;0;0.00808204;0.00764204;0.00687204;0.00610204;0.00533308;0.00456995;0.00196477;GEBEITST,
K320;29565;0;0;0.00676204;0.00632204;0.0055524;0.004787;0.00403409;0.0033121;0.00196477;GEBEITST,
K320;228487;0;0;0.00753204;0.00709204;0.00632204;0.0055524;0.004787;0.00403409;0.00196477;GEBEITST,
K320;76162;0;0;0.00808204;0.00764204;0.00687204;0.00610204;0.00533308;0.00456995;0.00196477;GEBEITST,
K320;152325;0;0;0.00808204;0.00764204;0.00687204;0.00610204;0.00533308;0.00456995;0.00196477;GEBEITST,
K320;177712;0;0;0.00808204;0.00764204;0.00687204;0.00610204;0.00533308;0.00456995;0.00196477;GEBEITST,
KT20;156733;0;0;0.00676204;0.00632204;0.0055524;0.004787;0.00403409;0.0033121;0.00196477;BAF_H2,BAF,TTS,ELG,
KT20;156733;0;0;0.00753204;0.00709204;0.00632204;0.0055524;0.004787;0.00403409;0.00196477;BAF_H2,BAF,TTS,ELG,
KM50;25387;0;0;0.00599204;0.0055524;0.004787;0.00403409;0.0033121;0.00265631;0.00196477;GEBEITST,
KM50;25387;0;0;0.00808204;0.00764204;0.00687204;0.00610204;0.00533308;0.00456995;0.00196477;GEBEITST,
LK50;88856;0;0;0.00698204;0.00654204;0.00577204;0.00500497;0.00424721;0.00351372;0.00196477;GEBEITST,
LK50;59237;0;0;0.00775204;0.00731204;0.00654204;0.00577204;0.00500497;0.00424721;0.00196477;GEBEITST,
LK50;59237;0;0;0.00808204;0.00764204;0.00687204;0.00610204;0.00533308;0.00456995;0.00196477;GEBEITST,
LK40;29619;0;0;0.00621204;0.00577204;0.00500497;0.00424721;0.00351372;0.00283292;0.00196477;GEBEITST,
LK40;44428;0;0;0.00698204;0.00654204;0.00577204;0.00500497;0.00424721;0.00351372;0.00196477;GEBEITST,
LK40;14809;0;0;0.00775204;0.00731204;0.00654204;0.00577204;0.00500497;0.00424721;0.00196477;GEBEITST,
LK40;29619;0;0;0.00808204;0.00764204;0.00687204;0.00610204;0.00533308;0.00456995;0.00196477;GEBEITST,
LK40;29619;0;0;0.00301968;0.00265631;0.00214847;0.00196477;0.00199442;0.00277186;0.00567697;GEBEITST,
LK40;29619;0;0;0.00676204;0.00632204;0.0055524;0.004787;0.00403409;0.0033121;0.00196477;GEBEITST,
LK40;29619;0;0;0.00808204;0.00764204;0.00687204;0.00610204;0.00533308;0.00456995;0.00196477;GEBEITST,
KM50;23272;0;0;0.00241314;0.00214847;0.00196477;0.00199442;0.00277186;0.00567697;0.0130556;GEBEITST,
K320;47132;0;0;0.00599204;0.0055524;0.004787;0.00403409;0.0033121;0.00265631;0.00196477;GEBEITST,
K320;47132;0;0;0.00676204;0.00632204;0.0055524;0.004787;0.00403409;0.0033121;0.00196477;GEBEITST,
K320;47132;0;0;0.00753204;0.00709204;0.00632204;0.0055524;0.004787;0.00403409;0.00196477;GEBEITST,
K320;47132;0;0;0.00808204;0.00764204;0.00687204;0.00610204;0.00533308;0.00456995;0.00196477;GEBEITST,
K320;70698;0;0;0.00808204;0.00764204;0.00687204;0.00610204;0.00533308;0.00456995;0.00196477;GEBEITST,
K320;23566;0;0;0.00808204;0.00764204;0.00687204;0.00610204;0.00533308;0.00456995;0.00196477;GEBEITST,
TB50;25643;0;0;0.0160717;0.0212855;0.0296055;0.0479972;0.0712798;0.0994592;0.132538;SG3,SDG,TTS,HDG,
TB50;25643;0;0;0.00424721;0.00382354;0.00311568;0.00249087;0.00205171;0.00196477;0.00209176;SG3,SDG,TTS,HDG,
TB50;25643;0;0;0.00808204;0.00764204;0.00687204;0.00610204;0.00533308;0.00456995;0.00196477;SG3,SDG,TTS,HDG,
K110;27537;0;0;0.00808204;0.00764204;0.00687204;0.00610204;0.00533308;0.00456995;0.00196477;BAF_HNX,BAF,TTS,
K820;26445;0;0;0.00753204;0.00709204;0.00632204;0.0055524;0.004787;0.00403409;0.00196477;GEBEITST,
KT10;20993;0;0;0.0020148;0.00196477;0.00199442;0.00277186;0.00567697;0.0130556;0.0252471;SG3,SDG,TTS,HDG,
KT10;20993;0;0;0.0039284;0.00351372;0.00283292;0.00227048;0.0019711;0.00196477;0.00240998;SG3,SDG,TTS,HDG,
KT10;20993;0;0;0.00424721;0.00382354;0.00311568;0.00249087;0.00205171;0.00196477;0.00209176;SG3,SDG,TTS,HDG,
KT10;20993;0;0;0.00621204;0.00577204;0.00500497;0.00424721;0.00351372;0.00283292;0.00196477;SG3,SDG,TTS,HDG,
KT10;20993;0;0;0.00698204;0.00654204;0.00577204;0.00500497;0.00424721;0.00351372;0.00196477;SG3,SDG,TTS,HDG,
KT10;20993;0;0;0.00764204;0.00720204;0.00643204;0.00566213;0.00489585;0.00414042;0.00196477;SG3,SDG,TTS,HDG,
KT10;20993;0;0;0.00808204;0.00764204;0.00687204;0.00610204;0.00533308;0.00456995;0.00196477;SG3,SDG,TTS,HDG,
KM30;33850;0;0;0.00764204;0.00720204;0.00643204;0.00566213;0.00489585;0.00414042;0.00196477;GEBEITST,
T210;9301;0;0;0.00227048;0.00205171;0.00196477;0.00209176;0.00330309;0.00722707;0.0160717;SG3,SDG,TTS,HDG,
T210;56682;0;0;0.00227048;0.00205171;0.00196477;0.00209176;0.00330309;0.00722707;0.0160717;SG3,SDG,TTS,HDG,
T210;56682;0;0;0.00241314;0.00214847;0.00196477;0.00199442;0.00277186;0.00567697;0.0130556;SG3,SDG,TTS,HDG,
T210;56682;0;0;0.00241314;0.00214847;0.00196477;0.00199442;0.00277186;0.00567697;0.0130556;SG3,SDG,TTS,HDG,
T210;37787;0;0;0.00274359;0.00241314;0.0020148;0.00196477;0.00217226;0.00364156;0.00817559;SG3,SDG,TTS,HDG,
T210;18894;0;0;0.00283292;0.00249087;0.00205171;0.00196477;0.00209176;0.00330309;0.00722707;SG3,SDG,TTS,HDG,
T210;75575;0;0;0.00292537;0.00257191;0.00209667;0.00196477;0.00203321;0.00301436;0.00639731;SG3,SDG,TTS,HDG,
T210;56682;0;0;0.00301968;0.00265631;0.00214847;0.00196477;0.00199442;0.00277186;0.00567697;SG3,SDG,TTS,HDG,
T210;37787;0;0;0.00311568;0.00274359;0.00220669;0.00196477;0.00197231;0.00257305;0.0050491;SG3,SDG,TTS,HDG,
T210;37787;0;0;0.00321322;0.00283292;0.00227048;0.0019711;0.00196477;0.00240998;0.00450773;SG3,SDG,TTS,HDG,
T210;75575;0;0;0.00351372;0.00311568;0.00249087;0.00205171;0.00196477;0.00209176;0.00330309;SG3,SDG,TTS,HDG,
T210;37787;0;0;0.00424721;0.00382354;0.00311568;0.00249087;0.00205171;0.00196477;0.00209176;SG3,SDG,TTS,HDG,
T210;37787;0;0;0.00424721;0.00382354;0.00311568;0.00249087;0.00205171;0.00196477;0.00209176;SG3,SDG,TTS,HDG,
T210;18894;0;0;0.00588204;0.00544262;0.00467823;0.0039284;0.00321322;0.00257191;0.00196477;SG3,SDG,TTS,HDG,
T210;37787;0;0;0.00599204;0.0055524;0.004787;0.00403409;0.0033121;0.00265631;0.00196477;SG3,SDG,TTS,HDG,
T210;56682;0;0;0.00610204;0.00566213;0.00489585;0.00414042;0.00341243;0.00274359;0.00196477;SG3,SDG,TTS,HDG,
T210;56682;0;0;0.00643204;0.00599204;0.0052236;0.0044619;0.00371934;0.00301968;0.00196477;SG3,SDG,TTS,HDG,
T210;18894;0;0;0.00654204;0.00610204;0.00533308;0.00456995;0.00382354;0.00311568;0.00196477;SG3,SDG,TTS,HDG,
T210;37787;0;0;0.00665204;0.00621204;0.00544262;0.00467823;0.0039284;0.00321322;0.00196477;SG3,SDG,TTS,HDG,
T210;37787;0;0;0.00676204;0.00632204;0.0055524;0.004787;0.00403409;0.0033121;0.00196477;SG3,SDG,TTS,HDG,
T210;56682;0;0;0.00687204;0.00643204;0.00566213;0.00489585;0.00414042;0.00341243;0.00196477;SG3,SDG,TTS,HDG,
T210;56682;0;0;0.00720204;0.00676204;0.00599204;0.0052236;0.0044619;0.00371934;0.00196477;SG3,SDG,TTS,HDG,
T210;18894;0;0;0.00731204;0.00687204;0.00610204;0.00533308;0.00456995;0.00382354;0.00196477;SG3,SDG,TTS,HDG,
T210;18894;0;0;0.00742204;0.00698204;0.00621204;0.00544262;0.00467823;0.0039284;0.00196477;SG3,SDG,TTS,HDG,
T210;37787;0;0;0.00753204;0.00709204;0.00632204;0.0055524;0.004787;0.00403409;0.00196477;SG3,SDG,TTS,HDG,
T210;75575;0;0;0.00764204;0.00720204;0.00643204;0.00566213;0.00489585;0.00414042;0.00196477;SG3,SDG,TTS,HDG,
T210;56682;0;0;0.00797204;0.00753204;0.00676204;0.00599204;0.0052236;0.0044619;0.00196477;SG3,SDG,TTS,HDG,
T210;18894;0;0;0.00808204;0.00764204;0.00687204;0.00610204;0.00533308;0.00456995;0.00196477;SG3,SDG,TTS,HDG,
T210;18894;0;0;0.00808204;0.00764204;0.00687204;0.00610204;0.00533308;0.00456995;0.00196477;SG3,SDG,TTS,HDG,
T210;37787;0;0;0.00808204;0.00764204;0.00687204;0.00610204;0.00533308;0.00456995;0.00196477;SG3,SDG,TTS,HDG,
T210;18894;0;0;0.00808204;0.00764204;0.00687204;0.00610204;0.00533308;0.00456995;0.00196477;SG3,SDG,TTS,HDG,
T210;56682;0;0;0.00808204;0.00764204;0.00687204;0.00610204;0.00533308;0.00456995;0.00196477;SG3,SDG,TTS,HDG,
T210;37787;0;0;0.00808204;0.00764204;0.00687204;0.00610204;0.00533308;0.00456995;0.00196477;SG3,SDG,TTS,HDG,
T210;37787;0;0;0.00808204;0.00764204;0.00687204;0.00610204;0.00533308;0.00456995;0.00196477;SG3,SDG,TTS,HDG,
T210;37787;0;0;0.00808204;0.00764204;0.00687204;0.00610204;0.00533308;0.00456995;0.00196477;SG3,SDG,TTS,HDG,
T210;37787;0;0;0.00808204;0.00764204;0.00687204;0.00610204;0.00533308;0.00456995;0.00196477;SG3,SDG,TTS,HDG,
T210;37787;0;0;0.00808204;0.00764204;0.00687204;0.00610204;0.00533308;0.00456995;0.00196477;SG3,SDG,TTS,HDG,
KM20;42312;0;0;0.00371934;0.0033121;0.00265631;0.00214847;0.00196477;0.00199442;0.00277186;GEBEITST,
KM20;21156;0;0;0.00753204;0.00709204;0.00632204;0.0055524;0.004787;0.00403409;0.00196477;GEBEITST,
LK40;24755;0;0;0.00371934;0.0033121;0.00265631;0.00214847;0.00196477;0.00199442;0.00277186;GEBEITST,
LK40;49511;0;0;0.00599204;0.0055524;0.004787;0.00403409;0.0033121;0.00265631;0.00196477;GEBEITST,
LK40;19041;0;0;0.00808204;0.00764204;0.00687204;0.00610204;0.00533308;0.00456995;0.00196477;GEBEITST,
LK40;19041;0;0;0.00808204;0.00764204;0.00687204;0.00610204;0.00533308;0.00456995;0.00196477;GEBEITST,
LK40;19041;0;0;0.00808204;0.00764204;0.00687204;0.00610204;0.00533308;0.00456995;0.00196477;GEBEITST,
T230;39922;0;0;0.00198813;0.00196477;0.00203321;0.00301436;0.00639731;0.0145202;0.0273767;SG3,SDG,TTS,HDG,
T230;31428;0;0;0.00227048;0.00205171;0.00196477;0.00209176;0.00330309;0.00722707;0.0160717;SG3,SDG,TTS,HDG,
T230;62856;0;0;0.00292537;0.00257191;0.00209667;0.00196477;0.00203321;0.00301436;0.00639731;SG3,SDG,TTS,HDG,
T230;62856;0;0;0.003616;0.00321322;0.00257191;0.00209667;0.00196477;0.00203321;0.00301436;SG3,SDG,TTS,HDG,
T230;62856;0;0;0.0039284;0.00351372;0.00283292;0.00227048;0.0019711;0.00196477;0.00240998;SG3,SDG,TTS,HDG,
T230;62856;0;0;0.00424721;0.00382354;0.00311568;0.00249087;0.00205171;0.00196477;0.00209176;SG3,SDG,TTS,HDG,
T230;62856;0;0;0.00588204;0.00544262;0.00467823;0.0039284;0.00321322;0.00257191;0.00196477;SG3,SDG,TTS,HDG,
T230;62856;0;0;0.00665204;0.00621204;0.00544262;0.00467823;0.0039284;0.00321322;0.00196477;SG3,SDG,TTS,HDG,
T230;62856;0;0;0.00742204;0.00698204;0.00621204;0.00544262;0.00467823;0.0039284;0.00196477;SG3,SDG,TTS,HDG,
T230;62856;0;0;0.00808204;0.00764204;0.00687204;0.00610204;0.00533308;0.00456995;0.00196477;SG3,SDG,TTS,HDG,
T230;62856;0;0;0.00808204;0.00764204;0.00687204;0.00610204;0.00533308;0.00456995;0.00196477;SG3,SDG,TTS,HDG,
T230;31428;0;0;0.00808204;0.00764204;0.00687204;0.00610204;0.00533308;0.00456995;0.00196477;SG3,SDG,TTS,HDG,
LT80;82339;0;0;0.00205171;0.00196477;0.00197231;0.00257305;0.0050491;0.0116869;0.023217;GEBEITST,
LT80;52354;0;0;0.00424721;0.00382354;0.00311568;0.00249087;0.00205171;0.00196477;0.00209176;GEBEITST,
T230;27062;0;0;0.00676204;0.00632204;0.0055524;0.004787;0.00403409;0.0033121;0.00196477;CAPL,TTS,
K110;28482;0;0;0.00321322;0.00283292;0.00227048;0.0019711;0.00196477;0.00240998;0.00450773;CAPL,TTS,
K110;28292;0;0;0.0039284;0.00351372;0.00283292;0.00227048;0.0019711;0.00196477;0.00240998;CAPL,TTS,
K110;56583;0;0;0.00424721;0.00382354;0.00311568;0.00249087;0.00205171;0.00196477;0.00209176;CAPL,TTS,
K110;28292;0;0;0.00424721;0.00382354;0.00311568;0.00249087;0.00205171;0.00196477;0.00209176;CAPL,TTS,
K110;56583;0;0;0.00621204;0.00577204;0.00500497;0.00424721;0.00351372;0.00283292;0.00196477;CAPL,TTS,
K110;28292;0;0;0.00764204;0.00720204;0.00643204;0.00566213;0.00489585;0.00414042;0.00196477;CAPL,TTS,
K110;28292;0;0;0.00808204;0.00764204;0.00687204;0.00610204;0.00533308;0.00456995;0.00196477;CAPL,TTS,
K110;56583;0;0;0.00808204;0.00764204;0.00687204;0.00610204;0.00533308;0.00456995;0.00196477;CAPL,TTS,
K110;27062;0;0;0.00321322;0.00283292;0.00227048;0.0019711;0.00196477;0.00240998;0.00450773;CAPL,TTS,
K110;27062;0;0;0.0039284;0.00351372;0.00283292;0.00227048;0.0019711;0.00196477;0.00240998;CAPL,TTS,
K110;54124;0;0;0.0039284;0.00351372;0.00283292;0.00227048;0.0019711;0.00196477;0.00240998;CAPL,TTS,
K110;27062;0;0;0.00424721;0.00382354;0.00311568;0.00249087;0.00205171;0.00196477;0.00209176;CAPL,TTS,
K110;54124;0;0;0.00654204;0.00610204;0.00533308;0.00456995;0.00382354;0.00311568;0.00196477;CAPL,TTS,
K110;27062;0;0;0.00665204;0.00621204;0.00544262;0.00467823;0.0039284;0.00321322;0.00196477;CAPL,TTS,
K110;27062;0;0;0.00698204;0.00654204;0.00577204;0.00500497;0.00424721;0.00351372;0.00196477;CAPL,TTS,
K110;81186;0;0;0.00808204;0.00764204;0.00687204;0.00610204;0.00533308;0.00456995;0.00196477;CAPL,TTS,
K110;27062;0;0;0.00808204;0.00764204;0.00687204;0.00610204;0.00533308;0.00456995;0.00196477;CAPL,TTS,
K110;54124;0;0;0.00808204;0.00764204;0.00687204;0.00610204;0.00533308;0.00456995;0.00196477;CAPL,TTS,
K110;27062;0;0;0.00808204;0.00764204;0.00687204;0.00610204;0.00533308;0.00456995;0.00196477;CAPL,TTS,
K110;27086;0;0;0.00382354;0.00341243;0.00274359;0.00220669;0.00196477;0.00197231;0.00257305;CAPL,TTS,
K110;54171;0;0;0.0039284;0.00351372;0.00283292;0.00227048;0.0019711;0.00196477;0.00240998;CAPL,TTS,
K110;27086;0;0;0.00698204;0.00654204;0.00577204;0.00500497;0.00424721;0.00351372;0.00196477;CAPL,TTS,
K110;27086;0;0;0.00808204;0.00764204;0.00687204;0.00610204;0.00533308;0.00456995;0.00196477;CAPL,TTS,
K110;54171;0;0;0.00808204;0.00764204;0.00687204;0.00610204;0.00533308;0.00456995;0.00196477;CAPL,TTS,
K110;27086;0;0;0.00808204;0.00764204;0.00687204;0.00610204;0.00533308;0.00456995;0.00196477;CAPL,TTS,
KM50;28483;0;0;0.00199442;0.00217226;0.00277186;0.00567697;0.0130556;0.0252471;0.0422437;GEBEITST,
KM50;24330;0;0;0.00301968;0.00265631;0.00214847;0.00196477;0.00199442;0.00277186;0.00567697;GEBEITST,
KM50;24330;0;0;0.00371934;0.0033121;0.00265631;0.00214847;0.00196477;0.00199442;0.00277186;GEBEITST,
KM50;24330;0;0;0.00414042;0.00371934;0.00301968;0.00241314;0.0020148;0.00196477;0.00217226;GEBEITST,
KM50;48659;0;0;0.00424721;0.00382354;0.00311568;0.00249087;0.00205171;0.00196477;0.00209176;GEBEITST,
KM50;48659;0;0;0.00599204;0.0055524;0.004787;0.00403409;0.0033121;0.00265631;0.00196477;GEBEITST,
KM50;24330;0;0;0.00676204;0.00632204;0.0055524;0.004787;0.00403409;0.0033121;0.00196477;GEBEITST,
KM50;24330;0;0;0.00753204;0.00709204;0.00632204;0.0055524;0.004787;0.00403409;0.00196477;GEBEITST,
KM50;24330;0;0;0.00808204;0.00764204;0.00687204;0.00610204;0.00533308;0.00456995;0.00196477;GEBEITST,
KM50;24330;0;0;0.00808204;0.00764204;0.00687204;0.00610204;0.00533308;0.00456995;0.00196477;GEBEITST,
KM50;48659;0;0;0.00808204;0.00764204;0.00687204;0.00610204;0.00533308;0.00456995;0.00196477;GEBEITST,
KM30;22214;0;0;0.00199442;0.00217226;0.00277186;0.00567697;0.0130556;0.0252471;0.0422437;GEBEITST,
KM30;22214;0;0;0.00599204;0.0055524;0.004787;0.00403409;0.0033121;0.00265631;0.00196477;GEBEITST,
KM30;22214;0;0;0.00808204;0.00764204;0.00687204;0.00610204;0.00533308;0.00456995;0.00196477;GEBEITST,
KM50;23272;0;0;0.00414042;0.00371934;0.00301968;0.00241314;0.0020148;0.00196477;0.00217226;GEBEITST,
KM50;23272;0;0;0.00676204;0.00632204;0.0055524;0.004787;0.00403409;0.0033121;0.00196477;GEBEITST,
KM50;23272;0;0;0.00753204;0.00709204;0.00632204;0.0055524;0.004787;0.00403409;0.00196477;GEBEITST,
KM50;23272;0;0;0.00808204;0.00764204;0.00687204;0.00610204;0.00533308;0.00456995;0.00196477;GEBEITST,
K110;87823;0;0;0.00283292;0.00249087;0.00205171;0.00196477;0.00209176;0.00330309;0.00722707;CAPL,TTS,
K110;58889;0;0;0.00351372;0.00311568;0.00249087;0.00205171;0.00196477;0.00209176;0.00330309;CAPL,TTS,
K110;29444;0;0;0.0039284;0.00351372;0.00283292;0.00227048;0.0019711;0.00196477;0.00240998;CAPL,TTS,
K110;58889;0;0;0.00424721;0.00382354;0.00311568;0.00249087;0.00205171;0.00196477;0.00209176;CAPL,TTS,
K110;58889;0;0;0.00424721;0.00382354;0.00311568;0.00249087;0.00205171;0.00196477;0.00209176;CAPL,TTS,
K110;58889;0;0;0.00654204;0.00610204;0.00533308;0.00456995;0.00382354;0.00311568;0.00196477;CAPL,TTS,
K110;58889;0;0;0.00731204;0.00687204;0.00610204;0.00533308;0.00456995;0.00382354;0.00196477;CAPL,TTS,
K110;29444;0;0;0.00808204;0.00764204;0.00687204;0.00610204;0.00533308;0.00456995;0.00196477;CAPL,TTS,
K110;58889;0;0;0.00808204;0.00764204;0.00687204;0.00610204;0.00533308;0.00456995;0.00196477;CAPL,TTS,
K110;58889;0;0;0.00808204;0.00764204;0.00687204;0.00610204;0.00533308;0.00456995;0.00196477;CAPL,TTS,
LK70;29946;0;0;0.00321322;0.00283292;0.00227048;0.0019711;0.00196477;0.00240998;0.00450773;SG3,SDG,TTS,HDG,
LK70;29946;0;0;0.0039284;0.00351372;0.00283292;0.00227048;0.0019711;0.00196477;0.00240998;SG3,SDG,TTS,HDG,
LK70;29946;0;0;0.00424721;0.00382354;0.00311568;0.00249087;0.00205171;0.00196477;0.00209176;SG3,SDG,TTS,HDG,
KM50;23272;0;0;0.00199442;0.00217226;0.00277186;0.00567697;0.0130556;0.0252471;0.0422437;GEBEITST,
KM50;23272;0;0;0.0020148;0.00196477;0.00199442;0.00277186;0.00567697;0.0130556;0.0252471;GEBEITST,
KM50;23272;0;0;0.00301968;0.00265631;0.00214847;0.00196477;0.00199442;0.00277186;0.00567697;GEBEITST,
KM50;23272;0;0;0.00676204;0.00632204;0.0055524;0.004787;0.00403409;0.0033121;0.00196477;GEBEITST,
KM50;23272;0;0;0.00808204;0.00764204;0.00687204;0.00610204;0.00533308;0.00456995;0.00196477;GEBEITST,
T230;9906;0;0;0.031934;0.0395169;0.0510236;0.0750055;0.103885;0.137663;0.176341;SG3,SDG,TTS,HDG,
T230;26362;0;0;0.0296055;0.0368895;0.0479972;0.0712798;0.0994592;0.132538;0.170516;SG3,SDG,TTS,HDG,
T230;52724;0;0;0.0252471;0.031934;0.0422437;0.0641281;0.0909081;0.122587;0.159165;SG3,SDG,TTS,HDG,
T230;26362;0;0;0.023217;0.0296055;0.0395169;0.0607021;0.0867826;0.117761;0.153639;SG3,SDG,TTS,HDG,
T230;158173;0;0;0.0194514;0.0252471;0.0343621;0.0541498;0.0788313;0.10841;0.142889;SG3,SDG,TTS,HDG,
T230;184535;0;0;0.0104179;0.0145202;0.0212855;0.0368895;0.057376;0.082757;0.113036;SG3,SDG,TTS,HDG,
T230;131811;0;0;0.00450773;0.00639731;0.0104179;0.0212855;0.0368895;0.057376;0.082757;SG3,SDG,TTS,HDG,
T230;158173;0;0;0.00240998;0.00301436;0.00450773;0.0104179;0.0212855;0.0368895;0.057376;SG3,SDG,TTS,HDG,
T230;105449;0;0;0.00196477;0.00199442;0.00227747;0.00404042;0.00923905;0.0194514;0.0343621;SG3,SDG,TTS,HDG,
T230;79087;0;0;0.00220669;0.0020148;0.00196477;0.00217226;0.00364156;0.00817559;0.0177148;SG3,SDG,TTS,HDG,
T230;131811;0;0;0.00321322;0.00283292;0.00227048;0.0019711;0.00196477;0.00240998;0.00450773;SG3,SDG,TTS,HDG,
T230;184535;0;0;0.0039284;0.00351372;0.00283292;0.00227048;0.0019711;0.00196477;0.00240998;SG3,SDG,TTS,HDG,
T230;131811;0;0;0.0039284;0.00351372;0.00283292;0.00227048;0.0019711;0.00196477;0.00240998;SG3,SDG,TTS,HDG,
T230;184535;0;0;0.00424721;0.00382354;0.00311568;0.00249087;0.00205171;0.00196477;0.00209176;SG3,SDG,TTS,HDG,
T230;131811;0;0;0.00643204;0.00599204;0.0052236;0.0044619;0.00371934;0.00301968;0.00196477;SG3,SDG,TTS,HDG,
T230;158173;0;0;0.00720204;0.00676204;0.00599204;0.0052236;0.0044619;0.00371934;0.00196477;SG3,SDG,TTS,HDG,
T230;105449;0;0;0.00797204;0.00753204;0.00676204;0.00599204;0.0052236;0.0044619;0.00196477;SG3,SDG,TTS,HDG,
T230;158173;0;0;0.00808204;0.00764204;0.00687204;0.00610204;0.00533308;0.00456995;0.00196477;SG3,SDG,TTS,HDG,
T230;158173;0;0;0.00808204;0.00764204;0.00687204;0.00610204;0.00533308;0.00456995;0.00196477;SG3,SDG,TTS,HDG,
KM50;24899;0;0;0.00241314;0.00214847;0.00196477;0.00199442;0.00277186;0.00567697;0.0130556;GEBEITST,
KM50;24330;0;0;0.00424721;0.00382354;0.00311568;0.00249087;0.00205171;0.00196477;0.00209176;GEBEITST,
KM50;24330;0;0;0.00753204;0.00709204;0.00632204;0.0055524;0.004787;0.00403409;0.00196477;GEBEITST,
KM50;48659;0;0;0.00808204;0.00764204;0.00687204;0.00610204;0.00533308;0.00456995;0.00196477;GEBEITST,
KM50;24330;0;0;0.00808204;0.00764204;0.00687204;0.00610204;0.00533308;0.00456995;0.00196477;GEBEITST,
KM50;21465;0;0;0.00424721;0.00382354;0.00311568;0.00249087;0.00205171;0.00196477;0.00209176;GEBEITST,
KM50;21465;0;0;0.00786204;0.00742204;0.00665204;0.00588204;0.00511421;0.00435446;0.00196477;GEBEITST,
KM50;20098;0;0;0.00371934;0.0033121;0.00265631;0.00214847;0.00196477;0.00199442;0.00277186;GEBEITST,
KM50;20098;0;0;0.00676204;0.00632204;0.0055524;0.004787;0.00403409;0.0033121;0.00196477;GEBEITST,
K320;24330;0;0;0.00808204;0.00764204;0.00687204;0.00610204;0.00533308;0.00456995;0.00196477;GEBEITST,
KM50;11329;0;0;0.00610204;0.00566213;0.00489585;0.00414042;0.00341243;0.00274359;0.00196477;GEBEITST,
KM50;14005;0;0;0.00687204;0.00643204;0.00566213;0.00489585;0.00414042;0.00341243;0.00196477;GEBEITST,
KM50;14005;0;0;0.00764204;0.00720204;0.00643204;0.00566213;0.00489585;0.00414042;0.00196477;GEBEITST,
KM50;28011;0;0;0.00808204;0.00764204;0.00687204;0.00610204;0.00533308;0.00456995;0.00196477;GEBEITST,
KM50;14005;0;0;0.00808204;0.00764204;0.00687204;0.00610204;0.00533308;0.00456995;0.00196477;GEBEITST,
KM50;19041;0;0;0.0020148;0.00196477;0.00199442;0.00277186;0.00567697;0.0130556;0.0252471;GEBEITST,
KM50;19041;0;0;0.00301968;0.00265631;0.00214847;0.00196477;0.00199442;0.00277186;0.00567697;GEBEITST,
KM50;19041;0;0;0.00371934;0.0033121;0.00265631;0.00214847;0.00196477;0.00199442;0.00277186;GEBEITST,
KM50;38081;0;0;0.00599204;0.0055524;0.004787;0.00403409;0.0033121;0.00265631;0.00196477;GEBEITST,
K320;21156;0;0;0.00196477;0.00203321;0.00240998;0.00450773;0.0104179;0.0212855;0.0368895;GEBEITST,
K320;21156;0;0;0.00257191;0.00227048;0.0019711;0.00196477;0.00240998;0.00450773;0.0104179;GEBEITST,
K320;21156;0;0;0.00424721;0.00382354;0.00311568;0.00249087;0.00205171;0.00196477;0.00209176;GEBEITST,
K320;21156;0;0;0.00775204;0.00731204;0.00654204;0.00577204;0.00500497;0.00424721;0.00196477;GEBEITST,
K320;21156;0;0;0.00808204;0.00764204;0.00687204;0.00610204;0.00533308;0.00456995;0.00196477;GEBEITST,
KM30;23272;0;0;0.00599204;0.0055524;0.004787;0.00403409;0.0033121;0.00265631;0.00196477;GEBEITST,
KM70;7796;0;0;0.00599204;0.0055524;0.004787;0.00403409;0.0033121;0.00265631;0.00196477;GEBEITST,
KM70;25387;0;0;0.00676204;0.00632204;0.0055524;0.004787;0.00403409;0.0033121;0.00196477;GEBEITST,
LT70;24261;0;0;0.00639731;0.00923905;0.0145202;0.0273767;0.0450707;0.0676541;0.0951337;SG3,SDG,TTS,HDG,
LT70;24261;0;0;0.00301436;0.00404042;0.00639731;0.0145202;0.0273767;0.0450707;0.0676541;SG3,SDG,TTS,HDG,
LT70;24261;0;0;0.00203321;0.00227747;0.00301436;0.00639731;0.0145202;0.0273767;0.0450707;SG3,SDG,TTS,HDG,
LT70;24261;0;0;0.003616;0.00321322;0.00257191;0.00209667;0.00196477;0.00203321;0.00301436;SG3,SDG,TTS,HDG,
K320;169967;0;0;0.00371934;0.0033121;0.00265631;0.00214847;0.00196477;0.00199442;0.00277186;GEBEITST,
K320;158672;0;0;0.00424721;0.00382354;0.00311568;0.00249087;0.00205171;0.00196477;0.00209176;GEBEITST,
K320;158672;0;0;0.00599204;0.0055524;0.004787;0.00403409;0.0033121;0.00265631;0.00196477;GEBEITST,
K320;132226;0;0;0.00676204;0.00632204;0.0055524;0.004787;0.00403409;0.0033121;0.00196477;GEBEITST,
K320;132226;0;0;0.00753204;0.00709204;0.00632204;0.0055524;0.004787;0.00403409;0.00196477;GEBEITST,
K320;158672;0;0;0.00808204;0.00764204;0.00687204;0.00610204;0.00533308;0.00456995;0.00196477;GEBEITST,
K320;132226;0;0;0.00808204;0.00764204;0.00687204;0.00610204;0.00533308;0.00456995;0.00196477;GEBEITST,
K320;132226;0;0;0.00808204;0.00764204;0.00687204;0.00610204;0.00533308;0.00456995;0.00196477;GEBEITST,
T230;23976;0;0;0.00676204;0.00632204;0.0055524;0.004787;0.00403409;0.0033121;0.00196477;GALTEC,SDG,BT2,HDG,
T230;23976;0;0;0.00753204;0.00709204;0.00632204;0.0055524;0.004787;0.00403409;0.00196477;GALTEC,SDG,BT2,HDG,
T230;47952;0;0;0.00808204;0.00764204;0.00687204;0.00610204;0.00533308;0.00456995;0.00196477;GALTEC,SDG,BT2,HDG,
T230;23976;0;0;0.00808204;0.00764204;0.00687204;0.00610204;0.00533308;0.00456995;0.00196477;GALTEC,SDG,BT2,HDG,
T230;23976;0;0;0.00808204;0.00764204;0.00687204;0.00610204;0.00533308;0.00456995;0.00196477;GALTEC,SDG,BT2,HDG,
KM50;21156;0;0;0.00292537;0.00257191;0.00209667;0.00196477;0.00203321;0.00301436;0.00639731;GEBEITST,
KM50;21156;0;0;0.00414042;0.00371934;0.00301968;0.00241314;0.0020148;0.00196477;0.00217226;GEBEITST,
KM50;21156;0;0;0.00665204;0.00621204;0.00544262;0.00467823;0.0039284;0.00321322;0.00196477;GEBEITST,
KM50;21156;0;0;0.00742204;0.00698204;0.00621204;0.00544262;0.00467823;0.0039284;0.00196477;GEBEITST,
KM50;21156;0;0;0.00808204;0.00764204;0.00687204;0.00610204;0.00533308;0.00456995;0.00196477;GEBEITST,
KN30;11732;0;0;0.00196477;0.00199442;0.00227747;0.00404042;0.00923905;0.0194514;0.0343621;SG3,SDG,TTS,HDG,
KN30;24332;0;0;0.00214847;0.00198813;0.00196477;0.00227747;0.00404042;0.00923905;0.0194514;SG3,SDG,TTS,HDG,
KN30;48664;0;0;0.00265631;0.00233967;0.00198813;0.00196477;0.00227747;0.00404042;0.00923905;SG3,SDG,TTS,HDG,
KN30;24332;0;0;0.00321322;0.00283292;0.00227048;0.0019711;0.00196477;0.00240998;0.00450773;SG3,SDG,TTS,HDG,
KN30;48664;0;0;0.00424721;0.00382354;0.00311568;0.00249087;0.00205171;0.00196477;0.00209176;SG3,SDG,TTS,HDG,
KN30;24332;0;0;0.00632204;0.00588204;0.00511421;0.00435446;0.003616;0.00292537;0.00196477;SG3,SDG,TTS,HDG,
KN30;24332;0;0;0.00709204;0.00665204;0.00588204;0.00511421;0.00435446;0.003616;0.00196477;SG3,SDG,TTS,HDG,
KN30;24332;0;0;0.00786204;0.00742204;0.00665204;0.00588204;0.00511421;0.00435446;0.00196477;SG3,SDG,TTS,HDG,
KN30;24332;0;0;0.00808204;0.00764204;0.00687204;0.00610204;0.00533308;0.00456995;0.00196477;SG3,SDG,TTS,HDG,
KN30;24332;0;0;0.00808204;0.00764204;0.00687204;0.00610204;0.00533308;0.00456995;0.00196477;SG3,SDG,TTS,HDG,
T210;20868;0;0;0.00203321;0.00227747;0.00301436;0.00639731;0.0145202;0.0273767;0.0450707;SG3,SDG,TTS,HDG,
T210;45083;0;0;0.00610204;0.00566213;0.00489585;0.00414042;0.00341243;0.00274359;0.00196477;SG3,SDG,TTS,HDG,
T210;45083;0;0;0.00808204;0.00764204;0.00687204;0.00610204;0.00533308;0.00456995;0.00196477;SG3,SDG,TTS,HDG,
T230;16612;0;0;0.00220669;0.0020148;0.00196477;0.00217226;0.00364156;0.00817559;0.0177148;GALTEC,SDG,BT2,HDG,
T230;16612;0;0;0.00720204;0.00676204;0.00599204;0.0052236;0.0044619;0.00371934;0.00196477;GALTEC,SDG,BT2,HDG,
T230;55661;0;0;0.00643204;0.00599204;0.0052236;0.0044619;0.00371934;0.00301968;0.00196477;BAF_HNX,BAF,TTS,ELG,
T230;9697;0;0;0.00654204;0.00610204;0.00533308;0.00456995;0.00382354;0.00311568;0.00196477;BAF_HNX,BAF,BT2,ELG,
LK50;24330;0;0;0.00599204;0.0055524;0.004787;0.00403409;0.0033121;0.00265631;0.00196477;GEBEITST,
TB60;12873;0;0;0.00698204;0.00654204;0.00577204;0.00500497;0.00424721;0.00351372;0.00196477;GALTEC,SDG,BT2,HDG,
K320;17914;0;0;0.00257191;0.00227048;0.0019711;0.00196477;0.00240998;0.00450773;0.0104179;GALTEC,SDG,BT2,HDG,
K320;17914;0;0;0.00698204;0.00654204;0.00577204;0.00500497;0.00424721;0.00351372;0.00196477;GALTEC,SDG,BT2,HDG,
L650;22325;0;0;0.00808204;0.00764204;0.00687204;0.00610204;0.00533308;0.00456995;0.00196477;CAPL,TTS,
T230;25349;0;0;0.00720204;0.00676204;0.00599204;0.0052236;0.0044619;0.00371934;0.00196477;BAF_HNX,BAF,TTS,ELG,
T230;50699;0;0;0.00808204;0.00764204;0.00687204;0.00610204;0.00533308;0.00456995;0.00196477;BAF_HNX,BAF,TTS,ELG,
TB50;29217;0;0;-0.18548;0.0194514;0.0273767;0.0450707;0.0676541;0.0951337;0.127512;SG3,SDG,TTS,HDG,
TB50;58434;0;0;0.00292537;0.00257191;0.00209667;0.00196477;0.00203321;0.00301436;0.00639731;SG3,SDG,TTS,HDG,
TB50;29217;0;0;0.00424721;0.00382354;0.00311568;0.00249087;0.00205171;0.00196477;0.00209176;SG3,SDG,TTS,HDG,
TB50;87651;0;0;0.00742204;0.00698204;0.00621204;0.00544262;0.00467823;0.0039284;0.00196477;SG3,SDG,TTS,HDG,
T250;25466;0;0;0.00665204;0.00621204;0.00544262;0.00467823;0.0039284;0.00321322;0.00196477;SG3,SDG,TTS,HDG,
T250;25466;0;0;0.00808204;0.00764204;0.00687204;0.00610204;0.00533308;0.00456995;0.00196477;SG3,SDG,TTS,HDG,
KM50;17579;0;0;0.00301968;0.00265631;0.00214847;0.00196477;0.00199442;0.00277186;0.00567697;GEBEITST,
KM50;31734;0;0;0.00599204;0.0055524;0.004787;0.00403409;0.0033121;0.00265631;0.00196477;GEBEITST,
KM50;15867;0;0;0.00676204;0.00632204;0.0055524;0.004787;0.00403409;0.0033121;0.00196477;GEBEITST,
KM50;31734;0;0;0.00753204;0.00709204;0.00632204;0.0055524;0.004787;0.00403409;0.00196477;GEBEITST,
KM50;31734;0;0;0.00808204;0.00764204;0.00687204;0.00610204;0.00533308;0.00456995;0.00196477;GEBEITST,
KM50;47602;0;0;0.00808204;0.00764204;0.00687204;0.00610204;0.00533308;0.00456995;0.00196477;GEBEITST,
KM30;29619;0;0;0.00414042;0.00371934;0.00301968;0.00241314;0.0020148;0.00196477;0.00217226;GEBEITST,
KM30;29619;0;0;0.00753204;0.00709204;0.00632204;0.0055524;0.004787;0.00403409;0.00196477;GEBEITST,
LK40;16925;0;0;0.00196477;0.00203321;0.00240998;0.00450773;0.0104179;0.0212855;0.0368895;GEBEITST,
LK40;16925;0;0;0.00257191;0.00227048;0.0019711;0.00196477;0.00240998;0.00450773;0.0104179;GEBEITST,
LK40;16925;0;0;0.00424721;0.00382354;0.00311568;0.00249087;0.00205171;0.00196477;0.00209176;GEBEITST,
LK40;16925;0;0;0.00775204;0.00731204;0.00654204;0.00577204;0.00500497;0.00424721;0.00196477;GEBEITST,
KM50;52891;0;0;0.00277186;0.00364156;0.00567697;0.0130556;0.0252471;0.0422437;0.0641281;GEBEITST,
KM50;52891;0;0;0.00199442;0.00217226;0.00277186;0.00567697;0.0130556;0.0252471;0.0422437;GEBEITST,
KM50;52891;0;0;0.0020148;0.00196477;0.00199442;0.00277186;0.00567697;0.0130556;0.0252471;GEBEITST,
KM50;52891;0;0;0.00301968;0.00265631;0.00214847;0.00196477;0.00199442;0.00277186;0.00567697;GEBEITST,
KM50;26445;0;0;0.00414042;0.00371934;0.00301968;0.00241314;0.0020148;0.00196477;0.00217226;GEBEITST,
KM50;26445;0;0;0.00424721;0.00382354;0.00311568;0.00249087;0.00205171;0.00196477;0.00209176;GEBEITST,
KM50;26445;0;0;0.00599204;0.0055524;0.004787;0.00403409;0.0033121;0.00265631;0.00196477;GEBEITST,
L620;19825;0;0;0.00274359;0.00241314;0.0020148;0.00196477;0.00217226;0.00364156;0.00817559;GALTEC,SDG,TTS,HDG,
L620;19825;0;0;0.00341243;0.00301968;0.00241314;0.0020148;0.00196477;0.00217226;0.00364156;GALTEC,SDG,TTS,HDG,
L620;19825;0;0;0.00424721;0.00382354;0.00311568;0.00249087;0.00205171;0.00196477;0.00209176;GALTEC,SDG,TTS,HDG,
L620;19825;0;0;0.00643204;0.00599204;0.0052236;0.0044619;0.00371934;0.00301968;0.00196477;GALTEC,SDG,TTS,HDG,
L620;19825;0;0;0.00808204;0.00764204;0.00687204;0.00610204;0.00533308;0.00456995;0.00196477;GALTEC,SDG,TTS,HDG,
L620;19825;0;0;0.00808204;0.00764204;0.00687204;0.00610204;0.00533308;0.00456995;0.00196477;GALTEC,SDG,TTS,HDG,
KM50;31734;0;0;0.0020148;0.00196477;0.00199442;0.00277186;0.00567697;0.0130556;0.0252471;GEBEITST,
KM50;31734;0;0;0.00371934;0.0033121;0.00265631;0.00214847;0.00196477;0.00199442;0.00277186;GEBEITST,
N710;72207;0;0;0.00450773;0.00639731;0.0104179;0.0212855;0.0368895;0.057376;0.082757;SG3,SDG,TTS,HDG,
N710;72207;0;0;0.00196477;0.00199442;0.00227747;0.00404042;0.00923905;0.0194514;0.0343621;SG3,SDG,TTS,HDG,
N710;72207;0;0;0.00241314;0.00214847;0.00196477;0.00199442;0.00277186;0.00567697;0.0130556;SG3,SDG,TTS,HDG,
N710;72207;0;0;0.00382354;0.00341243;0.00274359;0.00220669;0.00196477;0.00197231;0.00257305;SG3,SDG,TTS,HDG,
KM20;31734;0;0;-0.157756;0.0510236;0.0641281;0.0909081;0.122587;0.159165;0.200643;GEBEITST,
KM20;47602;0;0;-0.174753;0.031934;0.0422437;0.0641281;0.0909081;0.122587;0.159165;GEBEITST,
KM20;15867;0;0;0.0130556;0.0177148;0.0252471;0.0422437;0.0641281;0.0909081;0.122587;GEBEITST,
KM20;15867;0;0;0.00277186;0.00364156;0.00567697;0.0130556;0.0252471;0.0422437;0.0641281;GEBEITST,
KM20;15867;0;0;0.00199442;0.00217226;0.00277186;0.00567697;0.0130556;0.0252471;0.0422437;GEBEITST,
KM20;15867;0;0;0.0020148;0.00196477;0.00199442;0.00277186;0.00567697;0.0130556;0.0252471;GEBEITST,
KM20;15867;0;0;0.00241314;0.00214847;0.00196477;0.00199442;0.00277186;0.00567697;0.0130556;GEBEITST,
KM20;31734;0;0;0.00301968;0.00265631;0.00214847;0.00196477;0.00199442;0.00277186;0.00567697;GEBEITST,
KM20;31734;0;0;0.00414042;0.00371934;0.00301968;0.00241314;0.0020148;0.00196477;0.00217226;GEBEITST,
KM20;15867;0;0;0.00676204;0.00632204;0.0055524;0.004787;0.00403409;0.0033121;0.00196477;GEBEITST,
KM30;16925;0;0;0.00567697;0.00817559;0.0130556;0.0252471;0.0422437;0.0641281;0.0909081;GEBEITST,
KM30;16925;0;0;0.0020148;0.00196477;0.00199442;0.00277186;0.00567697;0.0130556;0.0252471;GEBEITST,
KM30;16925;0;0;0.00599204;0.0055524;0.004787;0.00403409;0.0033121;0.00265631;0.00196477;GEBEITST,
KM30;16925;0;0;0.00808204;0.00764204;0.00687204;0.00610204;0.00533308;0.00456995;0.00196477;GEBEITST,
K320;30677;0;0;0.00599204;0.0055524;0.004787;0.00403409;0.0033121;0.00265631;0.00196477;GEBEITST,
K320;30677;0;0;0.00753204;0.00709204;0.00632204;0.0055524;0.004787;0.00403409;0.00196477;GEBEITST,
KM30;27503;0;0;0.00241314;0.00214847;0.00196477;0.00199442;0.00277186;0.00567697;0.0130556;GEBEITST,
KM30;27503;0;0;0.00676204;0.00632204;0.0055524;0.004787;0.00403409;0.0033121;0.00196477;GEBEITST,
LT70;27855;0;0;0.00301968;0.00265631;0.00214847;0.00196477;0.00199442;0.00277186;0.00567697;SG3,SDG,TTS,HDG,
LT70;13927;0;0;0.0039284;0.00351372;0.00283292;0.00227048;0.0019711;0.00196477;0.00240998;SG3,SDG,TTS,HDG,
LT70;13927;0;0;0.00424721;0.00382354;0.00311568;0.00249087;0.00205171;0.00196477;0.00209176;SG3,SDG,TTS,HDG,
LT70;13927;0;0;0.00676204;0.00632204;0.0055524;0.004787;0.00403409;0.0033121;0.00196477;SG3,SDG,TTS,HDG,
LT70;27855;0;0;0.00753204;0.00709204;0.00632204;0.0055524;0.004787;0.00403409;0.00196477;SG3,SDG,TTS,HDG,
LT70;13927;0;0;0.00808204;0.00764204;0.00687204;0.00610204;0.00533308;0.00456995;0.00196477;SG3,SDG,TTS,HDG,
K320;344193;0;0;0.00567697;0.00817559;0.0130556;0.0252471;0.0422437;0.0641281;0.0909081;GEBEITST,
K320;126937;0;0;0.00277186;0.00364156;0.00567697;0.0130556;0.0252471;0.0422437;0.0641281;GEBEITST,
K320;393506;0;0;0.00199442;0.00217226;0.00277186;0.00567697;0.0130556;0.0252471;0.0422437;GEBEITST,
K320;215794;0;0;0.00241314;0.00214847;0.00196477;0.00199442;0.00277186;0.00567697;0.0130556;GEBEITST,
K320;152325;0;0;0.00301968;0.00265631;0.00214847;0.00196477;0.00199442;0.00277186;0.00567697;GEBEITST,
K320;380812;0;0;0.00371934;0.0033121;0.00265631;0.00214847;0.00196477;0.00199442;0.00277186;GEBEITST,
K320;152325;0;0;0.00424721;0.00382354;0.00311568;0.00249087;0.00205171;0.00196477;0.00209176;GEBEITST,
K320;215794;0;0;0.00599204;0.0055524;0.004787;0.00403409;0.0033121;0.00265631;0.00196477;GEBEITST,
K320;203100;0;0;0.00676204;0.00632204;0.0055524;0.004787;0.00403409;0.0033121;0.00196477;GEBEITST,
K320;342731;0;0;0.00753204;0.00709204;0.00632204;0.0055524;0.004787;0.00403409;0.00196477;GEBEITST,
K320;266569;0;0;0.00808204;0.00764204;0.00687204;0.00610204;0.00533308;0.00456995;0.00196477;GEBEITST,
K320;355425;0;0;0.00808204;0.00764204;0.00687204;0.00610204;0.00533308;0.00456995;0.00196477;GEBEITST,
K320;203100;0;0;0.00808204;0.00764204;0.00687204;0.00610204;0.00533308;0.00456995;0.00196477;GEBEITST,
T230;57468;0;0;0.00240998;0.00301436;0.00450773;0.0104179;0.0212855;0.0368895;0.057376;CAPL,TTS,ELG,
T230;83723;0;0;0.00196477;0.00199442;0.00227747;0.00404042;0.00923905;0.0194514;0.0343621;CAPL,TTS,ELG,
T230;83723;0;0;0.00214847;0.00198813;0.00196477;0.00227747;0.00404042;0.00923905;0.0194514;CAPL,TTS,ELG,
T230;83723;0;0;0.00265631;0.00233967;0.00198813;0.00196477;0.00227747;0.00404042;0.00923905;CAPL,TTS,ELG,
T230;83723;0;0;0.0033121;0.00292537;0.00233967;0.00198813;0.00196477;0.00227747;0.00404042;CAPL,TTS,ELG,
T230;83723;0;0;0.0039284;0.00351372;0.00283292;0.00227048;0.0019711;0.00196477;0.00240998;CAPL,TTS,ELG,
T230;83723;0;0;0.0039284;0.00351372;0.00283292;0.00227048;0.0019711;0.00196477;0.00240998;CAPL,TTS,ELG,
KK50;19281;0;0;0.00414042;0.00371934;0.00301968;0.00241314;0.0020148;0.00196477;0.00217226;GEBEITST,
KK50;19281;0;0;0.00742204;0.00698204;0.00621204;0.00544262;0.00467823;0.0039284;0.00196477;GEBEITST,
KK50;19337;0;0;0.00414042;0.00371934;0.00301968;0.00241314;0.0020148;0.00196477;0.00217226;GEBEITST,
T230;12842;0;0;0.0039284;0.00351372;0.00283292;0.00227048;0.0019711;0.00196477;0.00240998;BAF_HNX,BAF,TTS,ELG,
T230;250020;0;0;0.0039284;0.00351372;0.00283292;0.00227048;0.0019711;0.00196477;0.00240998;BAF_HNX,BAF,TTS,ELG,
T230;218767;0;0;0.00424721;0.00382354;0.00311568;0.00249087;0.00205171;0.00196477;0.00209176;BAF_HNX,BAF,TTS,ELG,
T230;218767;0;0;0.00643204;0.00599204;0.0052236;0.0044619;0.00371934;0.00301968;0.00196477;BAF_HNX,BAF,TTS,ELG,
LK70;32078;0;0;0.00382354;0.00341243;0.00274359;0.00220669;0.00196477;0.00197231;0.00257305;SG3,SDG,TTS,HDG,
LK70;16039;0;0;0.00687204;0.00643204;0.00566213;0.00489585;0.00414042;0.00341243;0.00196477;SG3,SDG,TTS,HDG,
KK50;21485;0;0;0.00301436;0.00404042;0.00639731;0.0145202;0.0273767;0.0450707;0.0676541;GEBEITST,
KK50;21485;0;0;0.00808204;0.00764204;0.00687204;0.00610204;0.00533308;0.00456995;0.00196477;GEBEITST,
LT70;22347;0;0;0.0039284;0.00351372;0.00283292;0.00227048;0.0019711;0.00196477;0.00240998;SG3,SDG,TTS,HDG,
LT70;22347;0;0;0.00720204;0.00676204;0.00599204;0.0052236;0.0044619;0.00371934;0.00196477;SG3,SDG,TTS,HDG,
KM50;24330;0;0;0.00665204;0.00621204;0.00544262;0.00467823;0.0039284;0.00321322;0.00196477;GEBEITST,
K710;73138;0;0;0.00709204;0.00665204;0.00588204;0.00511421;0.00435446;0.003616;0.00196477;CAPL,TTS,
KM50;5139;0;0;0.00205171;0.00196477;0.00197231;0.00257305;0.0050491;0.0116869;0.023217;GEBEITST,
KM50;11636;0;0;0.00424721;0.00382354;0.00311568;0.00249087;0.00205171;0.00196477;0.00209176;GEBEITST,
KM50;11636;0;0;0.00687204;0.00643204;0.00566213;0.00489585;0.00414042;0.00341243;0.00196477;GEBEITST,
KM50;11636;0;0;0.00808204;0.00764204;0.00687204;0.00610204;0.00533308;0.00456995;0.00196477;GEBEITST,
T220;9926;0;0;0.00424721;0.00382354;0.00311568;0.00249087;0.00205171;0.00196477;0.00209176;BAF_HNX,BAF,TTS,ELG,
L630;32522;0;0;0.00424721;0.00382354;0.00311568;0.00249087;0.00205171;0.00196477;0.00209176;SG3,SDG,TTS,HDG,
L630;20481;0;0;0.00588204;0.00544262;0.00467823;0.0039284;0.00321322;0.00257191;0.00196477;SG3,SDG,TTS,HDG,
L630;20481;0;0;0.00665204;0.00621204;0.00544262;0.00467823;0.0039284;0.00321322;0.00196477;SG3,SDG,TTS,HDG,
L630;20481;0;0;0.00742204;0.00698204;0.00621204;0.00544262;0.00467823;0.0039284;0.00196477;SG3,SDG,TTS,HDG,
L630;20481;0;0;0.00808204;0.00764204;0.00687204;0.00610204;0.00533308;0.00456995;0.00196477;SG3,SDG,TTS,HDG,
L630;20481;0;0;0.00424721;0.00382354;0.00311568;0.00249087;0.00205171;0.00196477;0.00209176;SG3,SDG,TTS,HDG,
KM40;25387;0;0;0.0130556;0.0177148;0.0252471;0.0422437;0.0641281;0.0909081;0.122587;GEBEITST,
KM40;25387;0;0;0.00199442;0.00217226;0.00277186;0.00567697;0.0130556;0.0252471;0.0422437;GEBEITST,
TB60;26022;0;0;0.00196477;0.00199442;0.00227747;0.00404042;0.00923905;0.0194514;0.0343621;SG3,SDG,TTS,HDG,
TB60;71283;0;0;0.00227048;0.00205171;0.00196477;0.00209176;0.00330309;0.00722707;0.0160717;SG3,SDG,TTS,HDG,
TB60;47521;0;0;0.00283292;0.00249087;0.00205171;0.00196477;0.00209176;0.00330309;0.00722707;SG3,SDG,TTS,HDG,
TB60;47521;0;0;0.00351372;0.00311568;0.00249087;0.00205171;0.00196477;0.00209176;0.00330309;SG3,SDG,TTS,HDG,
KM50;25119;0;0;0.00257191;0.00227048;0.0019711;0.00196477;0.00240998;0.00450773;0.0104179;GEBEITST,
KM50;97319;0;0;0.00311568;0.00274359;0.00220669;0.00196477;0.00197231;0.00257305;0.0050491;GEBEITST,
KM50;48659;0;0;0.0039284;0.00351372;0.00283292;0.00227048;0.0019711;0.00196477;0.00240998;GEBEITST,
KM50;97319;0;0;0.00414042;0.00371934;0.00301968;0.00241314;0.0020148;0.00196477;0.00217226;GEBEITST,
KM50;48659;0;0;0.00424721;0.00382354;0.00311568;0.00249087;0.00205171;0.00196477;0.00209176;GEBEITST,
KM50;48659;0;0;0.00621204;0.00577204;0.00500497;0.00424721;0.00351372;0.00283292;0.00196477;GEBEITST,
KM50;97319;0;0;0.00698204;0.00654204;0.00577204;0.00500497;0.00424721;0.00351372;0.00196477;GEBEITST,
KM50;24330;0;0;0.00775204;0.00731204;0.00654204;0.00577204;0.00500497;0.00424721;0.00196477;GEBEITST,
KM50;97319;0;0;0.00808204;0.00764204;0.00687204;0.00610204;0.00533308;0.00456995;0.00196477;GEBEITST,
KM50;48659;0;0;0.00808204;0.00764204;0.00687204;0.00610204;0.00533308;0.00456995;0.00196477;GEBEITST,
KM50;48659;0;0;0.00808204;0.00764204;0.00687204;0.00610204;0.00533308;0.00456995;0.00196477;GEBEITST,
K110;23828;0;0;0.00341243;0.00301968;0.00241314;0.0020148;0.00196477;0.00217226;0.00364156;CAPL,TTS,ELG,
K110;57771;0;0;0.0039284;0.00351372;0.00283292;0.00227048;0.0019711;0.00196477;0.00240998;CAPL,TTS,ELG,
K110;57771;0;0;0.0039284;0.00351372;0.00283292;0.00227048;0.0019711;0.00196477;0.00240998;CAPL,TTS,ELG,
K110;57771;0;0;0.00424721;0.00382354;0.00311568;0.00249087;0.00205171;0.00196477;0.00209176;CAPL,TTS,ELG,
K110;57771;0;0;0.00643204;0.00599204;0.0052236;0.0044619;0.00371934;0.00301968;0.00196477;CAPL,TTS,ELG,
K110;57771;0;0;0.00720204;0.00676204;0.00599204;0.0052236;0.0044619;0.00371934;0.00196477;CAPL,TTS,ELG,
T250;36899;0;0;0.00450773;0.00639731;0.0104179;0.0212855;0.0368895;0.057376;0.082757;SG3,SDG,TTS,HDG,
T250;21569;0;0;0.00203321;0.00227747;0.00301436;0.00639731;0.0145202;0.0273767;0.0450707;SG3,SDG,TTS,HDG,
T250;21569;0;0;0.00196477;0.00199442;0.00227747;0.00404042;0.00923905;0.0194514;0.0343621;SG3,SDG,TTS,HDG,
T250;21569;0;0;0.003616;0.00321322;0.00257191;0.00209667;0.00196477;0.00203321;0.00301436;SG3,SDG,TTS,HDG,
T250;21569;0;0;0.0039284;0.00351372;0.00283292;0.00227048;0.0019711;0.00196477;0.00240998;SG3,SDG,TTS,HDG,
T250;43138;0;0;0.00424721;0.00382354;0.00311568;0.00249087;0.00205171;0.00196477;0.00209176;SG3,SDG,TTS,HDG,
T250;43138;0;0;0.00588204;0.00544262;0.00467823;0.0039284;0.00321322;0.00257191;0.00196477;SG3,SDG,TTS,HDG,
T250;43138;0;0;0.00665204;0.00621204;0.00544262;0.00467823;0.0039284;0.00321322;0.00196477;SG3,SDG,TTS,HDG,
T250;43138;0;0;0.00742204;0.00698204;0.00621204;0.00544262;0.00467823;0.0039284;0.00196477;SG3,SDG,TTS,HDG,
T250;43138;0;0;0.00808204;0.00764204;0.00687204;0.00610204;0.00533308;0.00456995;0.00196477;SG3,SDG,TTS,HDG,
T250;18857;0;0;0.00203321;0.00227747;0.00301436;0.00639731;0.0145202;0.0273767;0.0450707;SG3,SDG,TTS,HDG,
T250;18857;0;0;0.003616;0.00321322;0.00257191;0.00209667;0.00196477;0.00203321;0.00301436;SG3,SDG,TTS,HDG,
T250;18857;0;0;0.00424721;0.00382354;0.00311568;0.00249087;0.00205171;0.00196477;0.00209176;SG3,SDG,TTS,HDG,
T250;18857;0;0;0.00588204;0.00544262;0.00467823;0.0039284;0.00321322;0.00257191;0.00196477;SG3,SDG,TTS,HDG,
T250;18857;0;0;0.00665204;0.00621204;0.00544262;0.00467823;0.0039284;0.00321322;0.00196477;SG3,SDG,TTS,HDG,
T250;18857;0;0;0.00808204;0.00764204;0.00687204;0.00610204;0.00533308;0.00456995;0.00196477;SG3,SDG,TTS,HDG,
T250;18857;0;0;0.00808204;0.00764204;0.00687204;0.00610204;0.00533308;0.00456995;0.00196477;SG3,SDG,TTS,HDG,
T250;18875;0;0;0.00639731;0.00923905;0.0145202;0.0273767;0.0450707;0.0676541;0.0951337;SG3,SDG,TTS,HDG,
T250;18875;0;0;0.00198813;0.00196477;0.00203321;0.00301436;0.00639731;0.0145202;0.0273767;SG3,SDG,TTS,HDG,
T250;18875;0;0;0.0039284;0.00351372;0.00283292;0.00227048;0.0019711;0.00196477;0.00240998;SG3,SDG,TTS,HDG,
T250;18875;0;0;0.00588204;0.00544262;0.00467823;0.0039284;0.00321322;0.00257191;0.00196477;SG3,SDG,TTS,HDG,
T250;18875;0;0;0.00742204;0.00698204;0.00621204;0.00544262;0.00467823;0.0039284;0.00196477;SG3,SDG,TTS,HDG,
T250;18875;0;0;0.00808204;0.00764204;0.00687204;0.00610204;0.00533308;0.00456995;0.00196477;SG3,SDG,TTS,HDG,
K320;23272;0;0;0.00599204;0.0055524;0.004787;0.00403409;0.0033121;0.00265631;0.00196477;GEBEITST,
T250;24744;0;0;0.00277186;0.00364156;0.00567697;0.0130556;0.0252471;0.0422437;0.0641281;SG3,SDG,TTS,HDG,
T250;24744;0;0;0.00301968;0.00265631;0.00214847;0.00196477;0.00199442;0.00277186;0.00567697;SG3,SDG,TTS,HDG,
T250;24744;0;0;0.00676204;0.00632204;0.0055524;0.004787;0.00403409;0.0033121;0.00196477;SG3,SDG,TTS,HDG,
LK40;7680;0;0;0.00371934;0.0033121;0.00265631;0.00214847;0.00196477;0.00199442;0.00277186;GEBEITST,
LK40;24330;0;0;0.00676204;0.00632204;0.0055524;0.004787;0.00403409;0.0033121;0.00196477;GEBEITST,
LK40;24330;0;0;0.00753204;0.00709204;0.00632204;0.0055524;0.004787;0.00403409;0.00196477;GEBEITST,
LK70;17198;0;0;0.0039284;0.00351372;0.00283292;0.00227048;0.0019711;0.00196477;0.00240998;SG3,SDG,TTS,HDG,
KM50;112804;0;0;0.00265631;0.00233967;0.00198813;0.00196477;0.00227747;0.00404042;0.00923905;GEBEITST,
LK70;26777;0;0;0.00257191;0.00227048;0.0019711;0.00196477;0.00240998;0.00450773;0.0104179;SG3,SDG,TTS,HDG,
LK70;26737;0;0;0.00321322;0.00283292;0.00227048;0.0019711;0.00196477;0.00240998;0.00450773;SG3,SDG,TTS,HDG,
LK70;80213;0;0;0.0039284;0.00351372;0.00283292;0.00227048;0.0019711;0.00196477;0.00240998;SG3,SDG,TTS,HDG,
LK70;26737;0;0;0.00424721;0.00382354;0.00311568;0.00249087;0.00205171;0.00196477;0.00209176;SG3,SDG,TTS,HDG,
LK70;26737;0;0;0.00621204;0.00577204;0.00500497;0.00424721;0.00351372;0.00283292;0.00196477;SG3,SDG,TTS,HDG,
LK70;26737;0;0;0.00698204;0.00654204;0.00577204;0.00500497;0.00424721;0.00351372;0.00196477;SG3,SDG,TTS,HDG,
LK70;26737;0;0;0.00764204;0.00720204;0.00643204;0.00566213;0.00489585;0.00414042;0.00196477;SG3,SDG,TTS,HDG,
LK70;26737;0;0;0.00808204;0.00764204;0.00687204;0.00610204;0.00533308;0.00456995;0.00196477;SG3,SDG,TTS,HDG,
LK70;26737;0;0;0.00808204;0.00764204;0.00687204;0.00610204;0.00533308;0.00456995;0.00196477;SG3,SDG,TTS,HDG,
LK70;26737;0;0;0.00808204;0.00764204;0.00687204;0.00610204;0.00533308;0.00456995;0.00196477;SG3,SDG,TTS,HDG,
L760;29709;0;0;0.00424721;0.00382354;0.00311568;0.00249087;0.00205171;0.00196477;0.00209176;CAPL,TTS,
T230;57131;0;0;0.00241314;0.00214847;0.00196477;0.00199442;0.00277186;0.00567697;0.0130556;BAF_HNX,BAF,TTS,ELG,
T230;69136;0;0;0.00311568;0.00274359;0.00220669;0.00196477;0.00197231;0.00257305;0.0050491;BAF_HNX,BAF,TTS,ELG,
T230;69136;0;0;0.00382354;0.00341243;0.00274359;0.00220669;0.00196477;0.00197231;0.00257305;BAF_HNX,BAF,TTS,ELG,
T230;69136;0;0;0.0039284;0.00351372;0.00283292;0.00227048;0.0019711;0.00196477;0.00240998;BAF_HNX,BAF,TTS,ELG,
T230;103704;0;0;0.00424721;0.00382354;0.00311568;0.00249087;0.00205171;0.00196477;0.00209176;BAF_HNX,BAF,TTS,ELG,
T230;69136;0;0;0.00610204;0.00566213;0.00489585;0.00414042;0.00341243;0.00274359;0.00196477;BAF_HNX,BAF,TTS,ELG,
KM60;31734;0;0;0.00676204;0.00632204;0.0055524;0.004787;0.00403409;0.0033121;0.00196477;GEBEITST,
KM50;51367;0;0;0.00265631;0.00233967;0.00198813;0.00196477;0.00227747;0.00404042;0.00923905;GEBEITST,
KM40;47602;0;0;0.00199442;0.00217226;0.00277186;0.00567697;0.0130556;0.0252471;0.0422437;GEBEITST,
KM40;79336;0;0;0.00371934;0.0033121;0.00265631;0.00214847;0.00196477;0.00199442;0.00277186;GEBEITST,
KN20;22325;0;0;0.00424721;0.00382354;0.00311568;0.00249087;0.00205171;0.00196477;0.00209176;CAPL,BT2,
T230;18610;0;0;0.00720204;0.00676204;0.00599204;0.0052236;0.0044619;0.00371934;0.00196477;BAF_HNX,BAF,TTS,ELG,
KT20;5768;0;0;0.00424721;0.00382354;0.00311568;0.00249087;0.00205171;0.00196477;0.00209176;GEBEITST,
KT20;28332;0;0;0.00808204;0.00764204;0.00687204;0.00610204;0.00533308;0.00456995;0.00196477;GEBEITST,
KT20;3294;0;0;0.00414042;0.00371934;0.00301968;0.00241314;0.0020148;0.00196477;0.00217226;GEBEITST,
KT20;14086;0;0;0.00808204;0.00764204;0.00687204;0.00610204;0.00533308;0.00456995;0.00196477;GEBEITST,
L650;21241;0;0;0.00588204;0.00544262;0.00467823;0.0039284;0.00321322;0.00257191;0.00196477;CAPL,TTS,
L650;97613;0;0;0.00786204;0.00742204;0.00665204;0.00588204;0.00511421;0.00435446;0.00196477;CAPL,TTS,
K710;23365;0;0;0.00808204;0.00764204;0.00687204;0.00610204;0.00533308;0.00456995;0.00196477;CAPL,BT2,
T250;37043;0;0;0.00227048;0.00205171;0.00196477;0.00209176;0.00330309;0.00722707;0.0160717;SG3,SDG,TTS,HDG,
T250;48854;0;0;0.00292537;0.00257191;0.00209667;0.00196477;0.00203321;0.00301436;0.00639731;SG3,SDG,TTS,HDG,
T250;24427;0;0;0.0039284;0.00351372;0.00283292;0.00227048;0.0019711;0.00196477;0.00240998;SG3,SDG,TTS,HDG,
T250;48854;0;0;0.00424721;0.00382354;0.00311568;0.00249087;0.00205171;0.00196477;0.00209176;SG3,SDG,TTS,HDG,
T250;48854;0;0;0.00665204;0.00621204;0.00544262;0.00467823;0.0039284;0.00321322;0.00196477;SG3,SDG,TTS,HDG,
T250;24427;0;0;0.00742204;0.00698204;0.00621204;0.00544262;0.00467823;0.0039284;0.00196477;SG3,SDG,TTS,HDG,
T250;24427;0;0;0.00808204;0.00764204;0.00687204;0.00610204;0.00533308;0.00456995;0.00196477;SG3,SDG,TTS,HDG,
T250;48854;0;0;0.00808204;0.00764204;0.00687204;0.00610204;0.00533308;0.00456995;0.00196477;SG3,SDG,TTS,HDG,
KM80;25980;0;0;0.00722707;0.0104179;0.0160717;0.0296055;0.0479972;0.0712798;0.0994592;GEBEITST,
KM80;43299;0;0;0.00450773;0.00639731;0.0104179;0.0212855;0.0368895;0.057376;0.082757;GEBEITST,
KM80;51959;0;0;0.00265631;0.00233967;0.00198813;0.00196477;0.00227747;0.00404042;0.00923905;GEBEITST,
KM80;51959;0;0;0.00610204;0.00566213;0.00489585;0.00414042;0.00341243;0.00274359;0.00196477;GEBEITST,
KM40;53202;0;0;0.00199442;0.00217226;0.00277186;0.00567697;0.0130556;0.0252471;0.0422437;GEBEITST,
KM40;105781;0;0;0.00371934;0.0033121;0.00265631;0.00214847;0.00196477;0.00199442;0.00277186;GEBEITST,
KM40;105781;0;0;0.00753204;0.00709204;0.00632204;0.0055524;0.004787;0.00403409;0.00196477;GEBEITST,
T230;29081;0;0;0.00424721;0.00382354;0.00311568;0.00249087;0.00205171;0.00196477;0.00209176;SG3,SDG,TTS,HDG,
T230;29081;0;0;0.00797204;0.00753204;0.00676204;0.00599204;0.0052236;0.0044619;0.00196477;SG3,SDG,TTS,HDG,
T230;29081;0;0;0.00808204;0.00764204;0.00687204;0.00610204;0.00533308;0.00456995;0.00196477;SG3,SDG,TTS,HDG,
KM40;93087;0;0;0.00371934;0.0033121;0.00265631;0.00214847;0.00196477;0.00199442;0.00277186;GEBEITST,
T230;16745;0;0;0.00742204;0.00698204;0.00621204;0.00544262;0.00467823;0.0039284;0.00196477;SG3,SDG,TTS,HDG,
T230;16745;0;0;0.00808204;0.00764204;0.00687204;0.00610204;0.00533308;0.00456995;0.00196477;SG3,SDG,TTS,HDG,
T230;16745;0;0;0.00808204;0.00764204;0.00687204;0.00610204;0.00533308;0.00456995;0.00196477;SG3,SDG,TTS,HDG,
TB30;7500;0;0;0.0039284;0.00351372;0.00283292;0.00227048;0.0019711;0.00196477;0.00240998;CAPL,TTS,
TB30;26525;0;0;0.00424721;0.00382354;0.00311568;0.00249087;0.00205171;0.00196477;0.00209176;CAPL,TTS,
TB30;53051;0;0;0.00424721;0.00382354;0.00311568;0.00249087;0.00205171;0.00196477;0.00209176;CAPL,TTS,
TB30;53051;0;0;0.00654204;0.00610204;0.00533308;0.00456995;0.00382354;0.00311568;0.00196477;CAPL,TTS,
TB30;26525;0;0;0.00731204;0.00687204;0.00610204;0.00533308;0.00456995;0.00382354;0.00196477;CAPL,TTS,
TB30;53051;0;0;0.00808204;0.00764204;0.00687204;0.00610204;0.00533308;0.00456995;0.00196477;CAPL,TTS,
TB30;26525;0;0;0.00808204;0.00764204;0.00687204;0.00610204;0.00533308;0.00456995;0.00196477;CAPL,TTS,
TB30;26525;0;0;0.00808204;0.00764204;0.00687204;0.00610204;0.00533308;0.00456995;0.00196477;CAPL,TTS,
L620;34656;0;0;0.00292537;0.00257191;0.00209667;0.00196477;0.00203321;0.00301436;0.00639731;GALTEC,SDG,TTS,HDG,
L620;135156;0;0;0.003616;0.00321322;0.00257191;0.00209667;0.00196477;0.00203321;0.00301436;GALTEC,SDG,TTS,HDG,
L620;115848;0;0;0.0039284;0.00351372;0.00283292;0.00227048;0.0019711;0.00196477;0.00240998;GALTEC,SDG,TTS,HDG,
L620;135156;0;0;0.00424721;0.00382354;0.00311568;0.00249087;0.00205171;0.00196477;0.00209176;GALTEC,SDG,TTS,HDG,
L620;135156;0;0;0.00588204;0.00544262;0.00467823;0.0039284;0.00321322;0.00257191;0.00196477;GALTEC,SDG,TTS,HDG,
L620;96539;0;0;0.00665204;0.00621204;0.00544262;0.00467823;0.0039284;0.00321322;0.00196477;GALTEC,SDG,TTS,HDG,
L620;115848;0;0;0.00742204;0.00698204;0.00621204;0.00544262;0.00467823;0.0039284;0.00196477;GALTEC,SDG,TTS,HDG,
L620;135156;0;0;0.00808204;0.00764204;0.00687204;0.00610204;0.00533308;0.00456995;0.00196477;GALTEC,SDG,TTS,HDG,
L620;115848;0;0;0.00808204;0.00764204;0.00687204;0.00610204;0.00533308;0.00456995;0.00196477;GALTEC,SDG,TTS,HDG,
L620;135156;0;0;0.00808204;0.00764204;0.00687204;0.00610204;0.00533308;0.00456995;0.00196477;GALTEC,SDG,TTS,HDG,
L620;135156;0;0;0.00808204;0.00764204;0.00687204;0.00610204;0.00533308;0.00456995;0.00196477;GALTEC,SDG,TTS,HDG,
L620;115848;0;0;0.00808204;0.00764204;0.00687204;0.00610204;0.00533308;0.00456995;0.00196477;GALTEC,SDG,TTS,HDG,
L620;135156;0;0;0.00808204;0.00764204;0.00687204;0.00610204;0.00533308;0.00456995;0.00196477;GALTEC,SDG,TTS,HDG,
L620;115848;0;0;0.00808204;0.00764204;0.00687204;0.00610204;0.00533308;0.00456995;0.00196477;GALTEC,SDG,TTS,HDG,
KM30;24330;0;0;0.00277186;0.00364156;0.00567697;0.0130556;0.0252471;0.0422437;0.0641281;GEBEITST,
KM30;24330;0;0;0.00241314;0.00214847;0.00196477;0.00199442;0.00277186;0.00567697;0.0130556;GEBEITST,
KM30;24330;0;0;0.00599204;0.0055524;0.004787;0.00403409;0.0033121;0.00265631;0.00196477;GEBEITST,
KM30;24330;0;0;0.00808204;0.00764204;0.00687204;0.00610204;0.00533308;0.00456995;0.00196477;GEBEITST,
TB60;19865;0;0;0.00720204;0.00676204;0.00599204;0.0052236;0.0044619;0.00371934;0.00196477;SG3,SDG,TTS,HDG,
TB60;19865;0;0;0.00797204;0.00753204;0.00676204;0.00599204;0.0052236;0.0044619;0.00196477;SG3,SDG,TTS,HDG,
L620;16058;0;0;0.003616;0.00321322;0.00257191;0.00209667;0.00196477;0.00203321;0.00301436;GALTEC,SDG,BT2,HDG,
L620;16058;0;0;0.00371934;0.0033121;0.00265631;0.00214847;0.00196477;0.00199442;0.00277186;GALTEC,SDG,BT2,HDG,
L620;16058;0;0;0.00424721;0.00382354;0.00311568;0.00249087;0.00205171;0.00196477;0.00209176;GALTEC,SDG,BT2,HDG,
L620;16058;0;0;0.00424721;0.00382354;0.00311568;0.00249087;0.00205171;0.00196477;0.00209176;GALTEC,SDG,BT2,HDG,
L620;16058;0;0;0.00424721;0.00382354;0.00311568;0.00249087;0.00205171;0.00196477;0.00209176;GALTEC,SDG,BT2,HDG,
L620;16058;0;0;0.00588204;0.00544262;0.00467823;0.0039284;0.00321322;0.00257191;0.00196477;GALTEC,SDG,BT2,HDG,
L620;16058;0;0;0.00599204;0.0055524;0.004787;0.00403409;0.0033121;0.00265631;0.00196477;GALTEC,SDG,BT2,HDG,
L620;16058;0;0;0.00665204;0.00621204;0.00544262;0.00467823;0.0039284;0.00321322;0.00196477;GALTEC,SDG,BT2,HDG,
L620;16058;0;0;0.00676204;0.00632204;0.0055524;0.004787;0.00403409;0.0033121;0.00196477;GALTEC,SDG,BT2,HDG,
L620;16058;0;0;0.00742204;0.00698204;0.00621204;0.00544262;0.00467823;0.0039284;0.00196477;GALTEC,SDG,BT2,HDG,
L620;16058;0;0;0.00808204;0.00764204;0.00687204;0.00610204;0.00533308;0.00456995;0.00196477;GALTEC,SDG,BT2,HDG,
L620;16058;0;0;0.00808204;0.00764204;0.00687204;0.00610204;0.00533308;0.00456995;0.00196477;GALTEC,SDG,BT2,HDG,
L620;16058;0;0;0.00808204;0.00764204;0.00687204;0.00610204;0.00533308;0.00456995;0.00196477;GALTEC,SDG,BT2,HDG,
L620;16058;0;0;0.00808204;0.00764204;0.00687204;0.00610204;0.00533308;0.00456995;0.00196477;GALTEC,SDG,BT2,HDG,
L620;20244;0;0;0.003616;0.00321322;0.00257191;0.00209667;0.00196477;0.00203321;0.00301436;GALTEC,SDG,TTS,HDG,
L620;24522;0;0;0.0039284;0.00351372;0.00283292;0.00227048;0.0019711;0.00196477;0.00240998;GALTEC,SDG,TTS,HDG,
L620;49044;0;0;0.00588204;0.00544262;0.00467823;0.0039284;0.00321322;0.00257191;0.00196477;GALTEC,SDG,TTS,HDG,
L620;24522;0;0;0.00764204;0.00720204;0.00643204;0.00566213;0.00489585;0.00414042;0.00196477;GALTEC,SDG,TTS,HDG,
L620;24522;0;0;0.00808204;0.00764204;0.00687204;0.00610204;0.00533308;0.00456995;0.00196477;GALTEC,SDG,TTS,HDG,
L620;49044;0;0;0.00808204;0.00764204;0.00687204;0.00610204;0.00533308;0.00456995;0.00196477;GALTEC,SDG,TTS,HDG,
TB60;19806;0;0;0.00742204;0.00698204;0.00621204;0.00544262;0.00467823;0.0039284;0.00196477;SG3,SDG,TTS,HDG,
L620;23229;0;0;0.00321322;0.00283292;0.00227048;0.0019711;0.00196477;0.00240998;0.00450773;GALTEC,SDG,BT2,HDG,
L620;23229;0;0;0.00621204;0.00577204;0.00500497;0.00424721;0.00351372;0.00283292;0.00196477;GALTEC,SDG,BT2,HDG,
L620;17950;0;0;0.00196477;0.00203321;0.00240998;0.00450773;0.0104179;0.0212855;0.0368895;GALTEC,SDG,BT2,HDG,
L620;17950;0;0;0.00257191;0.00227048;0.0019711;0.00196477;0.00240998;0.00450773;0.0104179;GALTEC,SDG,BT2,HDG,
L620;35899;0;0;0.00321322;0.00283292;0.00227048;0.0019711;0.00196477;0.00240998;0.00450773;GALTEC,SDG,BT2,HDG,
L620;17950;0;0;0.0039284;0.00351372;0.00283292;0.00227048;0.0019711;0.00196477;0.00240998;GALTEC,SDG,BT2,HDG,
L620;35899;0;0;0.00775204;0.00731204;0.00654204;0.00577204;0.00500497;0.00424721;0.00196477;GALTEC,SDG,BT2,HDG,
TB60;30034;0;0;0.00198813;0.00196477;0.00203321;0.00301436;0.00639731;0.0145202;0.0273767;SG3,SDG,TTS,HDG,
TB60;24047;0;0;0.00227048;0.00205171;0.00196477;0.00209176;0.00330309;0.00722707;0.0160717;SG3,SDG,TTS,HDG,
TB60;24047;0;0;0.003616;0.00321322;0.00257191;0.00209667;0.00196477;0.00203321;0.00301436;SG3,SDG,TTS,HDG,
TB60;24047;0;0;0.00588204;0.00544262;0.00467823;0.0039284;0.00321322;0.00257191;0.00196477;SG3,SDG,TTS,HDG,
TB60;24047;0;0;0.00665204;0.00621204;0.00544262;0.00467823;0.0039284;0.00321322;0.00196477;SG3,SDG,TTS,HDG,
TB60;24047;0;0;0.00742204;0.00698204;0.00621204;0.00544262;0.00467823;0.0039284;0.00196477;SG3,SDG,TTS,HDG,
TB60;24047;0;0;0.00808204;0.00764204;0.00687204;0.00610204;0.00533308;0.00456995;0.00196477;SG3,SDG,TTS,HDG,
TB60;24047;0;0;0.00808204;0.00764204;0.00687204;0.00610204;0.00533308;0.00456995;0.00196477;SG3,SDG,TTS,HDG,
KM80;8359;0;0;0.0177148;0.023217;0.031934;0.0510236;0.0750055;0.103885;0.137663;GEBEITST,
KM80;20009;0;0;0.00240998;0.00301436;0.00450773;0.0104179;0.0212855;0.0368895;0.057376;GEBEITST,
KM80;20009;0;0;0.00196477;0.00197231;0.00217226;0.00364156;0.00817559;0.0177148;0.031934;GEBEITST,
T230;55549;0;0;0.00321322;0.00283292;0.00227048;0.0019711;0.00196477;0.00240998;0.00450773;SG3,SDG,TTS,HDG,
T230;83252;0;0;0.00424721;0.00382354;0.00311568;0.00249087;0.00205171;0.00196477;0.00209176;SG3,SDG,TTS,HDG,
T230;55501;0;0;0.00698204;0.00654204;0.00577204;0.00500497;0.00424721;0.00351372;0.00196477;SG3,SDG,TTS,HDG,
T230;83252;0;0;0.00808204;0.00764204;0.00687204;0.00610204;0.00533308;0.00456995;0.00196477;SG3,SDG,TTS,HDG,
T230;83252;0;0;0.00808204;0.00764204;0.00687204;0.00610204;0.00533308;0.00456995;0.00196477;SG3,SDG,TTS,HDG,
KM20;26445;0;0;0.00241314;0.00214847;0.00196477;0.00199442;0.00277186;0.00567697;0.0130556;GEBEITST,
KM20;26445;0;0;0.00414042;0.00371934;0.00301968;0.00241314;0.0020148;0.00196477;0.00217226;GEBEITST,
T230;12904;0;0;0.0296055;0.0368895;0.0479972;0.0712798;0.0994592;0.132538;0.170516;GALTEC,SDG,BT2,HDG,
T230;21138;0;0;0.00364156;0.0050491;0.00817559;0.0177148;0.031934;0.0510236;0.0750055;GALTEC,SDG,BT2,HDG,
T230;42275;0;0;0.00209176;0.00240998;0.00330309;0.00722707;0.0160717;0.0296055;0.0479972;GALTEC,SDG,BT2,HDG,
T230;21138;0;0;0.00351372;0.00311568;0.00249087;0.00205171;0.00196477;0.00209176;0.00330309;GALTEC,SDG,BT2,HDG,
T230;21138;0;0;0.00424721;0.00382354;0.00311568;0.00249087;0.00205171;0.00196477;0.00209176;GALTEC,SDG,BT2,HDG,
T230;21138;0;0;0.00424721;0.00382354;0.00311568;0.00249087;0.00205171;0.00196477;0.00209176;GALTEC,SDG,BT2,HDG,
T230;21138;0;0;0.00654204;0.00610204;0.00533308;0.00456995;0.00382354;0.00311568;0.00196477;GALTEC,SDG,BT2,HDG,
T230;42275;0;0;0.00731204;0.00687204;0.00610204;0.00533308;0.00456995;0.00382354;0.00196477;GALTEC,SDG,BT2,HDG,
T230;21138;0;0;0.00808204;0.00764204;0.00687204;0.00610204;0.00533308;0.00456995;0.00196477;GALTEC,SDG,BT2,HDG,
T230;42275;0;0;0.00808204;0.00764204;0.00687204;0.00610204;0.00533308;0.00456995;0.00196477;GALTEC,SDG,BT2,HDG,
T230;42275;0;0;0.00808204;0.00764204;0.00687204;0.00610204;0.00533308;0.00456995;0.00196477;GALTEC,SDG,BT2,HDG,
KM20;24330;0;0;0.00241314;0.00214847;0.00196477;0.00199442;0.00277186;0.00567697;0.0130556;GEBEITST,
KM20;24330;0;0;0.00599204;0.0055524;0.004787;0.00403409;0.0033121;0.00265631;0.00196477;GEBEITST,
LK40;8356;0;0;0.00301968;0.00265631;0.00214847;0.00196477;0.00199442;0.00277186;0.00567697;GEBEITST,
LK40;28561;0;0;0.00676204;0.00632204;0.0055524;0.004787;0.00403409;0.0033121;0.00196477;GEBEITST,
LK40;28561;0;0;0.00808204;0.00764204;0.00687204;0.00610204;0.00533308;0.00456995;0.00196477;GEBEITST,
KT30;23272;0;0;0.00414042;0.00371934;0.00301968;0.00241314;0.0020148;0.00196477;0.00217226;GEBEITST,
KT30;23272;0;0;0.00808204;0.00764204;0.00687204;0.00610204;0.00533308;0.00456995;0.00196477;GEBEITST,
K200;25387;0;0;0.00424721;0.00382354;0.00311568;0.00249087;0.00205171;0.00196477;0.00209176;GEBEITST,
K370;10550;0;0;0.00301968;0.00265631;0.00214847;0.00196477;0.00199442;0.00277186;0.00567697;GALTEC,SDG,BT2,HDG,
KM50;23724;0;0;0.00265631;0.00233967;0.00198813;0.00196477;0.00227747;0.00404042;0.00923905;GEBEITST,
LK70;62792;0;0;0.00808204;0.00764204;0.00687204;0.00610204;0.00533308;0.00456995;0.00196477;SG3,SDG,BT2,HDG,
LK70;66388;0;0;0.00599204;0.0055524;0.004787;0.00403409;0.0033121;0.00265631;0.00196477;SG3,SDG,BT2,HDG,
KT30;6169;0;0;0.00241314;0.00214847;0.00196477;0.00199442;0.00277186;0.00567697;0.0130556;GEBEITST,
KT30;80394;0;0;0.00301968;0.00265631;0.00214847;0.00196477;0.00199442;0.00277186;0.00567697;GEBEITST,
KT30;20098;0;0;0.00371934;0.0033121;0.00265631;0.00214847;0.00196477;0.00199442;0.00277186;GEBEITST,
KT30;120591;0;0;0.00808204;0.00764204;0.00687204;0.00610204;0.00533308;0.00456995;0.00196477;GEBEITST,
KT30;80394;0;0;0.00808204;0.00764204;0.00687204;0.00610204;0.00533308;0.00456995;0.00196477;GEBEITST,
TB40;29983;0;0;0.00292537;0.00257191;0.00209667;0.00196477;0.00203321;0.00301436;0.00639731;SG3,SDG,TTS,HDG,
KN50;15962;0;0;0.00240998;0.00301436;0.00450773;0.0104179;0.0212855;0.0368895;0.057376;GALTEC,SDG,BT2,HDG,
KT30;23272;0;0;0.00382354;0.00341243;0.00274359;0.00220669;0.00196477;0.00197231;0.00257305;GEBEITST,
KT30;23272;0;0;0.00764204;0.00720204;0.00643204;0.00566213;0.00489585;0.00414042;0.00196477;GEBEITST,
TB60;14944;0;0;0.00321322;0.00283292;0.00227048;0.0019711;0.00196477;0.00240998;0.00450773;GALTEC,SDG,TTS,HDG,
TB60;14944;0;0;0.00764204;0.00720204;0.00643204;0.00566213;0.00489585;0.00414042;0.00196477;GALTEC,SDG,TTS,HDG,
T230;24527;0;0;0.00404042;0.00567697;0.00923905;0.0194514;0.0343621;0.0541498;0.0788313;GALTEC,SDG,BT2,HDG,
T230;24527;0;0;0.00709204;0.00665204;0.00588204;0.00511421;0.00435446;0.003616;0.00196477;GALTEC,SDG,BT2,HDG,
T230;18987;0;0;0.00197231;0.00209176;0.00257305;0.0050491;0.0116869;0.023217;0.0395169;GALTEC,SDG,TTS,HDG,
T230;18987;0;0;0.00424721;0.00382354;0.00311568;0.00249087;0.00205171;0.00196477;0.00209176;GALTEC,SDG,TTS,HDG,
T230;18987;0;0;0.00687204;0.00643204;0.00566213;0.00489585;0.00414042;0.00341243;0.00196477;GALTEC,SDG,TTS,HDG,
T230;18987;0;0;0.00808204;0.00764204;0.00687204;0.00610204;0.00533308;0.00456995;0.00196477;GALTEC,SDG,TTS,HDG,
T250;18838;0;0;0.00203321;0.00227747;0.00301436;0.00639731;0.0145202;0.0273767;0.0450707;SG3,SDG,TTS,HDG,
T250;18838;0;0;0.00198813;0.00196477;0.00203321;0.00301436;0.00639731;0.0145202;0.0273767;SG3,SDG,TTS,HDG,
T250;18838;0;0;0.00424721;0.00382354;0.00311568;0.00249087;0.00205171;0.00196477;0.00209176;SG3,SDG,TTS,HDG,
T250;18838;0;0;0.00588204;0.00544262;0.00467823;0.0039284;0.00321322;0.00257191;0.00196477;SG3,SDG,TTS,HDG,
T250;18838;0;0;0.00665204;0.00621204;0.00544262;0.00467823;0.0039284;0.00321322;0.00196477;SG3,SDG,TTS,HDG,
T250;18838;0;0;0.00808204;0.00764204;0.00687204;0.00610204;0.00533308;0.00456995;0.00196477;SG3,SDG,TTS,HDG,
T250;18838;0;0;0.00808204;0.00764204;0.00687204;0.00610204;0.00533308;0.00456995;0.00196477;SG3,SDG,TTS,HDG,
KN40;48664;0;0;0.00311568;0.00274359;0.00220669;0.00196477;0.00197231;0.00257305;0.0050491;GALTEC,SDG,TTS,HDG,
KN40;48664;0;0;0.00382354;0.00341243;0.00274359;0.00220669;0.00196477;0.00197231;0.00257305;GALTEC,SDG,TTS,HDG,
KN40;24332;0;0;0.00764204;0.00720204;0.00643204;0.00566213;0.00489585;0.00414042;0.00196477;GALTEC,SDG,TTS,HDG,
L630;42115;0;0;0.0020148;0.00196477;0.00199442;0.00277186;0.00567697;0.0130556;0.0252471;SG3,SDG,TTS,HDG,
L630;47660;0;0;0.00424721;0.00382354;0.00311568;0.00249087;0.00205171;0.00196477;0.00209176;SG3,SDG,TTS,HDG,
L630;47660;0;0;0.00808204;0.00764204;0.00687204;0.00610204;0.00533308;0.00456995;0.00196477;SG3,SDG,TTS,HDG,
KM30;48659;0;0;0.00265631;0.00233967;0.00198813;0.00196477;0.00227747;0.00404042;0.00923905;GEBEITST,
T210;97897;0;0;0.00227048;0.00205171;0.00196477;0.00209176;0.00330309;0.00722707;0.0160717;SG3,SDG,TTS,HDG,
T210;73424;0;0;0.003616;0.00321322;0.00257191;0.00209667;0.00196477;0.00203321;0.00301436;SG3,SDG,TTS,HDG,
T210;97897;0;0;0.00588204;0.00544262;0.00467823;0.0039284;0.00321322;0.00257191;0.00196477;SG3,SDG,TTS,HDG,
T210;73424;0;0;0.00665204;0.00621204;0.00544262;0.00467823;0.0039284;0.00321322;0.00196477;SG3,SDG,TTS,HDG,
T210;48949;0;0;0.00808204;0.00764204;0.00687204;0.00610204;0.00533308;0.00456995;0.00196477;SG3,SDG,TTS,HDG,
NB50;21662;0;0;0.00665204;0.00621204;0.00544262;0.00467823;0.0039284;0.00321322;0.00196477;SG3,SDG,TTS,HDG,
T230;40545;0;0;0.00197231;0.00209176;0.00257305;0.0050491;0.0116869;0.023217;0.0395169;SG3,SDG,TTS,HDG,
T230;48284;0;0;0.0020148;0.00196477;0.00199442;0.00277186;0.00567697;0.0130556;0.0252471;SG3,SDG,TTS,HDG,
T230;24143;0;0;0.00214847;0.00198813;0.00196477;0.00227747;0.00404042;0.00923905;0.0194514;SG3,SDG,TTS,HDG,
T230;48284;0;0;0.0039284;0.00351372;0.00283292;0.00227048;0.0019711;0.00196477;0.00240998;SG3,SDG,TTS,HDG,
T230;72427;0;0;0.0039284;0.00351372;0.00283292;0.00227048;0.0019711;0.00196477;0.00240998;SG3,SDG,TTS,HDG,
T230;48284;0;0;0.0039284;0.00351372;0.00283292;0.00227048;0.0019711;0.00196477;0.00240998;SG3,SDG,TTS,HDG,
T230;48284;0;0;0.0039284;0.00351372;0.00283292;0.00227048;0.0019711;0.00196477;0.00240998;SG3,SDG,TTS,HDG,
T230;24143;0;0;0.00424721;0.00382354;0.00311568;0.00249087;0.00205171;0.00196477;0.00209176;SG3,SDG,TTS,HDG,
T230;48284;0;0;0.00424721;0.00382354;0.00311568;0.00249087;0.00205171;0.00196477;0.00209176;SG3,SDG,TTS,HDG,
T230;48284;0;0;0.00424721;0.00382354;0.00311568;0.00249087;0.00205171;0.00196477;0.00209176;SG3,SDG,TTS,HDG,
T230;48284;0;0;0.00588204;0.00544262;0.00467823;0.0039284;0.00321322;0.00257191;0.00196477;SG3,SDG,TTS,HDG,
T230;43742;0;0;0.0479972;0.057376;0.0712798;0.0994592;0.132538;0.170516;0.213394;SG3,SDG,TTS,HDG,
T230;98232;0;0;0.0273767;0.0343621;0.0450707;0.0676541;0.0951337;0.127512;0.16479;SG3,SDG,TTS,HDG,
T230;65488;0;0;0.0104179;0.0145202;0.0212855;0.0368895;0.057376;0.082757;0.113036;SG3,SDG,TTS,HDG,
T230;98232;0;0;0.00450773;0.00639731;0.0104179;0.0212855;0.0368895;0.057376;0.082757;SG3,SDG,TTS,HDG,
T230;98232;0;0;0.00240998;0.00301436;0.00450773;0.0104179;0.0212855;0.0368895;0.057376;SG3,SDG,TTS,HDG,
T230;98232;0;0;0.00199442;0.00217226;0.00277186;0.00567697;0.0130556;0.0252471;0.0422437;SG3,SDG,TTS,HDG,
T230;65488;0;0;0.00220669;0.0020148;0.00196477;0.00217226;0.00364156;0.00817559;0.0177148;SG3,SDG,TTS,HDG,
T230;294694;0;0;0.00321322;0.00283292;0.00227048;0.0019711;0.00196477;0.00240998;0.00450773;SG3,SDG,TTS,HDG,
T230;261950;0;0;0.00643204;0.00599204;0.0052236;0.0044619;0.00371934;0.00301968;0.00196477;SG3,SDG,TTS,HDG,
T230;261950;0;0;0.00808204;0.00764204;0.00687204;0.00610204;0.00533308;0.00456995;0.00196477;SG3,SDG,TTS,HDG,
KM40;25387;0;0;0.00227048;0.00205171;0.00196477;0.00209176;0.00330309;0.00722707;0.0160717;GEBEITST,
KM40;25387;0;0;0.00588204;0.00544262;0.00467823;0.0039284;0.00321322;0.00257191;0.00196477;GEBEITST,
KT30;17983;0;0;0.00382354;0.00341243;0.00274359;0.00220669;0.00196477;0.00197231;0.00257305;GEBEITST,
KT30;17983;0;0;0.00687204;0.00643204;0.00566213;0.00489585;0.00414042;0.00341243;0.00196477;GEBEITST,
KT30;17983;0;0;0.00808204;0.00764204;0.00687204;0.00610204;0.00533308;0.00456995;0.00196477;GEBEITST,
KM70;28561;0;0;0.00301968;0.00265631;0.00214847;0.00196477;0.00199442;0.00277186;0.00567697;GEBEITST,
KM70;28561;0;0;0.00676204;0.00632204;0.0055524;0.004787;0.00403409;0.0033121;0.00196477;GEBEITST,
L630;15656;0;0;0.00265631;0.00233967;0.00198813;0.00196477;0.00227747;0.00404042;0.00923905;SG3,SDG,TTS,HDG,
L630;104697;0;0;0.00321322;0.00283292;0.00227048;0.0019711;0.00196477;0.00240998;0.00450773;SG3,SDG,TTS,HDG,
K110;25242;0;0;0.00265631;0.00233967;0.00198813;0.00196477;0.00227747;0.00404042;0.00923905;CAPL,BT2,
K110;50483;0;0;0.0033121;0.00292537;0.00233967;0.00198813;0.00196477;0.00227747;0.00404042;CAPL,BT2,
K110;63104;0;0;0.00424721;0.00382354;0.00311568;0.00249087;0.00205171;0.00196477;0.00209176;CAPL,BT2,
K110;25242;0;0;0.00632204;0.00588204;0.00511421;0.00435446;0.003616;0.00292537;0.00196477;CAPL,BT2,
K110;25242;0;0;0.00709204;0.00665204;0.00588204;0.00511421;0.00435446;0.003616;0.00196477;CAPL,BT2,
K110;50483;0;0;0.00808204;0.00764204;0.00687204;0.00610204;0.00533308;0.00456995;0.00196477;CAPL,BT2,
KM80;22214;0;0;0.0020148;0.00196477;0.00199442;0.00277186;0.00567697;0.0130556;0.0252471;GEBEITST,
KM80;22214;0;0;0.00808204;0.00764204;0.00687204;0.00610204;0.00533308;0.00456995;0.00196477;GEBEITST,
K320;22214;0;0;0.00301968;0.00265631;0.00214847;0.00196477;0.00199442;0.00277186;0.00567697;GEBEITST,
K200;24677;0;0;0.0020148;0.00196477;0.00199442;0.00277186;0.00567697;0.0130556;0.0252471;GEBEITST,
K200;44428;0;0;0.00371934;0.0033121;0.00265631;0.00214847;0.00196477;0.00199442;0.00277186;GEBEITST,
K200;44428;0;0;0.00676204;0.00632204;0.0055524;0.004787;0.00403409;0.0033121;0.00196477;GEBEITST,
K200;22214;0;0;0.00753204;0.00709204;0.00632204;0.0055524;0.004787;0.00403409;0.00196477;GEBEITST,
K320;21156;0;0;0.00753204;0.00709204;0.00632204;0.0055524;0.004787;0.00403409;0.00196477;GEBEITST,
KM50;12903;0;0;0.0050491;0.00722707;0.0116869;0.023217;0.0395169;0.0607021;0.0867826;GEBEITST,
KM50;25807;0;0;0.00265631;0.00233967;0.00198813;0.00196477;0.00227747;0.00404042;0.00923905;GEBEITST,
TB60;15946;0;0;0.00808204;0.00764204;0.00687204;0.00610204;0.00533308;0.00456995;0.00196477;GALTEC,SDG,TTS,HDG,
K200;25387;0;0;0.00753204;0.00709204;0.00632204;0.0055524;0.004787;0.00403409;0.00196477;GEBEITST,
LT70;26364;0;0;0.0033121;0.00292537;0.00233967;0.00198813;0.00196477;0.00227747;0.00404042;SG3,SDG,BT2,HDG,
LT70;15047;0;0;0.00424721;0.00382354;0.00311568;0.00249087;0.00205171;0.00196477;0.00209176;SG3,SDG,BT2,HDG,
LT70;17879;0;0;0.00371934;0.0033121;0.00265631;0.00214847;0.00196477;0.00199442;0.00277186;SG3,SDG,BT2,HDG,
LK70;14609;0;0;0.00424721;0.00382354;0.00311568;0.00249087;0.00205171;0.00196477;0.00209176;SG3,SDG,TTS,HDG,
LK70;14609;0;0;0.00588204;0.00544262;0.00467823;0.0039284;0.00321322;0.00257191;0.00196477;SG3,SDG,TTS,HDG,
LT70;40122;0;0;0.00277186;0.00364156;0.00567697;0.0130556;0.0252471;0.0422437;0.0641281;SG3,SDG,BT2,HDG,
LT70;20061;0;0;0.00199442;0.00217226;0.00277186;0.00567697;0.0130556;0.0252471;0.0422437;SG3,SDG,BT2,HDG,
LT70;40122;0;0;0.0020148;0.00196477;0.00199442;0.00277186;0.00567697;0.0130556;0.0252471;SG3,SDG,BT2,HDG,
LT70;40122;0;0;0.00424721;0.00382354;0.00311568;0.00249087;0.00205171;0.00196477;0.00209176;SG3,SDG,BT2,HDG,
TB30;20500;0;0;0.00196477;0.00203321;0.00240998;0.00450773;0.0104179;0.0212855;0.0368895;GALTEC,SDG,TTS,HDG,
TB30;20500;0;0;0.00621204;0.00577204;0.00500497;0.00424721;0.00351372;0.00283292;0.00196477;GALTEC,SDG,TTS,HDG,
LT70;20190;0;0;0.00311568;0.00274359;0.00220669;0.00196477;0.00197231;0.00257305;0.0050491;SG3,SDG,BT2,HDG,
LT70;13941;0;0;0.00424721;0.00382354;0.00311568;0.00249087;0.00205171;0.00196477;0.00209176;SG3,SDG,BT2,HDG,
LT70;13941;0;0;0.00424721;0.00382354;0.00311568;0.00249087;0.00205171;0.00196477;0.00209176;SG3,SDG,BT2,HDG,
LT70;13941;0;0;0.00610204;0.00566213;0.00489585;0.00414042;0.00341243;0.00274359;0.00196477;SG3,SDG,BT2,HDG,
LT70;27881;0;0;0.00687204;0.00643204;0.00566213;0.00489585;0.00414042;0.00341243;0.00196477;SG3,SDG,BT2,HDG,
LT70;13941;0;0;0.00764204;0.00720204;0.00643204;0.00566213;0.00489585;0.00414042;0.00196477;SG3,SDG,BT2,HDG,
LT70;13941;0;0;0.00808204;0.00764204;0.00687204;0.00610204;0.00533308;0.00456995;0.00196477;SG3,SDG,BT2,HDG,
LT70;13941;0;0;0.00808204;0.00764204;0.00687204;0.00610204;0.00533308;0.00456995;0.00196477;SG3,SDG,BT2,HDG,
KT70;22942;0;0;0.00199442;0.00217226;0.00277186;0.00567697;0.0130556;0.0252471;0.0422437;GEBEITST,
KT70;105781;0;0;0.0020148;0.00196477;0.00199442;0.00277186;0.00567697;0.0130556;0.0252471;GEBEITST,
KT70;84625;0;0;0.00371934;0.0033121;0.00265631;0.00214847;0.00196477;0.00199442;0.00277186;GEBEITST,
KT70;105781;0;0;0.00753204;0.00709204;0.00632204;0.0055524;0.004787;0.00403409;0.00196477;GEBEITST,
LT70;10257;0;0;0.00199442;0.00217226;0.00277186;0.00567697;0.0130556;0.0252471;0.0422437;SG3,SDG,BT2,HDG,
LT70;50532;0;0;0.0020148;0.00196477;0.00199442;0.00277186;0.00567697;0.0130556;0.0252471;SG3,SDG,BT2,HDG,
LT70;50532;0;0;0.00371934;0.0033121;0.00265631;0.00214847;0.00196477;0.00199442;0.00277186;SG3,SDG,BT2,HDG,
LT70;50532;0;0;0.00424721;0.00382354;0.00311568;0.00249087;0.00205171;0.00196477;0.00209176;SG3,SDG,BT2,HDG,
LT70;50532;0;0;0.00424721;0.00382354;0.00311568;0.00249087;0.00205171;0.00196477;0.00209176;SG3,SDG,BT2,HDG,
LT70;50532;0;0;0.00599204;0.0055524;0.004787;0.00403409;0.0033121;0.00265631;0.00196477;SG3,SDG,BT2,HDG,
LT70;24190;0;0;0.003616;0.00321322;0.00257191;0.00209667;0.00196477;0.00203321;0.00301436;SG3,SDG,BT2,HDG,
LT70;72569;0;0;0.00424721;0.00382354;0.00311568;0.00249087;0.00205171;0.00196477;0.00209176;SG3,SDG,BT2,HDG,
LT70;48379;0;0;0.00424721;0.00382354;0.00311568;0.00249087;0.00205171;0.00196477;0.00209176;SG3,SDG,BT2,HDG,
LT70;48379;0;0;0.00665204;0.00621204;0.00544262;0.00467823;0.0039284;0.00321322;0.00196477;SG3,SDG,BT2,HDG,
LT70;48379;0;0;0.00742204;0.00698204;0.00621204;0.00544262;0.00467823;0.0039284;0.00196477;SG3,SDG,BT2,HDG,
T230;62793;0;0;0.00257305;0.00330309;0.0050491;0.0116869;0.023217;0.0395169;0.0607021;GALTEC,SDG,TTS,HDG,
T230;125588;0;0;0.00610204;0.00566213;0.00489585;0.00414042;0.00341243;0.00274359;0.00196477;GALTEC,SDG,TTS,HDG,
T230;19649;0;0;0.00209667;0.0019711;0.00196477;0.00240998;0.00450773;0.0104179;0.0212855;GALTEC,SDG,BT2,HDG,
LT70;7332;0;0;0.00403409;0.003616;0.00292537;0.00233967;0.00198813;0.00196477;0.00227747;SG3,SDG,BT2,HDG,
LT70;59129;0;0;0.00424721;0.00382354;0.00311568;0.00249087;0.00205171;0.00196477;0.00209176;SG3,SDG,BT2,HDG,
LT70;59129;0;0;0.00424721;0.00382354;0.00311568;0.00249087;0.00205171;0.00196477;0.00209176;SG3,SDG,BT2,HDG,
LK70;16943;0;0;0.00198813;0.00196477;0.00203321;0.00301436;0.00639731;0.0145202;0.0273767;SG3,SDG,TTS,HDG,
LK70;16943;0;0;0.00227048;0.00205171;0.00196477;0.00209176;0.00330309;0.00722707;0.0160717;SG3,SDG,TTS,HDG,
LK70;33886;0;0;0.00292537;0.00257191;0.00209667;0.00196477;0.00203321;0.00301436;0.00639731;SG3,SDG,TTS,HDG,
LK70;33886;0;0;0.00424721;0.00382354;0.00311568;0.00249087;0.00205171;0.00196477;0.00209176;SG3,SDG,TTS,HDG,
LK70;33886;0;0;0.00588204;0.00544262;0.00467823;0.0039284;0.00321322;0.00257191;0.00196477;SG3,SDG,TTS,HDG,
LT70;24577;0;0;0.003616;0.00321322;0.00257191;0.00209667;0.00196477;0.00203321;0.00301436;SG3,SDG,TTS,HDG,
LT70;48427;0;0;0.00424721;0.00382354;0.00311568;0.00249087;0.00205171;0.00196477;0.00209176;SG3,SDG,TTS,HDG,
LT70;24214;0;0;0.00665204;0.00621204;0.00544262;0.00467823;0.0039284;0.00321322;0.00196477;SG3,SDG,TTS,HDG,
LT70;24214;0;0;0.00742204;0.00698204;0.00621204;0.00544262;0.00467823;0.0039284;0.00196477;SG3,SDG,TTS,HDG,
K820;63469;0;0;0.00198813;0.00196477;0.00203321;0.00301436;0.00639731;0.0145202;0.0273767;GEBEITST,
K820;84625;0;0;0.003616;0.00321322;0.00257191;0.00209667;0.00196477;0.00203321;0.00301436;GEBEITST,
K820;21156;0;0;0.00742204;0.00698204;0.00621204;0.00544262;0.00467823;0.0039284;0.00196477;GEBEITST,
K320;28942;0;0;0.00301968;0.00265631;0.00214847;0.00196477;0.00199442;0.00277186;0.00567697;GEBEITST,
K320;28561;0;0;0.00371934;0.0033121;0.00265631;0.00214847;0.00196477;0.00199442;0.00277186;GEBEITST,
K320;57122;0;0;0.00676204;0.00632204;0.0055524;0.004787;0.00403409;0.0033121;0.00196477;GEBEITST,
K320;28561;0;0;0.00753204;0.00709204;0.00632204;0.0055524;0.004787;0.00403409;0.00196477;GEBEITST,
K320;19041;0;0;0.00676204;0.00632204;0.0055524;0.004787;0.00403409;0.0033121;0.00196477;GEBEITST,
LK60;217792;0;0;0.00330309;0.00450773;0.00722707;0.0160717;0.0296055;0.0479972;0.0712798;GEBEITST,
LK60;120996;0;0;0.0019711;0.00196477;0.00209176;0.00330309;0.00722707;0.0160717;0.0296055;GEBEITST,
LK60;266190;0;0;0.00227048;0.00205171;0.00196477;0.00209176;0.00330309;0.00722707;0.0160717;GEBEITST,
LK60;314589;0;0;0.00654204;0.00610204;0.00533308;0.00456995;0.00382354;0.00311568;0.00196477;GEBEITST,
LK60;46195;0;0;0.00196477;0.00203321;0.00240998;0.00450773;0.0104179;0.0212855;0.0368895;GEBEITST,
LK60;161694;0;0;0.00257191;0.00227048;0.0019711;0.00196477;0.00240998;0.00450773;0.0104179;GEBEITST,
LK60;161694;0;0;0.00698204;0.00654204;0.00577204;0.00500497;0.00424721;0.00351372;0.00196477;GEBEITST,
LK60;202014;0;0;0.00196477;0.00203321;0.00240998;0.00450773;0.0104179;0.0212855;0.0368895;GEBEITST,
LK60;176763;0;0;0.00257191;0.00227048;0.0019711;0.00196477;0.00240998;0.00450773;0.0104179;GEBEITST,
LK60;202014;0;0;0.00698204;0.00654204;0.00577204;0.00500497;0.00424721;0.00351372;0.00196477;GEBEITST,
KN50;12744;0;0;0.0019711;0.00196477;0.00209176;0.00330309;0.00722707;0.0160717;0.0296055;GALTEC,SDG,BT2,HDG,
KN50;12744;0;0;0.00424721;0.00382354;0.00311568;0.00249087;0.00205171;0.00196477;0.00209176;GALTEC,SDG,BT2,HDG,
KT70;27503;0;0;0.00198813;0.00196477;0.00203321;0.00301436;0.00639731;0.0145202;0.0273767;GEBEITST,
KT70;13752;0;0;0.00665204;0.00621204;0.00544262;0.00467823;0.0039284;0.00321322;0.00196477;GEBEITST,
LK60;24418;0;0;0.00240998;0.00301436;0.00450773;0.0104179;0.0212855;0.0368895;0.057376;GEBEITST,
L760;19501;0;0;0.00257305;0.00330309;0.0050491;0.0116869;0.023217;0.0395169;0.0607021;SG3,SDG,BT2,HDG,
L760;64108;0;0;0.00687204;0.00643204;0.00566213;0.00489585;0.00414042;0.00341243;0.00196477;SG3,SDG,BT2,HDG,
KM50;14809;0;0;0.0020148;0.00196477;0.00199442;0.00277186;0.00567697;0.0130556;0.0252471;GEBEITST,
KM50;14809;0;0;0.00241314;0.00214847;0.00196477;0.00199442;0.00277186;0.00567697;0.0130556;GEBEITST,
KM50;14809;0;0;0.00424721;0.00382354;0.00311568;0.00249087;0.00205171;0.00196477;0.00209176;GEBEITST,
KM50;29619;0;0;0.00599204;0.0055524;0.004787;0.00403409;0.0033121;0.00265631;0.00196477;GEBEITST,
KM50;14809;0;0;0.00676204;0.00632204;0.0055524;0.004787;0.00403409;0.0033121;0.00196477;GEBEITST,
KM50;14809;0;0;0.00753204;0.00709204;0.00632204;0.0055524;0.004787;0.00403409;0.00196477;GEBEITST,
KM50;29619;0;0;0.00808204;0.00764204;0.00687204;0.00610204;0.00533308;0.00456995;0.00196477;GEBEITST,
KM50;14809;0;0;0.00808204;0.00764204;0.00687204;0.00610204;0.00533308;0.00456995;0.00196477;GEBEITST,
KM50;14809;0;0;0.00808204;0.00764204;0.00687204;0.00610204;0.00533308;0.00456995;0.00196477;GEBEITST,
KM50;21156;0;0;0.0020148;0.00196477;0.00199442;0.00277186;0.00567697;0.0130556;0.0252471;GEBEITST,
KM50;21156;0;0;0.00241314;0.00214847;0.00196477;0.00199442;0.00277186;0.00567697;0.0130556;GEBEITST,
KM50;42312;0;0;0.00414042;0.00371934;0.00301968;0.00241314;0.0020148;0.00196477;0.00217226;GEBEITST,
KM50;21156;0;0;0.00676204;0.00632204;0.0055524;0.004787;0.00403409;0.0033121;0.00196477;GEBEITST,
KM50;21156;0;0;0.00753204;0.00709204;0.00632204;0.0055524;0.004787;0.00403409;0.00196477;GEBEITST,
KM50;21156;0;0;0.00808204;0.00764204;0.00687204;0.00610204;0.00533308;0.00456995;0.00196477;GEBEITST,
KM50;21156;0;0;0.00808204;0.00764204;0.00687204;0.00610204;0.00533308;0.00456995;0.00196477;GEBEITST,
KM50;21156;0;0;0.00808204;0.00764204;0.00687204;0.00610204;0.00533308;0.00456995;0.00196477;GEBEITST,
LK50;49563;0;0;0.00414042;0.00371934;0.00301968;0.00241314;0.0020148;0.00196477;0.00217226;GEBEITST,
LK50;24330;0;0;0.00599204;0.0055524;0.004787;0.00403409;0.0033121;0.00265631;0.00196477;GEBEITST,
LK50;48659;0;0;0.00676204;0.00632204;0.0055524;0.004787;0.00403409;0.0033121;0.00196477;GEBEITST,
LK50;48659;0;0;0.00753204;0.00709204;0.00632204;0.0055524;0.004787;0.00403409;0.00196477;GEBEITST,
LK50;48659;0;0;0.00808204;0.00764204;0.00687204;0.00610204;0.00533308;0.00456995;0.00196477;GEBEITST,
LK50;24330;0;0;0.00808204;0.00764204;0.00687204;0.00610204;0.00533308;0.00456995;0.00196477;GEBEITST,
LK50;24330;0;0;0.00808204;0.00764204;0.00687204;0.00610204;0.00533308;0.00456995;0.00196477;GEBEITST,
KM50;24330;0;0;0.00241314;0.00214847;0.00196477;0.00199442;0.00277186;0.00567697;0.0130556;GEBEITST,
KM50;24330;0;0;0.00753204;0.00709204;0.00632204;0.0055524;0.004787;0.00403409;0.00196477;GEBEITST,
KM50;24330;0;0;0.00808204;0.00764204;0.00687204;0.00610204;0.00533308;0.00456995;0.00196477;GEBEITST,
LK50;24330;0;0;0.00599204;0.0055524;0.004787;0.00403409;0.0033121;0.00265631;0.00196477;GEBEITST,
LK50;24330;0;0;0.00808204;0.00764204;0.00687204;0.00610204;0.00533308;0.00456995;0.00196477;GEBEITST,
LK50;24330;0;0;0.00808204;0.00764204;0.00687204;0.00610204;0.00533308;0.00456995;0.00196477;GEBEITST,
LT70;18290;0;0;0.00321322;0.00283292;0.00227048;0.0019711;0.00196477;0.00240998;0.00450773;SG3,SDG,TTS,HDG,
LT70;18290;0;0;0.0039284;0.00351372;0.00283292;0.00227048;0.0019711;0.00196477;0.00240998;SG3,SDG,TTS,HDG,
LT70;18290;0;0;0.00632204;0.00588204;0.00511421;0.00435446;0.003616;0.00292537;0.00196477;SG3,SDG,TTS,HDG,
KM50;23272;0;0;0.00371934;0.0033121;0.00265631;0.00214847;0.00196477;0.00199442;0.00277186;GEBEITST,
KM50;23272;0;0;0.00753204;0.00709204;0.00632204;0.0055524;0.004787;0.00403409;0.00196477;GEBEITST,
KT30;23272;0;0;0.00599204;0.0055524;0.004787;0.00403409;0.0033121;0.00265631;0.00196477;GEBEITST,
KT30;23272;0;0;0.00753204;0.00709204;0.00632204;0.0055524;0.004787;0.00403409;0.00196477;GEBEITST,
T230;23229;0;0;0.00257305;0.00330309;0.0050491;0.0116869;0.023217;0.0395169;0.0607021;GALTEC,SDG,BT2,HDG,
T230;23229;0;0;0.00196477;0.00203321;0.00240998;0.00450773;0.0104179;0.0212855;0.0368895;GALTEC,SDG,BT2,HDG,
T230;23229;0;0;0.00209667;0.0019711;0.00196477;0.00240998;0.00450773;0.0104179;0.0212855;GALTEC,SDG,BT2,HDG,
T230;23229;0;0;0.00257191;0.00227048;0.0019711;0.00196477;0.00240998;0.00450773;0.0104179;GALTEC,SDG,BT2,HDG,
T230;23229;0;0;0.00321322;0.00283292;0.00227048;0.0019711;0.00196477;0.00240998;0.00450773;GALTEC,SDG,BT2,HDG,
LT70;11694;0;0;0.00424721;0.00382354;0.00311568;0.00249087;0.00205171;0.00196477;0.00209176;SG3,SDG,BT2,HDG,
LT70;11694;0;0;0.00610204;0.00566213;0.00489585;0.00414042;0.00341243;0.00274359;0.00196477;SG3,SDG,BT2,HDG,
LT70;11694;0;0;0.00764204;0.00720204;0.00643204;0.00566213;0.00489585;0.00414042;0.00196477;SG3,SDG,BT2,HDG,
L630;224874;0;0;0.0020148;0.00196477;0.00199442;0.00277186;0.00567697;0.0130556;0.0252471;SG3,SDG,TTS,HDG,
L630;174902;0;0;0.00424721;0.00382354;0.00311568;0.00249087;0.00205171;0.00196477;0.00209176;SG3,SDG,TTS,HDG,
L630;174902;0;0;0.00808204;0.00764204;0.00687204;0.00610204;0.00533308;0.00456995;0.00196477;SG3,SDG,TTS,HDG,
L620;76276;0;0;0.00382354;0.00341243;0.00274359;0.00220669;0.00196477;0.00197231;0.00257305;GALTEC,SDG,TTS,HDG,
N710;18055;0;0;0.00643204;0.00599204;0.0052236;0.0044619;0.00371934;0.00301968;0.00196477;SG3,SDG,BT2,HDG,
N710;18055;0;0;0.00808204;0.00764204;0.00687204;0.00610204;0.00533308;0.00456995;0.00196477;SG3,SDG,BT2,HDG,
TB50;19963;0;0;0.00450773;0.00639731;0.0104179;0.0212855;0.0368895;0.057376;0.082757;SG3,SDG,TTS,HDG,
TB50;19963;0;0;0.00240998;0.00301436;0.00450773;0.0104179;0.0212855;0.0368895;0.057376;SG3,SDG,TTS,HDG,
TB50;19963;0;0;0.00196477;0.00203321;0.00240998;0.00450773;0.0104179;0.0212855;0.0368895;SG3,SDG,TTS,HDG,
TB50;19963;0;0;0.00241314;0.00214847;0.00196477;0.00199442;0.00277186;0.00567697;0.0130556;SG3,SDG,TTS,HDG,
TB50;19963;0;0;0.00321322;0.00283292;0.00227048;0.0019711;0.00196477;0.00240998;0.00450773;SG3,SDG,TTS,HDG,
TB50;19963;0;0;0.0039284;0.00351372;0.00283292;0.00227048;0.0019711;0.00196477;0.00240998;SG3,SDG,TTS,HDG,
TB50;39926;0;0;0.0039284;0.00351372;0.00283292;0.00227048;0.0019711;0.00196477;0.00240998;SG3,SDG,TTS,HDG,
TB50;19963;0;0;0.00424721;0.00382354;0.00311568;0.00249087;0.00205171;0.00196477;0.00209176;SG3,SDG,TTS,HDG,
TB50;19963;0;0;0.00610204;0.00566213;0.00489585;0.00414042;0.00341243;0.00274359;0.00196477;SG3,SDG,TTS,HDG,
T210;25465;0;0;0.0039284;0.00351372;0.00283292;0.00227048;0.0019711;0.00196477;0.00240998;GALTEC,SDG,TTS,HDG,
T250;18783;0;0;0.00203321;0.00227747;0.00301436;0.00639731;0.0145202;0.0273767;0.0450707;SG3,SDG,TTS,HDG,
T250;18783;0;0;0.0039284;0.00351372;0.00283292;0.00227048;0.0019711;0.00196477;0.00240998;SG3,SDG,TTS,HDG,
KN30;21282;0;0;0.00424721;0.00382354;0.00311568;0.00249087;0.00205171;0.00196477;0.00209176;GALTEC,SDG,BT2,HDG,
KN30;21282;0;0;0.00731204;0.00687204;0.00610204;0.00533308;0.00456995;0.00382354;0.00196477;GALTEC,SDG,BT2,HDG,
KN30;21282;0;0;0.00808204;0.00764204;0.00687204;0.00610204;0.00533308;0.00456995;0.00196477;GALTEC,SDG,BT2,HDG,
T230;19154;0;0;0.00654204;0.00610204;0.00533308;0.00456995;0.00382354;0.00311568;0.00196477;CAPL,BT2,
T230;38307;0;0;0.00808204;0.00764204;0.00687204;0.00610204;0.00533308;0.00456995;0.00196477;CAPL,BT2,
LK40;13461;0;0;0.00599204;0.0055524;0.004787;0.00403409;0.0033121;0.00265631;0.00196477;GEBEITST,
KM50;27503;0;0;0.00301968;0.00265631;0.00214847;0.00196477;0.00199442;0.00277186;0.00567697;GEBEITST,
KM50;27503;0;0;0.00599204;0.0055524;0.004787;0.00403409;0.0033121;0.00265631;0.00196477;GEBEITST,
LT70;23433;0;0;0.0039284;0.00351372;0.00283292;0.00227048;0.0019711;0.00196477;0.00240998;SG3,SDG,TTS,HDG,
K570;19873;0;0;0.00241314;0.00214847;0.00196477;0.00199442;0.00277186;0.00567697;0.0130556;GEBEITST,
K570;19873;0;0;0.00599204;0.0055524;0.004787;0.00403409;0.0033121;0.00265631;0.00196477;GEBEITST,
K570;5033;0;0;0.00199442;0.00217226;0.00277186;0.00567697;0.0130556;0.0252471;0.0422437;GEBEITST,
K570;20958;0;0;0.00301968;0.00265631;0.00214847;0.00196477;0.00199442;0.00277186;0.00567697;GEBEITST,
K570;20958;0;0;0.00676204;0.00632204;0.0055524;0.004787;0.00403409;0.0033121;0.00196477;GEBEITST,
K570;23142;0;0;0.00196477;0.00203321;0.00240998;0.00450773;0.0104179;0.0212855;0.0368895;GEBEITST,
K570;23142;0;0;0.00311568;0.00274359;0.00220669;0.00196477;0.00197231;0.00257305;0.0050491;GEBEITST,
K570;23142;0;0;0.00424721;0.00382354;0.00311568;0.00249087;0.00205171;0.00196477;0.00209176;GEBEITST,
K570;21999;0;0;0.00371934;0.0033121;0.00265631;0.00214847;0.00196477;0.00199442;0.00277186;GEBEITST,
K570;19041;0;0;0.00371934;0.0033121;0.00265631;0.00214847;0.00196477;0.00199442;0.00277186;GEBEITST,
K570;19041;0;0;0.00676204;0.00632204;0.0055524;0.004787;0.00403409;0.0033121;0.00196477;GEBEITST,
K570;19041;0;0;0.00808204;0.00764204;0.00687204;0.00610204;0.00533308;0.00456995;0.00196477;GEBEITST,
LK40;12347;0;0;0.00203321;0.00227747;0.00301436;0.00639731;0.0145202;0.0273767;0.0450707;GEBEITST,
T230;13888;0;0;0.0039284;0.00351372;0.00283292;0.00227048;0.0019711;0.00196477;0.00240998;SG3,SDG,TTS,HDG,
T230;28452;0;0;0.00424721;0.00382354;0.00311568;0.00249087;0.00205171;0.00196477;0.00209176;SG3,SDG,TTS,HDG,
T230;28452;0;0;0.00424721;0.00382354;0.00311568;0.00249087;0.00205171;0.00196477;0.00209176;SG3,SDG,TTS,HDG,
T230;28452;0;0;0.00424721;0.00382354;0.00311568;0.00249087;0.00205171;0.00196477;0.00209176;SG3,SDG,TTS,HDG,
T230;28452;0;0;0.00610204;0.00566213;0.00489585;0.00414042;0.00341243;0.00274359;0.00196477;SG3,SDG,TTS,HDG,
T230;28452;0;0;0.00687204;0.00643204;0.00566213;0.00489585;0.00414042;0.00341243;0.00196477;SG3,SDG,TTS,HDG,
T230;28452;0;0;0.00731204;0.00687204;0.00610204;0.00533308;0.00456995;0.00382354;0.00196477;SG3,SDG,TTS,HDG,
T230;56905;0;0;0.00764204;0.00720204;0.00643204;0.00566213;0.00489585;0.00414042;0.00196477;SG3,SDG,TTS,HDG,
T230;28452;0;0;0.00808204;0.00764204;0.00687204;0.00610204;0.00533308;0.00456995;0.00196477;SG3,SDG,TTS,HDG,
T230;28452;0;0;0.00808204;0.00764204;0.00687204;0.00610204;0.00533308;0.00456995;0.00196477;SG3,SDG,TTS,HDG,
T230;28452;0;0;0.00808204;0.00764204;0.00687204;0.00610204;0.00533308;0.00456995;0.00196477;SG3,SDG,TTS,HDG,
T230;28452;0;0;0.00808204;0.00764204;0.00687204;0.00610204;0.00533308;0.00456995;0.00196477;SG3,SDG,TTS,HDG,
KM80;13049;0;0;0.00364156;0.0050491;0.00817559;0.0177148;0.031934;0.0510236;0.0750055;GEBEITST,
KM80;25387;0;0;0.00196477;0.00197231;0.00217226;0.00364156;0.00817559;0.0177148;0.031934;GEBEITST,
KM80;50775;0;0;0.00414042;0.00371934;0.00301968;0.00241314;0.0020148;0.00196477;0.00217226;GEBEITST,
KM80;25387;0;0;0.00643204;0.00599204;0.0052236;0.0044619;0.00371934;0.00301968;0.00196477;GEBEITST,
KM80;38081;0;0;0.00720204;0.00676204;0.00599204;0.0052236;0.0044619;0.00371934;0.00196477;GEBEITST,
KM80;25387;0;0;0.00797204;0.00753204;0.00676204;0.00599204;0.0052236;0.0044619;0.00196477;GEBEITST,
KM80;25387;0;0;0.00808204;0.00764204;0.00687204;0.00610204;0.00533308;0.00456995;0.00196477;GEBEITST,
KN30;29651;0;0;0.00382354;0.00341243;0.00274359;0.00220669;0.00196477;0.00197231;0.00257305;SG3,SDG,TTS,HDG,
KN30;29651;0;0;0.00643204;0.00599204;0.0052236;0.0044619;0.00371934;0.00301968;0.00196477;SG3,SDG,TTS,HDG,
KN30;29651;0;0;0.00797204;0.00753204;0.00676204;0.00599204;0.0052236;0.0044619;0.00196477;SG3,SDG,TTS,HDG,
KN30;29651;0;0;0.00808204;0.00764204;0.00687204;0.00610204;0.00533308;0.00456995;0.00196477;SG3,SDG,TTS,HDG,
KN30;29651;0;0;0.00808204;0.00764204;0.00687204;0.00610204;0.00533308;0.00456995;0.00196477;SG3,SDG,TTS,HDG,
KN30;123556;0;0;0.00808204;0.00764204;0.00687204;0.00610204;0.00533308;0.00456995;0.00196477;SG3,SDG,TTS,HDG,
KN30;30889;0;0;0.00808204;0.00764204;0.00687204;0.00610204;0.00533308;0.00456995;0.00196477;SG3,SDG,TTS,HDG,
L620;27586;0;0;0.00742204;0.00698204;0.00621204;0.00544262;0.00467823;0.0039284;0.00196477;GALTEC,SDG,TTS,HDG,
L620;27586;0;0;0.00808204;0.00764204;0.00687204;0.00610204;0.00533308;0.00456995;0.00196477;GALTEC,SDG,TTS,HDG,
L920;18246;0;0;0.0033121;0.00292537;0.00233967;0.00198813;0.00196477;0.00227747;0.00404042;SG3,SDG,BT2,HDG,
L920;18090;0;0;0.0039284;0.00351372;0.00283292;0.00227048;0.0019711;0.00196477;0.00240998;SG3,SDG,BT2,HDG,
L920;18090;0;0;0.00424721;0.00382354;0.00311568;0.00249087;0.00205171;0.00196477;0.00209176;SG3,SDG,BT2,HDG,
L920;18090;0;0;0.00424721;0.00382354;0.00311568;0.00249087;0.00205171;0.00196477;0.00209176;SG3,SDG,BT2,HDG,
L920;18090;0;0;0.00424721;0.00382354;0.00311568;0.00249087;0.00205171;0.00196477;0.00209176;SG3,SDG,BT2,HDG,
L920;18090;0;0;0.00610204;0.00566213;0.00489585;0.00414042;0.00341243;0.00274359;0.00196477;SG3,SDG,BT2,HDG,
L920;18090;0;0;0.00654204;0.00610204;0.00533308;0.00456995;0.00382354;0.00311568;0.00196477;SG3,SDG,BT2,HDG,
L920;18090;0;0;0.00709204;0.00665204;0.00588204;0.00511421;0.00435446;0.003616;0.00196477;SG3,SDG,BT2,HDG,
L920;18090;0;0;0.00764204;0.00720204;0.00643204;0.00566213;0.00489585;0.00414042;0.00196477;SG3,SDG,BT2,HDG,
L920;18090;0;0;0.00797204;0.00753204;0.00676204;0.00599204;0.0052236;0.0044619;0.00196477;SG3,SDG,BT2,HDG,
KN30;12904;0;0;0.00588204;0.00544262;0.00467823;0.0039284;0.00321322;0.00257191;0.00196477;GALTEC,SDG,BT2,HDG,
KN30;15807;0;0;0.00808204;0.00764204;0.00687204;0.00610204;0.00533308;0.00456995;0.00196477;GALTEC,SDG,BT2,HDG,
LK70;57685;0;0;0.00321322;0.00283292;0.00227048;0.0019711;0.00196477;0.00240998;0.00450773;SG3,SDG,TTS,HDG,
LK70;86527;0;0;0.00599204;0.0055524;0.004787;0.00403409;0.0033121;0.00265631;0.00196477;SG3,SDG,TTS,HDG,
LK70;28843;0;0;0.00808204;0.00764204;0.00687204;0.00610204;0.00533308;0.00456995;0.00196477;SG3,SDG,TTS,HDG,
K200;28396;0;0;0.00808204;0.00764204;0.00687204;0.00610204;0.00533308;0.00456995;0.00196477;SG3,SDG,TTS,HDG,
LK40;21871;0;0;0.00414042;0.00371934;0.00301968;0.00241314;0.0020148;0.00196477;0.00217226;GEBEITST,
LK40;14072;0;0;0.00424721;0.00382354;0.00311568;0.00249087;0.00205171;0.00196477;0.00209176;GEBEITST,
LK40;14072;0;0;0.00424721;0.00382354;0.00311568;0.00249087;0.00205171;0.00196477;0.00209176;GEBEITST,
LK40;14072;0;0;0.00599204;0.0055524;0.004787;0.00403409;0.0033121;0.00265631;0.00196477;GEBEITST,
LK40;14072;0;0;0.00665204;0.00621204;0.00544262;0.00467823;0.0039284;0.00321322;0.00196477;GEBEITST,
LK40;14072;0;0;0.00687204;0.00643204;0.00566213;0.00489585;0.00414042;0.00341243;0.00196477;GEBEITST,
K200;23976;0;0;0.0020148;0.00196477;0.00199442;0.00277186;0.00567697;0.0130556;0.0252471;GALTEC,SDG,TTS,HDG,
K200;47952;0;0;0.00311568;0.00274359;0.00220669;0.00196477;0.00197231;0.00257305;0.0050491;GALTEC,SDG,TTS,HDG,
K200;23976;0;0;0.00610204;0.00566213;0.00489585;0.00414042;0.00341243;0.00274359;0.00196477;GALTEC,SDG,TTS,HDG,
KM20;25387;0;0;0.00808204;0.00764204;0.00687204;0.00610204;0.00533308;0.00456995;0.00196477;GEBEITST,
K200;27183;0;0;0.0039284;0.00351372;0.00283292;0.00227048;0.0019711;0.00196477;0.00240998;GALTEC,SDG,TTS,HDG,
LK40;19337;0;0;0.00403409;0.003616;0.00292537;0.00233967;0.00198813;0.00196477;0.00227747;GEBEITST,
LK40;19337;0;0;0.00424721;0.00382354;0.00311568;0.00249087;0.00205171;0.00196477;0.00209176;GEBEITST,
LK40;19337;0;0;0.00709204;0.00665204;0.00588204;0.00511421;0.00435446;0.003616;0.00196477;GEBEITST,
TB60;13347;0;0;0.00424721;0.00382354;0.00311568;0.00249087;0.00205171;0.00196477;0.00209176;CAPL,BT2,
TB60;23593;0;0;0.00610204;0.00566213;0.00489585;0.00414042;0.00341243;0.00274359;0.00196477;CAPL,BT2,
LK40;50775;0;0;0.00599204;0.0055524;0.004787;0.00403409;0.0033121;0.00265631;0.00196477;GEBEITST,
K200;23079;0;0;0.00240998;0.00301436;0.00450773;0.0104179;0.0212855;0.0368895;0.057376;GEBEITST,
K200;23001;0;0;0.00382354;0.00341243;0.00274359;0.00220669;0.00196477;0.00197231;0.00257305;GALTEC,SDG,TTS,HDG,
K200;23001;0;0;0.00610204;0.00566213;0.00489585;0.00414042;0.00341243;0.00274359;0.00196477;GALTEC,SDG,TTS,HDG,
LK40;2660;0;0;0.00311568;0.00274359;0.00220669;0.00196477;0.00197231;0.00257305;0.0050491;GEBEITST,
LK40;21506;0;0;0.00403409;0.003616;0.00292537;0.00233967;0.00198813;0.00196477;0.00227747;GEBEITST,
LK40;10753;0;0;0.00424721;0.00382354;0.00311568;0.00249087;0.00205171;0.00196477;0.00209176;GEBEITST,
LK40;10753;0;0;0.00632204;0.00588204;0.00511421;0.00435446;0.003616;0.00292537;0.00196477;GEBEITST,
LK40;10753;0;0;0.00709204;0.00665204;0.00588204;0.00511421;0.00435446;0.003616;0.00196477;GEBEITST,
LK40;10753;0;0;0.00786204;0.00742204;0.00665204;0.00588204;0.00511421;0.00435446;0.00196477;GEBEITST,
LK40;10753;0;0;0.00808204;0.00764204;0.00687204;0.00610204;0.00533308;0.00456995;0.00196477;GEBEITST,
KM20;22596;0;0;0.00775204;0.00731204;0.00654204;0.00577204;0.00500497;0.00424721;0.00196477;GEBEITST,
LT70;10616;0;0;0.00424721;0.00382354;0.00311568;0.00249087;0.00205171;0.00196477;0.00209176;SG3,SDG,BT2,HDG,
LT70;15840;0;0;0.00424721;0.00382354;0.00311568;0.00249087;0.00205171;0.00196477;0.00209176;SG3,SDG,BT2,HDG,
LT70;15840;0;0;0.00424721;0.00382354;0.00311568;0.00249087;0.00205171;0.00196477;0.00209176;SG3,SDG,BT2,HDG,
KT10;21117;0;0;0.00311568;0.00274359;0.00220669;0.00196477;0.00197231;0.00257305;0.0050491;GALTEC,SDG,TTS,HDG,
T230;16663;0;0;0.00209667;0.0019711;0.00196477;0.00240998;0.00450773;0.0104179;0.0212855;GALTEC,SDG,BT2,HDG,
K570;6873;0;0;0.00214847;0.00198813;0.00196477;0.00227747;0.00404042;0.00923905;0.0194514;GEBEITST,
K200;17739;0;0;0.00321322;0.00283292;0.00227048;0.0019711;0.00196477;0.00240998;0.00450773;GALTEC,SDG,BT2,HDG,
LT70;5602;0;0;0.00240998;0.00301436;0.00450773;0.0104179;0.0212855;0.0368895;0.057376;SG3,SDG,TTS,HDG,
LT70;33886;0;0;0.00321322;0.00283292;0.00227048;0.0019711;0.00196477;0.00240998;0.00450773;SG3,SDG,TTS,HDG,
LT70;33886;0;0;0.0039284;0.00351372;0.00283292;0.00227048;0.0019711;0.00196477;0.00240998;SG3,SDG,TTS,HDG,
LK70;12800;0;0;0.00197231;0.00209176;0.00257305;0.0050491;0.0116869;0.023217;0.0395169;SG3,SDG,TTS,HDG,
TB50;44181;0;0;0.00424721;0.00382354;0.00311568;0.00249087;0.00205171;0.00196477;0.00209176;GALTEC,SDG,TTS,HDG,
TB50;39887;0;0;0.00687204;0.00643204;0.00566213;0.00489585;0.00414042;0.00341243;0.00196477;GALTEC,SDG,TTS,HDG,
TB50;19943;0;0;0.00808204;0.00764204;0.00687204;0.00610204;0.00533308;0.00456995;0.00196477;GALTEC,SDG,TTS,HDG,
TB50;39887;0;0;0.00808204;0.00764204;0.00687204;0.00610204;0.00533308;0.00456995;0.00196477;GALTEC,SDG,TTS,HDG,
KN50;21241;0;0;0.00257191;0.00227048;0.0019711;0.00196477;0.00240998;0.00450773;0.0104179;SG3,SDG,TTS,HDG,
KN50;10620;0;0;0.00321322;0.00283292;0.00227048;0.0019711;0.00196477;0.00240998;0.00450773;SG3,SDG,TTS,HDG,
KN50;10620;0;0;0.0039284;0.00351372;0.00283292;0.00227048;0.0019711;0.00196477;0.00240998;SG3,SDG,TTS,HDG,
KN50;31861;0;0;0.00424721;0.00382354;0.00311568;0.00249087;0.00205171;0.00196477;0.00209176;SG3,SDG,TTS,HDG,
KN50;10620;0;0;0.00621204;0.00577204;0.00500497;0.00424721;0.00351372;0.00283292;0.00196477;SG3,SDG,TTS,HDG,
KN50;10620;0;0;0.00698204;0.00654204;0.00577204;0.00500497;0.00424721;0.00351372;0.00196477;SG3,SDG,TTS,HDG,
KN50;21241;0;0;0.00764204;0.00720204;0.00643204;0.00566213;0.00489585;0.00414042;0.00196477;SG3,SDG,TTS,HDG,
KN50;10620;0;0;0.00808204;0.00764204;0.00687204;0.00610204;0.00533308;0.00456995;0.00196477;SG3,SDG,TTS,HDG,
KN50;10620;0;0;0.00808204;0.00764204;0.00687204;0.00610204;0.00533308;0.00456995;0.00196477;SG3,SDG,TTS,HDG,
KN50;31861;0;0;0.00808204;0.00764204;0.00687204;0.00610204;0.00533308;0.00456995;0.00196477;SG3,SDG,TTS,HDG,
KN50;38382;0;0;0.00227048;0.00205171;0.00196477;0.00209176;0.00330309;0.00722707;0.0160717;GALTEC,SDG,BT2,HDG,
KN50;38382;0;0;0.00424721;0.00382354;0.00311568;0.00249087;0.00205171;0.00196477;0.00209176;GALTEC,SDG,BT2,HDG,
KN50;38382;0;0;0.00424721;0.00382354;0.00311568;0.00249087;0.00205171;0.00196477;0.00209176;GALTEC,SDG,BT2,HDG,
KN50;38382;0;0;0.00731204;0.00687204;0.00610204;0.00533308;0.00456995;0.00382354;0.00196477;GALTEC,SDG,BT2,HDG,
KN50;38382;0;0;0.00808204;0.00764204;0.00687204;0.00610204;0.00533308;0.00456995;0.00196477;GALTEC,SDG,BT2,HDG,
KN50;38382;0;0;0.00808204;0.00764204;0.00687204;0.00610204;0.00533308;0.00456995;0.00196477;GALTEC,SDG,BT2,HDG,
KN50;25514;0;0;0.00654204;0.00610204;0.00533308;0.00456995;0.00382354;0.00311568;0.00196477;GALTEC,SDG,TTS,HDG,
KN50;25514;0;0;0.00808204;0.00764204;0.00687204;0.00610204;0.00533308;0.00456995;0.00196477;GALTEC,SDG,TTS,HDG,
KN50;25514;0;0;0.00808204;0.00764204;0.00687204;0.00610204;0.00533308;0.00456995;0.00196477;GALTEC,SDG,TTS,HDG,
KN50;25514;0;0;0.00808204;0.00764204;0.00687204;0.00610204;0.00533308;0.00456995;0.00196477;GALTEC,SDG,TTS,HDG,
KN50;25514;0;0;0.00808204;0.00764204;0.00687204;0.00610204;0.00533308;0.00456995;0.00196477;GALTEC,SDG,TTS,HDG,
KM30;17983;0;0;0.0130556;0.0177148;0.0252471;0.0422437;0.0641281;0.0909081;0.122587;GEBEITST,
KM30;17983;0;0;0.00241314;0.00214847;0.00196477;0.00199442;0.00277186;0.00567697;0.0130556;GEBEITST,
KN50;31959;0;0;0.0020148;0.00196477;0.00199442;0.00277186;0.00567697;0.0130556;0.0252471;GALTEC,SDG,TTS,HDG,
KN50;15980;0;0;0.00424721;0.00382354;0.00311568;0.00249087;0.00205171;0.00196477;0.00209176;GALTEC,SDG,TTS,HDG,
KN50;31959;0;0;0.00808204;0.00764204;0.00687204;0.00610204;0.00533308;0.00456995;0.00196477;GALTEC,SDG,TTS,HDG,
KN50;26215;0;0;0.00808204;0.00764204;0.00687204;0.00610204;0.00533308;0.00456995;0.00196477;GALTEC,SDG,TTS,HDG,
KN50;48034;0;0;0.00424721;0.00382354;0.00311568;0.00249087;0.00205171;0.00196477;0.00209176;GALTEC,SDG,BT2,HDG,
KN50;32023;0;0;0.00709204;0.00665204;0.00588204;0.00511421;0.00435446;0.003616;0.00196477;GALTEC,SDG,BT2,HDG,
KN50;48034;0;0;0.00808204;0.00764204;0.00687204;0.00610204;0.00533308;0.00456995;0.00196477;GALTEC,SDG,BT2,HDG,
KM30;21156;0;0;0.0020148;0.00196477;0.00199442;0.00277186;0.00567697;0.0130556;0.0252471;GEBEITST,
NB60;60626;0;0;0.00241314;0.00214847;0.00196477;0.00199442;0.00277186;0.00567697;0.0130556;SG3,SDG,BT2,HDG,
NB60;81186;0;0;0.00424721;0.00382354;0.00311568;0.00249087;0.00205171;0.00196477;0.00209176;SG3,SDG,BT2,HDG,
NB60;40593;0;0;0.00775204;0.00731204;0.00654204;0.00577204;0.00500497;0.00424721;0.00196477;SG3,SDG,BT2,HDG,
T230;12862;0;0;0.00665204;0.00621204;0.00544262;0.00467823;0.0039284;0.00321322;0.00196477;BAF_HNX,BAF,BT2,ELG,
KN50;15931;0;0;0.00709204;0.00665204;0.00588204;0.00511421;0.00435446;0.003616;0.00196477;GALTEC,SDG,TTS,HDG,
T230;20003;0;0;0.00808204;0.00764204;0.00687204;0.00610204;0.00533308;0.00456995;0.00196477;GALTEC,SDG,BT2,HDG,
LT70;26356;0;0;0.00257191;0.00227048;0.0019711;0.00196477;0.00240998;0.00450773;0.0104179;SG3,SDG,TTS,HDG,
LT70;291347;0;0;0.00424721;0.00382354;0.00311568;0.00249087;0.00205171;0.00196477;0.00209176;SG3,SDG,TTS,HDG,
K320;26445;0;0;0.00753204;0.00709204;0.00632204;0.0055524;0.004787;0.00403409;0.00196477;GEBEITST,
KM20;21382;0;0;0.0019711;0.00196477;0.00209176;0.00330309;0.00722707;0.0160717;0.0296055;GEBEITST,
KM20;21382;0;0;0.00265631;0.00233967;0.00198813;0.00196477;0.00227747;0.00404042;0.00923905;GEBEITST,
KM20;21382;0;0;0.00654204;0.00610204;0.00533308;0.00456995;0.00382354;0.00311568;0.00196477;GEBEITST,
KM20;21382;0;0;0.00808204;0.00764204;0.00687204;0.00610204;0.00533308;0.00456995;0.00196477;GEBEITST,
KN20;16133;0;0;0.00311568;0.00274359;0.00220669;0.00196477;0.00197231;0.00257305;0.0050491;BAF_HNX,BAF,TTS,
KN20;34394;0;0;0.0039284;0.00351372;0.00283292;0.00227048;0.0019711;0.00196477;0.00240998;BAF_HNX,BAF,TTS,
KN20;34394;0;0;0.00424721;0.00382354;0.00311568;0.00249087;0.00205171;0.00196477;0.00209176;BAF_HNX,BAF,TTS,
KN40;11837;0;0;0.00240998;0.00301436;0.00450773;0.0104179;0.0212855;0.0368895;0.057376;GALTEC,SDG,BT2,HDG,
KN40;21241;0;0;0.00301968;0.00265631;0.00214847;0.00196477;0.00199442;0.00277186;0.00567697;GALTEC,SDG,BT2,HDG,
KN40;21241;0;0;0.00676204;0.00632204;0.0055524;0.004787;0.00403409;0.0033121;0.00196477;GALTEC,SDG,BT2,HDG,
KN40;21241;0;0;0.00808204;0.00764204;0.00687204;0.00610204;0.00533308;0.00456995;0.00196477;GALTEC,SDG,BT2,HDG,
L620;19098;0;0;0.00599204;0.0055524;0.004787;0.00403409;0.0033121;0.00265631;0.00196477;GALTEC,SDG,BT2,HDG,
L620;19098;0;0;0.00808204;0.00764204;0.00687204;0.00610204;0.00533308;0.00456995;0.00196477;GALTEC,SDG,BT2,HDG,
TB60;18223;0;0;0.00220669;0.0020148;0.00196477;0.00217226;0.00364156;0.00817559;0.0177148;SG3,SDG,TTS,HDG,
TB60;46503;0;0;0.00321322;0.00283292;0.00227048;0.0019711;0.00196477;0.00240998;0.00450773;SG3,SDG,TTS,HDG,
TB60;23251;0;0;0.00643204;0.00599204;0.0052236;0.0044619;0.00371934;0.00301968;0.00196477;SG3,SDG,TTS,HDG,
TB60;23251;0;0;0.00720204;0.00676204;0.00599204;0.0052236;0.0044619;0.00371934;0.00196477;SG3,SDG,TTS,HDG,
TB60;23251;0;0;0.00808204;0.00764204;0.00687204;0.00610204;0.00533308;0.00456995;0.00196477;SG3,SDG,TTS,HDG,
T230;57419;0;0;-0.192798;0.00676204;0.00599204;0.0052236;0.0044619;0.00371934;0.00196477;SG3,SDG,TTS,HDG,
T230;13818;0;0;0.0050491;0.00722707;0.0116869;0.023217;0.0395169;0.0607021;0.0867826;SG3,SDG,TTS,HDG,
T230;28709;0;0;0.00450773;0.00639731;0.0104179;0.0212855;0.0368895;0.057376;0.082757;SG3,SDG,TTS,HDG,
T230;28709;0;0;0.00450773;0.00639731;0.0104179;0.0212855;0.0368895;0.057376;0.082757;SG3,SDG,TTS,HDG,
T230;57419;0;0;0.00240998;0.00301436;0.00450773;0.0104179;0.0212855;0.0368895;0.057376;SG3,SDG,TTS,HDG,
T230;86128;0;0;0.00196477;0.00199442;0.00227747;0.00404042;0.00923905;0.0194514;0.0343621;SG3,SDG,TTS,HDG,
T230;57419;0;0;0.00220669;0.0020148;0.00196477;0.00217226;0.00364156;0.00817559;0.0177148;SG3,SDG,TTS,HDG,
T230;57419;0;0;0.00274359;0.00241314;0.0020148;0.00196477;0.00217226;0.00364156;0.00817559;SG3,SDG,TTS,HDG,
T230;114837;0;0;0.00321322;0.00283292;0.00227048;0.0019711;0.00196477;0.00240998;0.00450773;SG3,SDG,TTS,HDG,
T230;28709;0;0;0.00424721;0.00382354;0.00311568;0.00249087;0.00205171;0.00196477;0.00209176;SG3,SDG,TTS,HDG,
T230;57419;0;0;0.00643204;0.00599204;0.0052236;0.0044619;0.00371934;0.00301968;0.00196477;SG3,SDG,TTS,HDG,
T230;86128;0;0;0.00797204;0.00753204;0.00676204;0.00599204;0.0052236;0.0044619;0.00196477;SG3,SDG,TTS,HDG,
T230;57419;0;0;0.00808204;0.00764204;0.00687204;0.00610204;0.00533308;0.00456995;0.00196477;SG3,SDG,TTS,HDG,
T230;87121;0;0;0.00808204;0.00764204;0.00687204;0.00610204;0.00533308;0.00456995;0.00196477;SG3,SDG,TTS,HDG,
KN40;4355;0;0;0.0020148;0.00196477;0.00199442;0.00277186;0.00567697;0.0130556;0.0252471;GALTEC,SDG,BT2,HDG,
KN40;17124;0;0;0.00241314;0.00214847;0.00196477;0.00199442;0.00277186;0.00567697;0.0130556;GALTEC,SDG,BT2,HDG,
KN40;34250;0;0;0.00371934;0.0033121;0.00265631;0.00214847;0.00196477;0.00199442;0.00277186;GALTEC,SDG,BT2,HDG,
KN40;17124;0;0;0.00676204;0.00632204;0.0055524;0.004787;0.00403409;0.0033121;0.00196477;GALTEC,SDG,BT2,HDG,
KN40;17124;0;0;0.00753204;0.00709204;0.00632204;0.0055524;0.004787;0.00403409;0.00196477;GALTEC,SDG,BT2,HDG,
KN40;17124;0;0;0.00808204;0.00764204;0.00687204;0.00610204;0.00533308;0.00456995;0.00196477;GALTEC,SDG,BT2,HDG,
KN40;17124;0;0;0.00808204;0.00764204;0.00687204;0.00610204;0.00533308;0.00456995;0.00196477;GALTEC,SDG,BT2,HDG,
KN40;26396;0;0;0.00274359;0.00241314;0.0020148;0.00196477;0.00217226;0.00364156;0.00817559;SG3,SDG,TTS,HDG,
KN40;26396;0;0;0.00808204;0.00764204;0.00687204;0.00610204;0.00533308;0.00456995;0.00196477;SG3,SDG,TTS,HDG,
KK50;24590;0;0;0.00292537;0.00257191;0.00209667;0.00196477;0.00203321;0.00301436;0.00639731;GEBEITST,
T230;49984;0;0;0.00424721;0.00382354;0.00311568;0.00249087;0.00205171;0.00196477;0.00209176;BAF_HNX,BAF,BT2,ELG,
T230;99970;0;0;0.00621204;0.00577204;0.00500497;0.00424721;0.00351372;0.00283292;0.00196477;BAF_HNX,BAF,BT2,ELG,
KM50;24330;0;0;0.00599204;0.0055524;0.004787;0.00403409;0.0033121;0.00265631;0.00196477;GEBEITST,
KM50;21424;0;0;0.00227048;0.00205171;0.00196477;0.00209176;0.00330309;0.00722707;0.0160717;GEBEITST,
KM50;85694;0;0;0.00265631;0.00233967;0.00198813;0.00196477;0.00227747;0.00404042;0.00923905;GEBEITST,
KM50;42847;0;0;0.00414042;0.00371934;0.00301968;0.00241314;0.0020148;0.00196477;0.00217226;GEBEITST,
KM50;21424;0;0;0.00424721;0.00382354;0.00311568;0.00249087;0.00205171;0.00196477;0.00209176;GEBEITST,
KM50;42847;0;0;0.00654204;0.00610204;0.00533308;0.00456995;0.00382354;0.00311568;0.00196477;GEBEITST,
KM50;42847;0;0;0.00731204;0.00687204;0.00610204;0.00533308;0.00456995;0.00382354;0.00196477;GEBEITST,
KM50;42847;0;0;0.00808204;0.00764204;0.00687204;0.00610204;0.00533308;0.00456995;0.00196477;GEBEITST,
KM50;42847;0;0;0.00808204;0.00764204;0.00687204;0.00610204;0.00533308;0.00456995;0.00196477;GEBEITST,
LK70;32233;0;0;0.00321322;0.00283292;0.00227048;0.0019711;0.00196477;0.00240998;0.00450773;SG3,SDG,TTS,HDG,
LK70;32233;0;0;0.0039284;0.00351372;0.00283292;0.00227048;0.0019711;0.00196477;0.00240998;SG3,SDG,TTS,HDG,
LK70;16116;0;0;0.00424721;0.00382354;0.00311568;0.00249087;0.00205171;0.00196477;0.00209176;SG3,SDG,TTS,HDG,
LK70;32233;0;0;0.00643204;0.00599204;0.0052236;0.0044619;0.00371934;0.00301968;0.00196477;SG3,SDG,TTS,HDG,
LK70;16116;0;0;0.00720204;0.00676204;0.00599204;0.0052236;0.0044619;0.00371934;0.00196477;SG3,SDG,TTS,HDG,
LK70;16116;0;0;0.00797204;0.00753204;0.00676204;0.00599204;0.0052236;0.0044619;0.00196477;SG3,SDG,TTS,HDG,
LK70;16116;0;0;0.00808204;0.00764204;0.00687204;0.00610204;0.00533308;0.00456995;0.00196477;SG3,SDG,TTS,HDG,
LK70;16116;0;0;0.00808204;0.00764204;0.00687204;0.00610204;0.00533308;0.00456995;0.00196477;SG3,SDG,TTS,HDG,
K710;24379;0;0;0.0104179;0.0145202;0.0212855;0.0368895;0.057376;0.082757;0.113036;CAPL,TTS,
K710;24379;0;0;0.0104179;0.0145202;0.0212855;0.0368895;0.057376;0.082757;0.113036;CAPL,TTS,
K710;24379;0;0;0.00240998;0.00301436;0.00450773;0.0104179;0.0212855;0.0368895;0.057376;CAPL,TTS,
K710;48759;0;0;0.00196477;0.00203321;0.00240998;0.00450773;0.0104179;0.0212855;0.0368895;CAPL,TTS,
K710;24379;0;0;0.00321322;0.00283292;0.00227048;0.0019711;0.00196477;0.00240998;0.00450773;CAPL,TTS,
K710;24379;0;0;0.0039284;0.00351372;0.00283292;0.00227048;0.0019711;0.00196477;0.00240998;CAPL,TTS,
K710;24379;0;0;0.0039284;0.00351372;0.00283292;0.00227048;0.0019711;0.00196477;0.00240998;CAPL,TTS,
K710;24379;0;0;0.00424721;0.00382354;0.00311568;0.00249087;0.00205171;0.00196477;0.00209176;CAPL,TTS,
KN30;22337;0;0;0.00382354;0.00341243;0.00274359;0.00220669;0.00196477;0.00197231;0.00257305;GALTEC,SDG,TTS,HDG,
L630;6017;0;0;0.00214847;0.00198813;0.00196477;0.00227747;0.00404042;0.00923905;0.0194514;SG3,SDG,TTS,HDG,
L630;25009;0;0;0.00265631;0.00233967;0.00198813;0.00196477;0.00227747;0.00404042;0.00923905;SG3,SDG,TTS,HDG,
L630;25009;0;0;0.00321322;0.00283292;0.00227048;0.0019711;0.00196477;0.00240998;0.00450773;SG3,SDG,TTS,HDG,
L630;25009;0;0;0.0039284;0.00351372;0.00283292;0.00227048;0.0019711;0.00196477;0.00240998;SG3,SDG,TTS,HDG,
L630;25009;0;0;0.00632204;0.00588204;0.00511421;0.00435446;0.003616;0.00292537;0.00196477;SG3,SDG,TTS,HDG,
L630;25009;0;0;0.00709204;0.00665204;0.00588204;0.00511421;0.00435446;0.003616;0.00196477;SG3,SDG,TTS,HDG,
L630;25009;0;0;0.00786204;0.00742204;0.00665204;0.00588204;0.00511421;0.00435446;0.00196477;SG3,SDG,TTS,HDG,
K320;19041;0;0;0.00414042;0.00371934;0.00301968;0.00241314;0.0020148;0.00196477;0.00217226;GEBEITST,
TB40;21953;0;0;0.0039284;0.00351372;0.00283292;0.00227048;0.0019711;0.00196477;0.00240998;CAPL,TTS,ELG,
TB40;21953;0;0;0.00632204;0.00588204;0.00511421;0.00435446;0.003616;0.00292537;0.00196477;CAPL,TTS,ELG,
K710;21262;0;0;0.00786204;0.00742204;0.00665204;0.00588204;0.00511421;0.00435446;0.00196477;CAPL,TTS,
K710;21262;0;0;0.00808204;0.00764204;0.00687204;0.00610204;0.00533308;0.00456995;0.00196477;CAPL,TTS,
KN30;21999;0;0;0.00257191;0.00227048;0.0019711;0.00196477;0.00240998;0.00450773;0.0104179;GALTEC,SDG,BT2,HDG,
KN30;43999;0;0;0.00424721;0.00382354;0.00311568;0.00249087;0.00205171;0.00196477;0.00209176;GALTEC,SDG,BT2,HDG,
KN30;21999;0;0;0.00698204;0.00654204;0.00577204;0.00500497;0.00424721;0.00351372;0.00196477;GALTEC,SDG,BT2,HDG,
KN30;21999;0;0;0.00808204;0.00764204;0.00687204;0.00610204;0.00533308;0.00456995;0.00196477;GALTEC,SDG,BT2,HDG,
T230;28313;0;0;0.00808204;0.00764204;0.00687204;0.00610204;0.00533308;0.00456995;0.00196477;SG3,SDG,TTS,HDG,
T230;56625;0;0;0.00808204;0.00764204;0.00687204;0.00610204;0.00533308;0.00456995;0.00196477;SG3,SDG,TTS,HDG,
KT70;20098;0;0;0.00371934;0.0033121;0.00265631;0.00214847;0.00196477;0.00199442;0.00277186;GEBEITST,
KT70;20098;0;0;0.00414042;0.00371934;0.00301968;0.00241314;0.0020148;0.00196477;0.00217226;GEBEITST,
LK40;20567;0;0;0.00775204;0.00731204;0.00654204;0.00577204;0.00500497;0.00424721;0.00196477;GEBEITST,
TB80;27560;0;0;0.00424721;0.00382354;0.00311568;0.00249087;0.00205171;0.00196477;0.00209176;SG3,SDG,TTS,HDG,
TB80;41339;0;0;0.00621204;0.00577204;0.00500497;0.00424721;0.00351372;0.00283292;0.00196477;SG3,SDG,TTS,HDG,
TB80;27560;0;0;0.00720204;0.00676204;0.00599204;0.0052236;0.0044619;0.00371934;0.00196477;SG3,SDG,TTS,HDG,
TB80;55119;0;0;0.00797204;0.00753204;0.00676204;0.00599204;0.0052236;0.0044619;0.00196477;SG3,SDG,TTS,HDG,
TB80;55119;0;0;0.00808204;0.00764204;0.00687204;0.00610204;0.00533308;0.00456995;0.00196477;SG3,SDG,TTS,HDG,
TB80;41339;0;0;0.00808204;0.00764204;0.00687204;0.00610204;0.00533308;0.00456995;0.00196477;SG3,SDG,TTS,HDG,
K110;26455;0;0;0.00341243;0.00301968;0.00241314;0.0020148;0.00196477;0.00217226;0.00364156;CAPL,TTS,ELG,
K110;26455;0;0;0.0039284;0.00351372;0.00283292;0.00227048;0.0019711;0.00196477;0.00240998;CAPL,TTS,ELG,
K110;52908;0;0;0.0039284;0.00351372;0.00283292;0.00227048;0.0019711;0.00196477;0.00240998;CAPL,TTS,ELG,
K110;26455;0;0;0.00424721;0.00382354;0.00311568;0.00249087;0.00205171;0.00196477;0.00209176;CAPL,TTS,ELG,
K110;26455;0;0;0.00643204;0.00599204;0.0052236;0.0044619;0.00371934;0.00301968;0.00196477;CAPL,TTS,ELG,
T220;68092;0;0;0.00808204;0.00764204;0.00687204;0.00610204;0.00533308;0.00456995;0.00196477;BAF_HNX,BAF,TTS,ELG,
KN30;22573;0;0;0.00197231;0.00209176;0.00257305;0.0050491;0.0116869;0.023217;0.0395169;GALTEC,SDG,TTS,HDG,
KM60;29619;0;0;0.00301968;0.00265631;0.00214847;0.00196477;0.00199442;0.00277186;0.00567697;GEBEITST,
K460;55204;0;0;0.00639731;0.00923905;0.0145202;0.0273767;0.0450707;0.0676541;0.0951337;GEBEITST,
K460;82805;0;0;0.00198813;0.00196477;0.00203321;0.00301436;0.00639731;0.0145202;0.0273767;GEBEITST,
K460;39821;0;0;0.00639731;0.00923905;0.0145202;0.0273767;0.0450707;0.0676541;0.0951337;GEBEITST,
K460;115496;0;0;0.00203321;0.00227747;0.00301436;0.00639731;0.0145202;0.0273767;0.0450707;GEBEITST,
K460;115496;0;0;0.003616;0.00321322;0.00257191;0.00209667;0.00196477;0.00203321;0.00301436;GEBEITST,
K460;54963;0;0;0.00301436;0.00404042;0.00639731;0.0145202;0.0273767;0.0450707;0.0676541;GEBEITST,
T230;22021;0;0;0.00277186;0.00364156;0.00567697;0.0130556;0.0252471;0.0422437;0.0641281;SG3,SDG,BT2,HDG,
T230;22021;0;0;0.00775204;0.00731204;0.00654204;0.00577204;0.00500497;0.00424721;0.00196477;SG3,SDG,BT2,HDG,
T220;55761;0;0;0.00227048;0.00205171;0.00196477;0.00209176;0.00330309;0.00722707;0.0160717;BAF_HNX,BAF,TTS,ELG,
T220;27880;0;0;0.00283292;0.00249087;0.00205171;0.00196477;0.00209176;0.00330309;0.00722707;BAF_HNX,BAF,TTS,ELG,
T220;55761;0;0;0.00351372;0.00311568;0.00249087;0.00205171;0.00196477;0.00209176;0.00330309;BAF_HNX,BAF,TTS,ELG,
T220;55761;0;0;0.0039284;0.00351372;0.00283292;0.00227048;0.0019711;0.00196477;0.00240998;BAF_HNX,BAF,TTS,ELG,
T220;27880;0;0;0.00424721;0.00382354;0.00311568;0.00249087;0.00205171;0.00196477;0.00209176;BAF_HNX,BAF,TTS,ELG,
T220;55761;0;0;0.00424721;0.00382354;0.00311568;0.00249087;0.00205171;0.00196477;0.00209176;BAF_HNX,BAF,TTS,ELG,
LK60;72989;0;0;0.00404042;0.00567697;0.00923905;0.0194514;0.0343621;0.0541498;0.0788313;GEBEITST,
K110;27705;0;0;0.00292537;0.00257191;0.00209667;0.00196477;0.00203321;0.00301436;0.00639731;CAPL,TTS,ELG,
K110;27705;0;0;0.003616;0.00321322;0.00257191;0.00209667;0.00196477;0.00203321;0.00301436;CAPL,TTS,ELG,
K110;27705;0;0;0.0039284;0.00351372;0.00283292;0.00227048;0.0019711;0.00196477;0.00240998;CAPL,TTS,ELG,
K110;27705;0;0;0.00424721;0.00382354;0.00311568;0.00249087;0.00205171;0.00196477;0.00209176;CAPL,TTS,ELG,
K110;27705;0;0;0.00588204;0.00544262;0.00467823;0.0039284;0.00321322;0.00257191;0.00196477;CAPL,TTS,ELG,
K110;27705;0;0;0.00665204;0.00621204;0.00544262;0.00467823;0.0039284;0.00321322;0.00196477;CAPL,TTS,ELG,
K320;30103;0;0;0.00676204;0.00632204;0.0055524;0.004787;0.00403409;0.0033121;0.00196477;GEBEITST,
K320;105781;0;0;0.00753204;0.00709204;0.00632204;0.0055524;0.004787;0.00403409;0.00196477;GEBEITST,
K320;79336;0;0;0.00808204;0.00764204;0.00687204;0.00610204;0.00533308;0.00456995;0.00196477;GEBEITST,
K320;105781;0;0;0.00808204;0.00764204;0.00687204;0.00610204;0.00533308;0.00456995;0.00196477;GEBEITST,
K320;79336;0;0;0.00808204;0.00764204;0.00687204;0.00610204;0.00533308;0.00456995;0.00196477;GEBEITST,
K320;105781;0;0;0.00808204;0.00764204;0.00687204;0.00610204;0.00533308;0.00456995;0.00196477;GEBEITST,
LT70;16085;0;0;0.00241314;0.00214847;0.00196477;0.00199442;0.00277186;0.00567697;0.0130556;SG3,SDG,TTS,HDG,
LT70;16085;0;0;0.00424721;0.00382354;0.00311568;0.00249087;0.00205171;0.00196477;0.00209176;SG3,SDG,TTS,HDG,
KN40;15714;0;0;0.0039284;0.00351372;0.00283292;0.00227048;0.0019711;0.00196477;0.00240998;GALTEC,SDG,TTS,HDG,
KN40;31428;0;0;0.00709204;0.00665204;0.00588204;0.00511421;0.00435446;0.003616;0.00196477;GALTEC,SDG,TTS,HDG,
L920;31803;0;0;0.0750055;0.0867826;0.103885;0.137663;0.176341;0.219919;0.268397;SG3,SDG,TTS,HDG,
L920;84809;0;0;0.132538;0.148214;0.170516;0.213394;0.261172;0.31385;0.371428;SG3,SDG,TTS,HDG,
L920;47705;0;0;0.00241314;0.00214847;0.00196477;0.00199442;0.00277186;0.00567697;0.0130556;SG3,SDG,TTS,HDG,
L920;31803;0;0;0.003616;0.00321322;0.00257191;0.00209667;0.00196477;0.00203321;0.00301436;SG3,SDG,TTS,HDG,
L920;47705;0;0;0.0039284;0.00351372;0.00283292;0.00227048;0.0019711;0.00196477;0.00240998;SG3,SDG,TTS,HDG,
KM30;25387;0;0;0.00382354;0.00341243;0.00274359;0.00220669;0.00196477;0.00197231;0.00257305;GEBEITST,
KM30;25387;0;0;0.00764204;0.00720204;0.00643204;0.00566213;0.00489585;0.00414042;0.00196477;GEBEITST,
KM20;26728;0;0;0.00731204;0.00687204;0.00610204;0.00533308;0.00456995;0.00382354;0.00196477;GEBEITST,
L620;26577;0;0;0.00424721;0.00382354;0.00311568;0.00249087;0.00205171;0.00196477;0.00209176;GALTEC,SDG,TTS,HDG,
KM50;24330;0;0;0.00241314;0.00214847;0.00196477;0.00199442;0.00277186;0.00567697;0.0130556;GEBEITST,
KM50;24330;0;0;0.00676204;0.00632204;0.0055524;0.004787;0.00403409;0.0033121;0.00196477;GEBEITST,
TB50;23701;0;0;0.00371934;0.0033121;0.00265631;0.00214847;0.00196477;0.00199442;0.00277186;CAPL,BT2,ELG,
K570;12280;0;0;0.00199442;0.00217226;0.00277186;0.00567697;0.0130556;0.0252471;0.0422437;GEBEITST,
K570;23034;0;0;0.0020148;0.00196477;0.00199442;0.00277186;0.00567697;0.0130556;0.0252471;GEBEITST,
K570;23034;0;0;0.00241314;0.00214847;0.00196477;0.00199442;0.00277186;0.00567697;0.0130556;GEBEITST,
K570;23034;0;0;0.00371934;0.0033121;0.00265631;0.00214847;0.00196477;0.00199442;0.00277186;GEBEITST,
K570;46069;0;0;0.00414042;0.00371934;0.00301968;0.00241314;0.0020148;0.00196477;0.00217226;GEBEITST,
K570;23034;0;0;0.00424721;0.00382354;0.00311568;0.00249087;0.00205171;0.00196477;0.00209176;GEBEITST,
K570;23034;0;0;0.00599204;0.0055524;0.004787;0.00403409;0.0033121;0.00265631;0.00196477;GEBEITST,
K570;23034;0;0;0.00676204;0.00632204;0.0055524;0.004787;0.00403409;0.0033121;0.00196477;GEBEITST,
KK50;26728;0;0;0.00301436;0.00404042;0.00639731;0.0145202;0.0273767;0.0450707;0.0676541;GEBEITST,
KK50;26728;0;0;0.00808204;0.00764204;0.00687204;0.00610204;0.00533308;0.00456995;0.00196477;GEBEITST,
KN20;9892;0;0;0.00764204;0.00720204;0.00643204;0.00566213;0.00489585;0.00414042;0.00196477;BAF_HNX,BAF,BT2,
K140;25340;0;0;0.00808204;0.00764204;0.00687204;0.00610204;0.00533308;0.00456995;0.00196477;GALTEC,SDG,TTS,HDG,
K140;25340;0;0;0.00808204;0.00764204;0.00687204;0.00610204;0.00533308;0.00456995;0.00196477;GALTEC,SDG,TTS,HDG,
K200;22214;0;0;0.00414042;0.00371934;0.00301968;0.00241314;0.0020148;0.00196477;0.00217226;GEBEITST,
KK50;19318;0;0;0.00588204;0.00544262;0.00467823;0.0039284;0.00321322;0.00257191;0.00196477;GEBEITST,
KK50;19318;0;0;0.00742204;0.00698204;0.00621204;0.00544262;0.00467823;0.0039284;0.00196477;GEBEITST,
TB40;27681;0;0;0.0104179;0.0145202;0.0212855;0.0368895;0.057376;0.082757;0.113036;CAPL,TTS,ELG,
TB40;27681;0;0;0.00351372;0.00311568;0.00249087;0.00205171;0.00196477;0.00209176;0.00330309;CAPL,TTS,ELG,
TB40;27681;0;0;0.0039284;0.00351372;0.00283292;0.00227048;0.0019711;0.00196477;0.00240998;CAPL,TTS,ELG,
TB40;27681;0;0;0.00424721;0.00382354;0.00311568;0.00249087;0.00205171;0.00196477;0.00209176;CAPL,TTS,ELG,
TB40;27681;0;0;0.00424721;0.00382354;0.00311568;0.00249087;0.00205171;0.00196477;0.00209176;CAPL,TTS,ELG,
K110;57566;0;0;0.0039284;0.00351372;0.00283292;0.00227048;0.0019711;0.00196477;0.00240998;CAPL,TTS,ELG,
K110;57566;0;0;0.00424721;0.00382354;0.00311568;0.00249087;0.00205171;0.00196477;0.00209176;CAPL,TTS,ELG,
K110;57566;0;0;0.00424721;0.00382354;0.00311568;0.00249087;0.00205171;0.00196477;0.00209176;CAPL,TTS,ELG,
K110;57566;0;0;0.00654204;0.00610204;0.00533308;0.00456995;0.00382354;0.00311568;0.00196477;CAPL,TTS,ELG,
K110;57566;0;0;0.00731204;0.00687204;0.00610204;0.00533308;0.00456995;0.00382354;0.00196477;CAPL,TTS,ELG,
K110;50930;0;0;0.0039284;0.00351372;0.00283292;0.00227048;0.0019711;0.00196477;0.00240998;CAPL,TTS,ELG,
K110;55209;0;0;0.00424721;0.00382354;0.00311568;0.00249087;0.00205171;0.00196477;0.00209176;CAPL,TTS,ELG,
K110;55209;0;0;0.00424721;0.00382354;0.00311568;0.00249087;0.00205171;0.00196477;0.00209176;CAPL,TTS,ELG,
K110;27604;0;0;0.00654204;0.00610204;0.00533308;0.00456995;0.00382354;0.00311568;0.00196477;CAPL,TTS,ELG,
T230;28807;0;0;0.00424721;0.00382354;0.00311568;0.00249087;0.00205171;0.00196477;0.00209176;CAPL,TTS,ELG,
TB40;25303;0;0;0.00424721;0.00382354;0.00311568;0.00249087;0.00205171;0.00196477;0.00209176;CAPL,TTS,ELG,
KM30;44428;0;0;0.00364156;0.0050491;0.00817559;0.0177148;0.031934;0.0510236;0.0750055;GEBEITST,
KM30;22214;0;0;0.00265631;0.00233967;0.00198813;0.00196477;0.00227747;0.00404042;0.00923905;GEBEITST,
T230;19924;0;0;0.00403409;0.003616;0.00292537;0.00233967;0.00198813;0.00196477;0.00227747;GALTEC,SDG,BT2,HDG,
T230;21025;0;0;0.00808204;0.00764204;0.00687204;0.00610204;0.00533308;0.00456995;0.00196477;BAF_HNX,BAF,TTS,ELG,
LK40;19318;0;0;0.00414042;0.00371934;0.00301968;0.00241314;0.0020148;0.00196477;0.00217226;GEBEITST,
LK40;19318;0;0;0.00808204;0.00764204;0.00687204;0.00610204;0.00533308;0.00456995;0.00196477;GEBEITST,
K110;26646;0;0;0.00808204;0.00764204;0.00687204;0.00610204;0.00533308;0.00456995;0.00196477;BAF_HNX,BAF,TTS,ELG,
LK70;29419;0;0;0.00808204;0.00764204;0.00687204;0.00610204;0.00533308;0.00456995;0.00196477;SG3,SDG,TTS,HDG,
K320;22495;0;0;0.00665204;0.00621204;0.00544262;0.00467823;0.0039284;0.00321322;0.00196477;GEBEITST,
K130;38780;0;0;0.00764204;0.00720204;0.00643204;0.00566213;0.00489585;0.00414042;0.00196477;BAF_HNX,BAF,TTS,
K130;24745;0;0;0.00808204;0.00764204;0.00687204;0.00610204;0.00533308;0.00456995;0.00196477;BAF_HNX,BAF,TTS,
K130;49490;0;0;0.00808204;0.00764204;0.00687204;0.00610204;0.00533308;0.00456995;0.00196477;BAF_HNX,BAF,TTS,
T230;64292;0;0;0.00424721;0.00382354;0.00311568;0.00249087;0.00205171;0.00196477;0.00209176;BAF_HNX,BAF,TTS,ELG,
T230;64292;0;0;0.00588204;0.00544262;0.00467823;0.0039284;0.00321322;0.00257191;0.00196477;BAF_HNX,BAF,TTS,ELG,
TB40;22079;0;0;0.0104179;0.0145202;0.0212855;0.0368895;0.057376;0.082757;0.113036;CAPL,TTS,ELG,
TB40;27681;0;0;0.00283292;0.00249087;0.00205171;0.00196477;0.00209176;0.00330309;0.00722707;CAPL,TTS,ELG,
TB40;27681;0;0;0.00424721;0.00382354;0.00311568;0.00249087;0.00205171;0.00196477;0.00209176;CAPL,TTS,ELG,
KN20;12878;0;0;0.00424721;0.00382354;0.00311568;0.00249087;0.00205171;0.00196477;0.00209176;GALTEC,SDG,BT2,HDG,
KN20;15996;0;0;0.00720204;0.00676204;0.00599204;0.0052236;0.0044619;0.00371934;0.00196477;GALTEC,SDG,BT2,HDG,
KN20;15996;0;0;0.00808204;0.00764204;0.00687204;0.00610204;0.00533308;0.00456995;0.00196477;GALTEC,SDG,BT2,HDG,
K320;26445;0;0;0.00676204;0.00632204;0.0055524;0.004787;0.00403409;0.0033121;0.00196477;GEBEITST,
K320;26445;0;0;0.00808204;0.00764204;0.00687204;0.00610204;0.00533308;0.00456995;0.00196477;GEBEITST,
K320;26445;0;0;0.00808204;0.00764204;0.00687204;0.00610204;0.00533308;0.00456995;0.00196477;GEBEITST,
K320;24330;0;0;0.00808204;0.00764204;0.00687204;0.00610204;0.00533308;0.00456995;0.00196477;GEBEITST,
KM50;16925;0;0;0.00265631;0.00233967;0.00198813;0.00196477;0.00227747;0.00404042;0.00923905;GEBEITST,
KM80;23272;0;0;0.00265631;0.00233967;0.00198813;0.00196477;0.00227747;0.00404042;0.00923905;GEBEITST,
T230;23599;0;0;0.00632204;0.00588204;0.00511421;0.00435446;0.003616;0.00292537;0.00196477;GALTEC,SDG,BT2,HDG,
KM60;50775;0;0;0.00797204;0.00753204;0.00676204;0.00599204;0.0052236;0.0044619;0.00196477;GEBEITST,
KT30;41500;0;0;0.00599204;0.0055524;0.004787;0.00403409;0.0033121;0.00265631;0.00196477;CAPL,BT2,
KT30;41500;0;0;0.00808204;0.00764204;0.00687204;0.00610204;0.00533308;0.00456995;0.00196477;CAPL,BT2,
K450;67310;0;0;0.0020148;0.00196477;0.00199442;0.00277186;0.00567697;0.0130556;0.0252471;CAPL,TTS,
K450;33655;0;0;0.00321322;0.00283292;0.00227048;0.0019711;0.00196477;0.00240998;0.00450773;CAPL,TTS,
K450;33655;0;0;0.00621204;0.00577204;0.00500497;0.00424721;0.00351372;0.00283292;0.00196477;CAPL,TTS,
TB50;20632;0;0;0.00588204;0.00544262;0.00467823;0.0039284;0.00321322;0.00257191;0.00196477;SG3,SDG,TTS,HDG,
TB50;31370;0;0;0.00808204;0.00764204;0.00687204;0.00610204;0.00533308;0.00456995;0.00196477;SG3,SDG,TTS,HDG,
T230;21117;0;0;0.00599204;0.0055524;0.004787;0.00403409;0.0033121;0.00265631;0.00196477;GALTEC,SDG,BT2,HDG,
T230;21117;0;0;0.00753204;0.00709204;0.00632204;0.0055524;0.004787;0.00403409;0.00196477;GALTEC,SDG,BT2,HDG,
T230;21117;0;0;0.00808204;0.00764204;0.00687204;0.00610204;0.00533308;0.00456995;0.00196477;GALTEC,SDG,BT2,HDG,
T230;21117;0;0;0.00808204;0.00764204;0.00687204;0.00610204;0.00533308;0.00456995;0.00196477;GALTEC,SDG,BT2,HDG,
K320;12541;0;0;0.00371934;0.0033121;0.00265631;0.00214847;0.00196477;0.00199442;0.00277186;GEBEITST,
K320;26445;0;0;0.00424721;0.00382354;0.00311568;0.00249087;0.00205171;0.00196477;0.00209176;GEBEITST,
K320;79336;0;0;0.00599204;0.0055524;0.004787;0.00403409;0.0033121;0.00265631;0.00196477;GEBEITST,
K320;26445;0;0;0.00676204;0.00632204;0.0055524;0.004787;0.00403409;0.0033121;0.00196477;GEBEITST,
K320;79336;0;0;0.00753204;0.00709204;0.00632204;0.0055524;0.004787;0.00403409;0.00196477;GEBEITST,
K320;52891;0;0;0.00808204;0.00764204;0.00687204;0.00610204;0.00533308;0.00456995;0.00196477;GEBEITST,
K320;79336;0;0;0.00808204;0.00764204;0.00687204;0.00610204;0.00533308;0.00456995;0.00196477;GEBEITST,
K320;26445;0;0;0.00808204;0.00764204;0.00687204;0.00610204;0.00533308;0.00456995;0.00196477;GEBEITST,
LK50;24330;0;0;0.00643204;0.00599204;0.0052236;0.0044619;0.00371934;0.00301968;0.00196477;GEBEITST,
KK80;23056;0;0;0.00209176;0.00240998;0.00330309;0.00722707;0.0160717;0.0296055;0.0479972;GEBEITST,
LK60;114731;0;0;0.00257305;0.00330309;0.0050491;0.0116869;0.023217;0.0395169;0.0607021;GEBEITST,
LK60;229480;0;0;0.00382354;0.00341243;0.00274359;0.00220669;0.00196477;0.00197231;0.00257305;GEBEITST,
KK80;151085;0;0;0.0712798;0.082757;0.0994592;0.132538;0.170516;0.213394;0.261172;GEBEITST,
KK80;151085;0;0;0.0160717;0.0212855;0.0296055;0.0479972;0.0712798;0.0994592;0.132538;GEBEITST,
KK80;176266;0;0;0.00722707;0.0104179;0.0160717;0.0296055;0.0479972;0.0712798;0.0994592;GEBEITST,
KK80;125904;0;0;0.00209176;0.00240998;0.00330309;0.00722707;0.0160717;0.0296055;0.0479972;GEBEITST,
T210;14840;0;0;0.00698204;0.00654204;0.00577204;0.00500497;0.00424721;0.00351372;0.00196477;GALTEC,SDG,BT2,HDG,
LK60;75161;0;0;0.0050491;0.00722707;0.0116869;0.023217;0.0395169;0.0607021;0.0867826;GEBEITST,
LK60;138336;0;0;0.00382354;0.00341243;0.00274359;0.00220669;0.00196477;0.00197231;0.00257305;GEBEITST,
KN40;29766;0;0;0.00196477;0.00203321;0.00240998;0.00450773;0.0104179;0.0212855;0.0368895;SG3,SDG,TTS,HDG,
KN40;29766;0;0;0.0020148;0.00196477;0.00199442;0.00277186;0.00567697;0.0130556;0.0252471;SG3,SDG,TTS,HDG,
KN40;29766;0;0;0.0039284;0.00351372;0.00283292;0.00227048;0.0019711;0.00196477;0.00240998;SG3,SDG,TTS,HDG,
KN40;29766;0;0;0.00632204;0.00588204;0.00511421;0.00435446;0.003616;0.00292537;0.00196477;SG3,SDG,TTS,HDG,
KN40;89298;0;0;0.00709204;0.00665204;0.00588204;0.00511421;0.00435446;0.003616;0.00196477;SG3,SDG,TTS,HDG,
KN40;29766;0;0;0.00786204;0.00742204;0.00665204;0.00588204;0.00511421;0.00435446;0.00196477;SG3,SDG,TTS,HDG,
KN40;29766;0;0;0.00808204;0.00764204;0.00687204;0.00610204;0.00533308;0.00456995;0.00196477;SG3,SDG,TTS,HDG,
T230;87827;0;0;0.00227048;0.00205171;0.00196477;0.00209176;0.00330309;0.00722707;0.0160717;BAF_HNX,BAF,TTS,ELG,
T230;246637;0;0;0.00292537;0.00257191;0.00209667;0.00196477;0.00203321;0.00301436;0.00639731;BAF_HNX,BAF,TTS,ELG,
T230;277466;0;0;0.003616;0.00321322;0.00257191;0.00209667;0.00196477;0.00203321;0.00301436;BAF_HNX,BAF,TTS,ELG,
T230;184977;0;0;0.0039284;0.00351372;0.00283292;0.00227048;0.0019711;0.00196477;0.00240998;BAF_HNX,BAF,TTS,ELG,
T230;184977;0;0;0.00424721;0.00382354;0.00311568;0.00249087;0.00205171;0.00196477;0.00209176;BAF_HNX,BAF,TTS,ELG,
T230;184977;0;0;0.00588204;0.00544262;0.00467823;0.0039284;0.00321322;0.00257191;0.00196477;BAF_HNX,BAF,TTS,ELG,
T230;184977;0;0;0.00665204;0.00621204;0.00544262;0.00467823;0.0039284;0.00321322;0.00196477;BAF_HNX,BAF,TTS,ELG,
T230;184977;0;0;0.00742204;0.00698204;0.00621204;0.00544262;0.00467823;0.0039284;0.00196477;BAF_HNX,BAF,TTS,ELG,
LK60;83615;0;0;0.0050491;0.00722707;0.0116869;0.023217;0.0395169;0.0607021;0.0867826;GEBEITST,
T210;27703;0;0;0.00599204;0.0055524;0.004787;0.00403409;0.0033121;0.00265631;0.00196477;SG3,SDG,TTS,HDG,
L620;25643;0;0;0.00424721;0.00382354;0.00311568;0.00249087;0.00205171;0.00196477;0.00209176;GALTEC,SDG,BT2,HDG,
L620;12822;0;0;0.00676204;0.00632204;0.0055524;0.004787;0.00403409;0.0033121;0.00196477;GALTEC,SDG,BT2,HDG,
LK70;42049;0;0;0.00227048;0.00205171;0.00196477;0.00209176;0.00330309;0.00722707;0.0160717;SG3,SDG,TTS,HDG,
LK70;63846;0;0;0.00292537;0.00257191;0.00209667;0.00196477;0.00203321;0.00301436;0.00639731;SG3,SDG,TTS,HDG,
LK70;21282;0;0;0.003616;0.00321322;0.00257191;0.00209667;0.00196477;0.00203321;0.00301436;SG3,SDG,TTS,HDG,
LK70;42564;0;0;0.0039284;0.00351372;0.00283292;0.00227048;0.0019711;0.00196477;0.00240998;SG3,SDG,TTS,HDG,
LK70;21282;0;0;0.00588204;0.00544262;0.00467823;0.0039284;0.00321322;0.00257191;0.00196477;SG3,SDG,TTS,HDG,
LK70;42564;0;0;0.00665204;0.00621204;0.00544262;0.00467823;0.0039284;0.00321322;0.00196477;SG3,SDG,TTS,HDG,
LK70;63846;0;0;0.00742204;0.00698204;0.00621204;0.00544262;0.00467823;0.0039284;0.00196477;SG3,SDG,TTS,HDG,
LK70;63846;0;0;0.00808204;0.00764204;0.00687204;0.00610204;0.00533308;0.00456995;0.00196477;SG3,SDG,TTS,HDG,
LK70;21282;0;0;0.00808204;0.00764204;0.00687204;0.00610204;0.00533308;0.00456995;0.00196477;SG3,SDG,TTS,HDG,
T210;27798;0;0;0.00196477;0.00199442;0.00227747;0.00404042;0.00923905;0.0194514;0.0343621;SG3,SDG,TTS,HDG,
T210;55595;0;0;0.00599204;0.0055524;0.004787;0.00403409;0.0033121;0.00265631;0.00196477;SG3,SDG,TTS,HDG,
T210;27798;0;0;0.00808204;0.00764204;0.00687204;0.00610204;0.00533308;0.00456995;0.00196477;SG3,SDG,TTS,HDG,
T210;55595;0;0;0.00599204;0.0055524;0.004787;0.00403409;0.0033121;0.00265631;0.00196477;SG3,SDG,TTS,HDG,
T210;55595;0;0;0.00808204;0.00764204;0.00687204;0.00610204;0.00533308;0.00456995;0.00196477;SG3,SDG,TTS,HDG,
KM80;46544;0;0;0.0020148;0.00196477;0.00199442;0.00277186;0.00567697;0.0130556;0.0252471;GEBEITST,
KM80;46544;0;0;0.00241314;0.00214847;0.00196477;0.00199442;0.00277186;0.00567697;0.0130556;GEBEITST,
KM80;46544;0;0;0.00424721;0.00382354;0.00311568;0.00249087;0.00205171;0.00196477;0.00209176;GEBEITST,
KM80;46544;0;0;0.00753204;0.00709204;0.00632204;0.0055524;0.004787;0.00403409;0.00196477;GEBEITST,
KM80;23272;0;0;0.00808204;0.00764204;0.00687204;0.00610204;0.00533308;0.00456995;0.00196477;GEBEITST,
LK60;75898;0;0;0.00197231;0.00209176;0.00257305;0.0050491;0.0116869;0.023217;0.0395169;GEBEITST,
KM30;97319;0;0;0.00205171;0.00196477;0.00197231;0.00257305;0.0050491;0.0116869;0.023217;GEBEITST,
KM30;24330;0;0;0.00687204;0.00643204;0.00566213;0.00489585;0.00414042;0.00341243;0.00196477;GEBEITST,
T220;44018;0;0;0.00311568;0.00274359;0.00220669;0.00196477;0.00197231;0.00257305;0.0050491;BAF_HNX,BAF,TTS,ELG,
T220;64878;0;0;0.00321322;0.00283292;0.00227048;0.0019711;0.00196477;0.00240998;0.00450773;BAF_HNX,BAF,TTS,ELG,
T220;32440;0;0;0.00382354;0.00341243;0.00274359;0.00220669;0.00196477;0.00197231;0.00257305;BAF_HNX,BAF,TTS,ELG,
T220;97318;0;0;0.0039284;0.00351372;0.00283292;0.00227048;0.0019711;0.00196477;0.00240998;BAF_HNX,BAF,TTS,ELG,
T220;97318;0;0;0.0039284;0.00351372;0.00283292;0.00227048;0.0019711;0.00196477;0.00240998;BAF_HNX,BAF,TTS,ELG,
T220;64878;0;0;0.0039284;0.00351372;0.00283292;0.00227048;0.0019711;0.00196477;0.00240998;BAF_HNX,BAF,TTS,ELG,
KK80;27202;0;0;0.0712798;0.082757;0.0994592;0.132538;0.170516;0.213394;0.261172;GEBEITST,
KK80;120430;0;0;0.0296055;0.0368895;0.0479972;0.0712798;0.0994592;0.132538;0.170516;GEBEITST,
KK80;168602;0;0;0.0160717;0.0212855;0.0296055;0.0479972;0.0712798;0.0994592;0.132538;GEBEITST,
KK80;120430;0;0;0.00722707;0.0104179;0.0160717;0.0296055;0.0479972;0.0712798;0.0994592;GEBEITST,
KM80;76162;0;0;0.00240998;0.00301436;0.00450773;0.0104179;0.0212855;0.0368895;0.057376;GEBEITST,
KM80;50775;0;0;0.00265631;0.00233967;0.00198813;0.00196477;0.00227747;0.00404042;0.00923905;GEBEITST,
KM80;25387;0;0;0.00341243;0.00301968;0.00241314;0.0020148;0.00196477;0.00217226;0.00364156;GEBEITST,
KM80;25387;0;0;0.00643204;0.00599204;0.0052236;0.0044619;0.00371934;0.00301968;0.00196477;GEBEITST,
KM80;25387;0;0;0.00797204;0.00753204;0.00676204;0.00599204;0.0052236;0.0044619;0.00196477;GEBEITST,
KM80;50775;0;0;0.00808204;0.00764204;0.00687204;0.00610204;0.00533308;0.00456995;0.00196477;GEBEITST,
KM80;24315;0;0;0.00265631;0.00233967;0.00198813;0.00196477;0.00227747;0.00404042;0.00923905;GEBEITST,
KM80;16925;0;0;0.00643204;0.00599204;0.0052236;0.0044619;0.00371934;0.00301968;0.00196477;GEBEITST,
KM80;33850;0;0;0.00797204;0.00753204;0.00676204;0.00599204;0.0052236;0.0044619;0.00196477;GEBEITST,
KM80;16925;0;0;0.00808204;0.00764204;0.00687204;0.00610204;0.00533308;0.00456995;0.00196477;GEBEITST,
T210;27751;0;0;0.00196477;0.00199442;0.00227747;0.00404042;0.00923905;0.0194514;0.0343621;SG3,SDG,TTS,HDG,
T210;55501;0;0;0.0039284;0.00351372;0.00283292;0.00227048;0.0019711;0.00196477;0.00240998;SG3,SDG,TTS,HDG,
T210;55501;0;0;0.00424721;0.00382354;0.00311568;0.00249087;0.00205171;0.00196477;0.00209176;SG3,SDG,TTS,HDG,
T210;55501;0;0;0.00599204;0.0055524;0.004787;0.00403409;0.0033121;0.00265631;0.00196477;SG3,SDG,TTS,HDG,
T210;55501;0;0;0.00676204;0.00632204;0.0055524;0.004787;0.00403409;0.0033121;0.00196477;SG3,SDG,TTS,HDG,
T210;55501;0;0;0.00753204;0.00709204;0.00632204;0.0055524;0.004787;0.00403409;0.00196477;SG3,SDG,TTS,HDG,
T210;55501;0;0;0.00808204;0.00764204;0.00687204;0.00610204;0.00533308;0.00456995;0.00196477;SG3,SDG,TTS,HDG,
T210;27751;0;0;0.00808204;0.00764204;0.00687204;0.00610204;0.00533308;0.00456995;0.00196477;SG3,SDG,TTS,HDG,
TB70;27557;0;0;0.0160717;0.0212855;0.0296055;0.0479972;0.0712798;0.0994592;0.132538;CAPL,TTS,ELG,
TB70;27557;0;0;0.0020148;0.00196477;0.00199442;0.00277186;0.00567697;0.0130556;0.0252471;CAPL,TTS,ELG,
TB70;27557;0;0;0.00301968;0.00265631;0.00214847;0.00196477;0.00199442;0.00277186;0.00567697;CAPL,TTS,ELG,
TB70;27557;0;0;0.00371934;0.0033121;0.00265631;0.00214847;0.00196477;0.00199442;0.00277186;CAPL,TTS,ELG,
TB70;27557;0;0;0.0039284;0.00351372;0.00283292;0.00227048;0.0019711;0.00196477;0.00240998;CAPL,TTS,ELG,
T210;38044;0;0;0.00196477;0.00199442;0.00227747;0.00404042;0.00923905;0.0194514;0.0343621;SG3,SDG,TTS,HDG,
T210;55501;0;0;0.0039284;0.00351372;0.00283292;0.00227048;0.0019711;0.00196477;0.00240998;SG3,SDG,TTS,HDG,
T210;55501;0;0;0.00424721;0.00382354;0.00311568;0.00249087;0.00205171;0.00196477;0.00209176;SG3,SDG,TTS,HDG,
T210;55501;0;0;0.00599204;0.0055524;0.004787;0.00403409;0.0033121;0.00265631;0.00196477;SG3,SDG,TTS,HDG,
T210;55501;0;0;0.00676204;0.00632204;0.0055524;0.004787;0.00403409;0.0033121;0.00196477;SG3,SDG,TTS,HDG,
T210;27751;0;0;0.00753204;0.00709204;0.00632204;0.0055524;0.004787;0.00403409;0.00196477;SG3,SDG,TTS,HDG,
T210;55501;0;0;0.00808204;0.00764204;0.00687204;0.00610204;0.00533308;0.00456995;0.00196477;SG3,SDG,TTS,HDG,
LK60;45939;0;0;0.00257305;0.00330309;0.0050491;0.0116869;0.023217;0.0395169;0.0607021;GEBEITST,
LK60;253378;0;0;0.00257305;0.00330309;0.0050491;0.0116869;0.023217;0.0395169;0.0607021;GEBEITST,
LK60;299447;0;0;0.00197231;0.00209176;0.00257305;0.0050491;0.0116869;0.023217;0.0395169;GEBEITST,
T230;20759;0;0;0.0039284;0.00351372;0.00283292;0.00227048;0.0019711;0.00196477;0.00240998;BAF_HNX,BAF,TTS,ELG,
T210;78527;0;0;0.0039284;0.00351372;0.00283292;0.00227048;0.0019711;0.00196477;0.00240998;SG3,SDG,TTS,HDG,
T210;53224;0;0;0.00424721;0.00382354;0.00311568;0.00249087;0.00205171;0.00196477;0.00209176;SG3,SDG,TTS,HDG,
T210;53224;0;0;0.00599204;0.0055524;0.004787;0.00403409;0.0033121;0.00265631;0.00196477;SG3,SDG,TTS,HDG,
T210;133060;0;0;0.00676204;0.00632204;0.0055524;0.004787;0.00403409;0.0033121;0.00196477;SG3,SDG,TTS,HDG,
T210;53224;0;0;0.00753204;0.00709204;0.00632204;0.0055524;0.004787;0.00403409;0.00196477;SG3,SDG,TTS,HDG,
T210;53224;0;0;0.00808204;0.00764204;0.00687204;0.00610204;0.00533308;0.00456995;0.00196477;SG3,SDG,TTS,HDG,
T210;53224;0;0;0.00808204;0.00764204;0.00687204;0.00610204;0.00533308;0.00456995;0.00196477;SG3,SDG,TTS,HDG,
T210;106448;0;0;0.00808204;0.00764204;0.00687204;0.00610204;0.00533308;0.00456995;0.00196477;SG3,SDG,TTS,HDG,
T210;48089;0;0;0.0039284;0.00351372;0.00283292;0.00227048;0.0019711;0.00196477;0.00240998;SG3,SDG,TTS,HDG,
T210;53224;0;0;0.00424721;0.00382354;0.00311568;0.00249087;0.00205171;0.00196477;0.00209176;SG3,SDG,TTS,HDG,
T210;53224;0;0;0.00599204;0.0055524;0.004787;0.00403409;0.0033121;0.00265631;0.00196477;SG3,SDG,TTS,HDG,
T210;106448;0;0;0.00676204;0.00632204;0.0055524;0.004787;0.00403409;0.0033121;0.00196477;SG3,SDG,TTS,HDG,
T210;53224;0;0;0.00753204;0.00709204;0.00632204;0.0055524;0.004787;0.00403409;0.00196477;SG3,SDG,TTS,HDG,
T210;53224;0;0;0.00808204;0.00764204;0.00687204;0.00610204;0.00533308;0.00456995;0.00196477;SG3,SDG,TTS,HDG,
T210;53224;0;0;0.00808204;0.00764204;0.00687204;0.00610204;0.00533308;0.00456995;0.00196477;SG3,SDG,TTS,HDG,
T210;133060;0;0;0.00808204;0.00764204;0.00687204;0.00610204;0.00533308;0.00456995;0.00196477;SG3,SDG,TTS,HDG,
KM50;22538;0;0;0.0019711;0.00196477;0.00209176;0.00330309;0.00722707;0.0160717;0.0296055;GEBEITST,
KM50;22538;0;0;0.00265631;0.00233967;0.00198813;0.00196477;0.00227747;0.00404042;0.00923905;GEBEITST,
KM50;22538;0;0;0.00424721;0.00382354;0.00311568;0.00249087;0.00205171;0.00196477;0.00209176;GEBEITST,
T230;25266;0;0;0.0039284;0.00351372;0.00283292;0.00227048;0.0019711;0.00196477;0.00240998;GALTEC,SDG,TTS,HDG,
KM40;29619;0;0;0.0020148;0.00196477;0.00199442;0.00277186;0.00567697;0.0130556;0.0252471;GEBEITST,
KM20;26445;0;0;0.00301968;0.00265631;0.00214847;0.00196477;0.00199442;0.00277186;0.00567697;GEBEITST,
KM20;17221;0;0;0.0019711;0.00196477;0.00209176;0.00330309;0.00722707;0.0160717;0.0296055;GEBEITST,
KM20;17221;0;0;0.00265631;0.00233967;0.00198813;0.00196477;0.00227747;0.00404042;0.00923905;GEBEITST,
KM20;17221;0;0;0.00424721;0.00382354;0.00311568;0.00249087;0.00205171;0.00196477;0.00209176;GEBEITST,
KM20;17221;0;0;0.00731204;0.00687204;0.00610204;0.00533308;0.00456995;0.00382354;0.00196477;GEBEITST,
K570;27165;0;0;0.00241314;0.00214847;0.00196477;0.00199442;0.00277186;0.00567697;0.0130556;GEBEITST,
KK50;19263;0;0;0.00414042;0.00371934;0.00301968;0.00241314;0.0020148;0.00196477;0.00217226;GEBEITST,
NB50;12163;0;0;0.00639731;0.00923905;0.0145202;0.0273767;0.0450707;0.0676541;0.0951337;SG3,SDG,TTS,HDG,
NB50;107938;0;0;0.00450773;0.00639731;0.0104179;0.0212855;0.0368895;0.057376;0.082757;SG3,SDG,TTS,HDG,
NB50;86351;0;0;0.00203321;0.00227747;0.00301436;0.00639731;0.0145202;0.0273767;0.0450707;SG3,SDG,TTS,HDG,
NB50;86351;0;0;0.00196477;0.00199442;0.00227747;0.00404042;0.00923905;0.0194514;0.0343621;SG3,SDG,TTS,HDG,
NB50;107938;0;0;0.003616;0.00321322;0.00257191;0.00209667;0.00196477;0.00203321;0.00301436;SG3,SDG,TTS,HDG,
NB50;107938;0;0;0.0039284;0.00351372;0.00283292;0.00227048;0.0019711;0.00196477;0.00240998;SG3,SDG,TTS,HDG,
NB50;86351;0;0;0.00424721;0.00382354;0.00311568;0.00249087;0.00205171;0.00196477;0.00209176;SG3,SDG,TTS,HDG,
NB50;107938;0;0;0.00588204;0.00544262;0.00467823;0.0039284;0.00321322;0.00257191;0.00196477;SG3,SDG,TTS,HDG,
NB50;107938;0;0;0.00665204;0.00621204;0.00544262;0.00467823;0.0039284;0.00321322;0.00196477;SG3,SDG,TTS,HDG,
NB50;86351;0;0;0.00742204;0.00698204;0.00621204;0.00544262;0.00467823;0.0039284;0.00196477;SG3,SDG,TTS,HDG,
NB50;107938;0;0;0.00808204;0.00764204;0.00687204;0.00610204;0.00533308;0.00456995;0.00196477;SG3,SDG,TTS,HDG,
T230;27893;0;0;0.00808204;0.00764204;0.00687204;0.00610204;0.00533308;0.00456995;0.00196477;SG3,SDG,TTS,HDG,
KM50;126937;0;0;0.00301968;0.00265631;0.00214847;0.00196477;0.00199442;0.00277186;0.00567697;GEBEITST,
KM50;42312;0;0;0.00599204;0.0055524;0.004787;0.00403409;0.0033121;0.00265631;0.00196477;GEBEITST,
KM50;42312;0;0;0.00676204;0.00632204;0.0055524;0.004787;0.00403409;0.0033121;0.00196477;GEBEITST,
KM50;42312;0;0;0.00753204;0.00709204;0.00632204;0.0055524;0.004787;0.00403409;0.00196477;GEBEITST,
KM50;25387;0;0;0.0020148;0.00196477;0.00199442;0.00277186;0.00567697;0.0130556;0.0252471;GEBEITST,
KM50;126937;0;0;0.00241314;0.00214847;0.00196477;0.00199442;0.00277186;0.00567697;0.0130556;GEBEITST,
KM50;25387;0;0;0.00301968;0.00265631;0.00214847;0.00196477;0.00199442;0.00277186;0.00567697;GEBEITST,
KM50;25387;0;0;0.00371934;0.0033121;0.00265631;0.00214847;0.00196477;0.00199442;0.00277186;GEBEITST,
KM50;152325;0;0;0.00599204;0.0055524;0.004787;0.00403409;0.0033121;0.00265631;0.00196477;GEBEITST,
KM50;126937;0;0;0.00676204;0.00632204;0.0055524;0.004787;0.00403409;0.0033121;0.00196477;GEBEITST,
KM50;126937;0;0;0.00753204;0.00709204;0.00632204;0.0055524;0.004787;0.00403409;0.00196477;GEBEITST,
KM50;126937;0;0;0.00808204;0.00764204;0.00687204;0.00610204;0.00533308;0.00456995;0.00196477;GEBEITST,
K320;145978;0;0;0.00599204;0.0055524;0.004787;0.00403409;0.0033121;0.00265631;0.00196477;GEBEITST,
K320;145978;0;0;0.00676204;0.00632204;0.0055524;0.004787;0.00403409;0.0033121;0.00196477;GEBEITST,
K320;97319;0;0;0.00753204;0.00709204;0.00632204;0.0055524;0.004787;0.00403409;0.00196477;GEBEITST,
K320;48659;0;0;0.00808204;0.00764204;0.00687204;0.00610204;0.00533308;0.00456995;0.00196477;GEBEITST,
KT20;50775;0;0;0.00424721;0.00382354;0.00311568;0.00249087;0.00205171;0.00196477;0.00209176;GEBEITST,
KN30;25242;0;0;0.00311568;0.00274359;0.00220669;0.00196477;0.00197231;0.00257305;0.0050491;GALTEC,SDG,TTS,HDG,
KN30;25242;0;0;0.00687204;0.00643204;0.00566213;0.00489585;0.00414042;0.00341243;0.00196477;GALTEC,SDG,TTS,HDG,
KN20;21035;0;0;0.00214847;0.00198813;0.00196477;0.00227747;0.00404042;0.00923905;0.0194514;CAPL,BT2,
KN20;21035;0;0;0.0033121;0.00292537;0.00233967;0.00198813;0.00196477;0.00227747;0.00404042;CAPL,BT2,
KN20;21035;0;0;0.00424721;0.00382354;0.00311568;0.00249087;0.00205171;0.00196477;0.00209176;CAPL,BT2,
T230;57980;0;0;0.00643204;0.00599204;0.0052236;0.0044619;0.00371934;0.00301968;0.00196477;BAF_HNX,BAF,TTS,ELG,
KM80;50934;0;0;0.00257191;0.00227048;0.0019711;0.00196477;0.00240998;0.00450773;0.0104179;CAPL,TTS,
KM80;305274;0;0;0.0039284;0.00351372;0.00283292;0.00227048;0.0019711;0.00196477;0.00240998;CAPL,TTS,
KM80;101758;0;0;0.00621204;0.00577204;0.00500497;0.00424721;0.00351372;0.00283292;0.00196477;CAPL,TTS,
KM80;228955;0;0;0.00764204;0.00720204;0.00643204;0.00566213;0.00489585;0.00414042;0.00196477;CAPL,TTS,
KM80;228955;0;0;0.00808204;0.00764204;0.00687204;0.00610204;0.00533308;0.00456995;0.00196477;CAPL,TTS,
KM30;29619;0;0;0.0020148;0.00196477;0.00199442;0.00277186;0.00567697;0.0130556;0.0252471;GEBEITST,
L620;15900;0;0;0.00214847;0.00198813;0.00196477;0.00227747;0.00404042;0.00923905;0.0194514;GALTEC,SDG,TTS,HDG,
L620;15900;0;0;0.00424721;0.00382354;0.00311568;0.00249087;0.00205171;0.00196477;0.00209176;GALTEC,SDG,TTS,HDG,
L620;15900;0;0;0.00786204;0.00742204;0.00665204;0.00588204;0.00511421;0.00435446;0.00196477;GALTEC,SDG,TTS,HDG,
L620;15900;0;0;0.00808204;0.00764204;0.00687204;0.00610204;0.00533308;0.00456995;0.00196477;GALTEC,SDG,TTS,HDG,
T250;10221;0;0;0.0343621;0.0422437;0.0541498;0.0788313;0.10841;0.142889;0.182267;SG3,SDG,TTS,HDG,
T250;93606;0;0;0.0104179;0.0145202;0.0212855;0.0368895;0.057376;0.082757;0.113036;SG3,SDG,TTS,HDG,
T250;126904;0;0;0.00450773;0.00639731;0.0104179;0.0212855;0.0368895;0.057376;0.082757;SG3,SDG,TTS,HDG,
T250;152284;0;0;0.00240998;0.00301436;0.00450773;0.0104179;0.0212855;0.0368895;0.057376;SG3,SDG,TTS,HDG,
T250;177665;0;0;0.00196477;0.00199442;0.00227747;0.00404042;0.00923905;0.0194514;0.0343621;SG3,SDG,TTS,HDG,
T250;177665;0;0;0.00214847;0.00198813;0.00196477;0.00227747;0.00404042;0.00923905;0.0194514;SG3,SDG,TTS,HDG,
T250;177665;0;0;0.00321322;0.00283292;0.00227048;0.0019711;0.00196477;0.00240998;0.00450773;SG3,SDG,TTS,HDG,
T250;177665;0;0;0.0039284;0.00351372;0.00283292;0.00227048;0.0019711;0.00196477;0.00240998;SG3,SDG,TTS,HDG,
T250;152284;0;0;0.0039284;0.00351372;0.00283292;0.00227048;0.0019711;0.00196477;0.00240998;SG3,SDG,TTS,HDG,
T250;152284;0;0;0.00424721;0.00382354;0.00311568;0.00249087;0.00205171;0.00196477;0.00209176;SG3,SDG,TTS,HDG,
T250;152284;0;0;0.00632204;0.00588204;0.00511421;0.00435446;0.003616;0.00292537;0.00196477;SG3,SDG,TTS,HDG,
T250;152284;0;0;0.00709204;0.00665204;0.00588204;0.00511421;0.00435446;0.003616;0.00196477;SG3,SDG,TTS,HDG,
T210;101262;0;0;0.00240998;0.00301436;0.00450773;0.0104179;0.0212855;0.0368895;0.057376;SG3,SDG,TTS,HDG,
T210;126579;0;0;0.00196477;0.00199442;0.00227747;0.00404042;0.00923905;0.0194514;0.0343621;SG3,SDG,TTS,HDG,
T210;101262;0;0;0.00214847;0.00198813;0.00196477;0.00227747;0.00404042;0.00923905;0.0194514;SG3,SDG,TTS,HDG,
T210;151894;0;0;0.00321322;0.00283292;0.00227048;0.0019711;0.00196477;0.00240998;0.00450773;SG3,SDG,TTS,HDG,
T210;101262;0;0;0.0039284;0.00351372;0.00283292;0.00227048;0.0019711;0.00196477;0.00240998;SG3,SDG,TTS,HDG,
T210;126579;0;0;0.0039284;0.00351372;0.00283292;0.00227048;0.0019711;0.00196477;0.00240998;SG3,SDG,TTS,HDG,
T210;126579;0;0;0.00424721;0.00382354;0.00311568;0.00249087;0.00205171;0.00196477;0.00209176;SG3,SDG,TTS,HDG,
T210;151894;0;0;0.00632204;0.00588204;0.00511421;0.00435446;0.003616;0.00292537;0.00196477;SG3,SDG,TTS,HDG,
T210;101262;0;0;0.00709204;0.00665204;0.00588204;0.00511421;0.00435446;0.003616;0.00196477;SG3,SDG,TTS,HDG,
K200;22214;0;0;0.00414042;0.00371934;0.00301968;0.00241314;0.0020148;0.00196477;0.00217226;GEBEITST,
T250;36969;0;0;0.00588204;0.00544262;0.00467823;0.0039284;0.00321322;0.00257191;0.00196477;SG3,SDG,TTS,HDG,
T250;46322;0;0;0.00665204;0.00621204;0.00544262;0.00467823;0.0039284;0.00321322;0.00196477;SG3,SDG,TTS,HDG,
T250;46322;0;0;0.00742204;0.00698204;0.00621204;0.00544262;0.00467823;0.0039284;0.00196477;SG3,SDG,TTS,HDG,
T250;46322;0;0;0.00808204;0.00764204;0.00687204;0.00610204;0.00533308;0.00456995;0.00196477;SG3,SDG,TTS,HDG,
T250;92642;0;0;0.00808204;0.00764204;0.00687204;0.00610204;0.00533308;0.00456995;0.00196477;SG3,SDG,TTS,HDG,
TB60;67718;0;0;0.00257305;0.00330309;0.0050491;0.0116869;0.023217;0.0395169;0.0607021;GALTEC,SDG,TTS,HDG,
TB60;77136;0;0;0.00241314;0.00214847;0.00196477;0.00199442;0.00277186;0.00567697;0.0130556;GALTEC,SDG,TTS,HDG,
TB60;77136;0;0;0.00311568;0.00274359;0.00220669;0.00196477;0.00197231;0.00257305;0.0050491;GALTEC,SDG,TTS,HDG,
TB60;77136;0;0;0.00382354;0.00341243;0.00274359;0.00220669;0.00196477;0.00197231;0.00257305;GALTEC,SDG,TTS,HDG,
TB60;77136;0;0;0.0039284;0.00351372;0.00283292;0.00227048;0.0019711;0.00196477;0.00240998;GALTEC,SDG,TTS,HDG,
TB60;96420;0;0;0.00424721;0.00382354;0.00311568;0.00249087;0.00205171;0.00196477;0.00209176;GALTEC,SDG,TTS,HDG,
TB60;19284;0;0;0.00610204;0.00566213;0.00489585;0.00414042;0.00341243;0.00274359;0.00196477;GALTEC,SDG,TTS,HDG,
TB60;77136;0;0;0.00687204;0.00643204;0.00566213;0.00489585;0.00414042;0.00341243;0.00196477;GALTEC,SDG,TTS,HDG,
TB60;96420;0;0;0.00764204;0.00720204;0.00643204;0.00566213;0.00489585;0.00414042;0.00196477;GALTEC,SDG,TTS,HDG,
TB60;96420;0;0;0.00808204;0.00764204;0.00687204;0.00610204;0.00533308;0.00456995;0.00196477;GALTEC,SDG,TTS,HDG,
K320;21156;0;0;0.0020148;0.00196477;0.00199442;0.00277186;0.00567697;0.0130556;0.0252471;GEBEITST,
K320;21156;0;0;0.00301968;0.00265631;0.00214847;0.00196477;0.00199442;0.00277186;0.00567697;GEBEITST,
KK50;19281;0;0;0.00301436;0.00404042;0.00639731;0.0145202;0.0273767;0.0450707;0.0676541;GEBEITST,
KK50;19281;0;0;0.003616;0.00321322;0.00257191;0.00209667;0.00196477;0.00203321;0.00301436;GEBEITST,
L620;25955;0;0;0.00196477;0.00203321;0.00240998;0.00450773;0.0104179;0.0212855;0.0368895;GALTEC,SDG,TTS,HDG,
L620;82920;0;0;0.00371934;0.0033121;0.00265631;0.00214847;0.00196477;0.00199442;0.00277186;GALTEC,SDG,TTS,HDG,
L620;110559;0;0;0.0039284;0.00351372;0.00283292;0.00227048;0.0019711;0.00196477;0.00240998;GALTEC,SDG,TTS,HDG,
L620;82920;0;0;0.00588204;0.00544262;0.00467823;0.0039284;0.00321322;0.00257191;0.00196477;GALTEC,SDG,TTS,HDG,
L620;82920;0;0;0.00808204;0.00764204;0.00687204;0.00610204;0.00533308;0.00456995;0.00196477;GALTEC,SDG,TTS,HDG,
L620;110559;0;0;0.00808204;0.00764204;0.00687204;0.00610204;0.00533308;0.00456995;0.00196477;GALTEC,SDG,TTS,HDG,
L620;82920;0;0;0.00808204;0.00764204;0.00687204;0.00610204;0.00533308;0.00456995;0.00196477;GALTEC,SDG,TTS,HDG,
L620;110559;0;0;0.00808204;0.00764204;0.00687204;0.00610204;0.00533308;0.00456995;0.00196477;GALTEC,SDG,TTS,HDG,
L620;82920;0;0;0.00808204;0.00764204;0.00687204;0.00610204;0.00533308;0.00456995;0.00196477;GALTEC,SDG,TTS,HDG,
L620;82920;0;0;0.00808204;0.00764204;0.00687204;0.00610204;0.00533308;0.00456995;0.00196477;GALTEC,SDG,TTS,HDG,
KN40;24308;0;0;0.00311568;0.00274359;0.00220669;0.00196477;0.00197231;0.00257305;0.0050491;GALTEC,SDG,TTS,HDG,
KN30;15683;0;0;0.00292537;0.00257191;0.00209667;0.00196477;0.00203321;0.00301436;0.00639731;SG3,SDG,TTS,HDG,
KN30;15683;0;0;0.00588204;0.00544262;0.00467823;0.0039284;0.00321322;0.00257191;0.00196477;SG3,SDG,TTS,HDG,
KK80;132226;0;0;-0.18548;0.0194514;0.0273767;0.0450707;0.0676541;0.0951337;0.127512;GEBEITST,
KK80;105781;0;0;0.00198813;0.00196477;0.00203321;0.00301436;0.00639731;0.0145202;0.0273767;GEBEITST,
TB60;14941;0;0;0.00450773;0.00639731;0.0104179;0.0212855;0.0368895;0.057376;0.082757;GALTEC,SDG,BT2,HDG,
TB60;14941;0;0;0.00257305;0.00330309;0.0050491;0.0116869;0.023217;0.0395169;0.0607021;GALTEC,SDG,BT2,HDG,
TB60;29882;0;0;0.00196477;0.00203321;0.00240998;0.00450773;0.0104179;0.0212855;0.0368895;GALTEC,SDG,BT2,HDG,
TB60;29882;0;0;0.00209667;0.0019711;0.00196477;0.00240998;0.00450773;0.0104179;0.0212855;GALTEC,SDG,BT2,HDG,
TB60;14941;0;0;0.0039284;0.00351372;0.00283292;0.00227048;0.0019711;0.00196477;0.00240998;GALTEC,SDG,BT2,HDG,
TB60;29882;0;0;0.00424721;0.00382354;0.00311568;0.00249087;0.00205171;0.00196477;0.00209176;GALTEC,SDG,BT2,HDG,
TB60;29882;0;0;0.00424721;0.00382354;0.00311568;0.00249087;0.00205171;0.00196477;0.00209176;GALTEC,SDG,BT2,HDG,
TB60;14941;0;0;0.00621204;0.00577204;0.00500497;0.00424721;0.00351372;0.00283292;0.00196477;GALTEC,SDG,BT2,HDG,
TB60;29882;0;0;0.00698204;0.00654204;0.00577204;0.00500497;0.00424721;0.00351372;0.00196477;GALTEC,SDG,BT2,HDG,
TB60;14941;0;0;0.00775204;0.00731204;0.00654204;0.00577204;0.00500497;0.00424721;0.00196477;GALTEC,SDG,BT2,HDG,
TB60;14941;0;0;0.00808204;0.00764204;0.00687204;0.00610204;0.00533308;0.00456995;0.00196477;GALTEC,SDG,BT2,HDG,
TB60;29882;0;0;0.00808204;0.00764204;0.00687204;0.00610204;0.00533308;0.00456995;0.00196477;GALTEC,SDG,BT2,HDG,
L630;97392;0;0;0.0039284;0.00351372;0.00283292;0.00227048;0.0019711;0.00196477;0.00240998;SG3,SDG,TTS,HDG,
L630;64928;0;0;0.00424721;0.00382354;0.00311568;0.00249087;0.00205171;0.00196477;0.00209176;SG3,SDG,TTS,HDG,
L630;97392;0;0;0.00610204;0.00566213;0.00489585;0.00414042;0.00341243;0.00274359;0.00196477;SG3,SDG,TTS,HDG,
L630;97392;0;0;0.00687204;0.00643204;0.00566213;0.00489585;0.00414042;0.00341243;0.00196477;SG3,SDG,TTS,HDG,
L630;64928;0;0;0.00764204;0.00720204;0.00643204;0.00566213;0.00489585;0.00414042;0.00196477;SG3,SDG,TTS,HDG,
L630;97392;0;0;0.00808204;0.00764204;0.00687204;0.00610204;0.00533308;0.00456995;0.00196477;SG3,SDG,TTS,HDG,
L630;97392;0;0;0.00808204;0.00764204;0.00687204;0.00610204;0.00533308;0.00456995;0.00196477;SG3,SDG,TTS,HDG,
KK80;333067;0;0;0.0160717;0.0212855;0.0296055;0.0479972;0.0712798;0.0994592;0.132538;GEBEITST,
KK80;153850;0;0;0.00722707;0.0104179;0.0160717;0.0296055;0.0479972;0.0712798;0.0994592;GEBEITST,
KK80;197808;0;0;0.00209176;0.00240998;0.00330309;0.00722707;0.0160717;0.0296055;0.0479972;GEBEITST,
KK80;153850;0;0;0.0019711;0.00196477;0.00209176;0.00330309;0.00722707;0.0160717;0.0296055;GEBEITST,
KM80;23272;0;0;0.00424721;0.00382354;0.00311568;0.00249087;0.00205171;0.00196477;0.00209176;GEBEITST,
KM80;23272;0;0;0.00676204;0.00632204;0.0055524;0.004787;0.00403409;0.0033121;0.00196477;GEBEITST,
KN70;24358;0;0;0.00424721;0.00382354;0.00311568;0.00249087;0.00205171;0.00196477;0.00209176;GALTEC,SDG,TTS,HDG,
L620;59474;0;0;0.00227048;0.00205171;0.00196477;0.00209176;0.00330309;0.00722707;0.0160717;GALTEC,SDG,TTS,HDG,
L620;59474;0;0;0.00292537;0.00257191;0.00209667;0.00196477;0.00203321;0.00301436;0.00639731;GALTEC,SDG,TTS,HDG,
L620;89212;0;0;0.003616;0.00321322;0.00257191;0.00209667;0.00196477;0.00203321;0.00301436;GALTEC,SDG,TTS,HDG,
L620;59474;0;0;0.0039284;0.00351372;0.00283292;0.00227048;0.0019711;0.00196477;0.00240998;GALTEC,SDG,TTS,HDG,
L620;59474;0;0;0.00424721;0.00382354;0.00311568;0.00249087;0.00205171;0.00196477;0.00209176;GALTEC,SDG,TTS,HDG,
L620;59474;0;0;0.00588204;0.00544262;0.00467823;0.0039284;0.00321322;0.00257191;0.00196477;GALTEC,SDG,TTS,HDG,
L620;59474;0;0;0.00665204;0.00621204;0.00544262;0.00467823;0.0039284;0.00321322;0.00196477;GALTEC,SDG,TTS,HDG,
L620;59474;0;0;0.00742204;0.00698204;0.00621204;0.00544262;0.00467823;0.0039284;0.00196477;GALTEC,SDG,TTS,HDG,
L620;59474;0;0;0.00808204;0.00764204;0.00687204;0.00610204;0.00533308;0.00456995;0.00196477;GALTEC,SDG,TTS,HDG,
L620;59474;0;0;0.00808204;0.00764204;0.00687204;0.00610204;0.00533308;0.00456995;0.00196477;GALTEC,SDG,TTS,HDG,
L620;59474;0;0;0.00808204;0.00764204;0.00687204;0.00610204;0.00533308;0.00456995;0.00196477;GALTEC,SDG,TTS,HDG,
T230;51892;0;0;0.0039284;0.00351372;0.00283292;0.00227048;0.0019711;0.00196477;0.00240998;BAF_HNX,BAF,TTS,ELG,
T230;51892;0;0;0.00424721;0.00382354;0.00311568;0.00249087;0.00205171;0.00196477;0.00209176;BAF_HNX,BAF,TTS,ELG,
T230;51892;0;0;0.00588204;0.00544262;0.00467823;0.0039284;0.00321322;0.00257191;0.00196477;BAF_HNX,BAF,TTS,ELG,
T230;103785;0;0;0.00665204;0.00621204;0.00544262;0.00467823;0.0039284;0.00321322;0.00196477;BAF_HNX,BAF,TTS,ELG,
T230;51892;0;0;0.00742204;0.00698204;0.00621204;0.00544262;0.00467823;0.0039284;0.00196477;BAF_HNX,BAF,TTS,ELG,
LK40;83317;0;0;0.00414042;0.00371934;0.00301968;0.00241314;0.0020148;0.00196477;0.00217226;GEBEITST,
LK40;85859;0;0;0.00414042;0.00371934;0.00301968;0.00241314;0.0020148;0.00196477;0.00217226;GEBEITST,
LK40;64394;0;0;0.00424721;0.00382354;0.00311568;0.00249087;0.00205171;0.00196477;0.00209176;GEBEITST,
LK40;85859;0;0;0.00654204;0.00610204;0.00533308;0.00456995;0.00382354;0.00311568;0.00196477;GEBEITST,
LK40;64394;0;0;0.00731204;0.00687204;0.00610204;0.00533308;0.00456995;0.00382354;0.00196477;GEBEITST,
LK40;128788;0;0;0.00808204;0.00764204;0.00687204;0.00610204;0.00533308;0.00456995;0.00196477;GEBEITST,
LK40;107323;0;0;0.00808204;0.00764204;0.00687204;0.00610204;0.00533308;0.00456995;0.00196477;GEBEITST,
LK40;85859;0;0;0.00808204;0.00764204;0.00687204;0.00610204;0.00533308;0.00456995;0.00196477;GEBEITST,
LK40;107323;0;0;0.00808204;0.00764204;0.00687204;0.00610204;0.00533308;0.00456995;0.00196477;GEBEITST,
KM30;22214;0;0;0.00364156;0.0050491;0.00817559;0.0177148;0.031934;0.0510236;0.0750055;GEBEITST,
KM30;22214;0;0;0.00265631;0.00233967;0.00198813;0.00196477;0.00227747;0.00404042;0.00923905;GEBEITST,
KN40;21135;0;0;0.00241314;0.00214847;0.00196477;0.00199442;0.00277186;0.00567697;0.0130556;SG3,SDG,TTS,HDG,
KN40;57239;0;0;0.00301968;0.00265631;0.00214847;0.00196477;0.00199442;0.00277186;0.00567697;SG3,SDG,TTS,HDG,
KN40;38159;0;0;0.00371934;0.0033121;0.00265631;0.00214847;0.00196477;0.00199442;0.00277186;SG3,SDG,TTS,HDG,
KN40;76319;0;0;0.0039284;0.00351372;0.00283292;0.00227048;0.0019711;0.00196477;0.00240998;SG3,SDG,TTS,HDG,
KN40;76319;0;0;0.00424721;0.00382354;0.00311568;0.00249087;0.00205171;0.00196477;0.00209176;SG3,SDG,TTS,HDG,
KN40;57239;0;0;0.00599204;0.0055524;0.004787;0.00403409;0.0033121;0.00265631;0.00196477;SG3,SDG,TTS,HDG,
KN40;76319;0;0;0.00676204;0.00632204;0.0055524;0.004787;0.00403409;0.0033121;0.00196477;SG3,SDG,TTS,HDG,
KN40;76319;0;0;0.00753204;0.00709204;0.00632204;0.0055524;0.004787;0.00403409;0.00196477;SG3,SDG,TTS,HDG,
KN40;76319;0;0;0.00808204;0.00764204;0.00687204;0.00610204;0.00533308;0.00456995;0.00196477;SG3,SDG,TTS,HDG,
KN40;76319;0;0;0.00808204;0.00764204;0.00687204;0.00610204;0.00533308;0.00456995;0.00196477;SG3,SDG,TTS,HDG,
T230;90418;0;0;0.00241314;0.00214847;0.00196477;0.00199442;0.00277186;0.00567697;0.0130556;BAF_HNX,BAF,TTS,ELG,
KK80;25323;0;0;0.00330309;0.00450773;0.00722707;0.0160717;0.0296055;0.0479972;0.0712798;GEBEITST,
KM50;48659;0;0;0.00220669;0.0020148;0.00196477;0.00217226;0.00364156;0.00817559;0.0177148;GEBEITST,
T250;30741;0;0;0.00665204;0.00621204;0.00544262;0.00467823;0.0039284;0.00321322;0.00196477;SG3,SDG,TTS,HDG,
T250;69481;0;0;0.00742204;0.00698204;0.00621204;0.00544262;0.00467823;0.0039284;0.00196477;SG3,SDG,TTS,HDG,
T250;69481;0;0;0.00808204;0.00764204;0.00687204;0.00610204;0.00533308;0.00456995;0.00196477;SG3,SDG,TTS,HDG,
T250;46322;0;0;0.00808204;0.00764204;0.00687204;0.00610204;0.00533308;0.00456995;0.00196477;SG3,SDG,TTS,HDG,
LK20;20882;0;0;0.00676204;0.00632204;0.0055524;0.004787;0.00403409;0.0033121;0.00196477;SG3,SDG,BT2,HDG,
LK20;37862;0;0;0.00753204;0.00709204;0.00632204;0.0055524;0.004787;0.00403409;0.00196477;SG3,SDG,BT2,HDG,
LK20;37862;0;0;0.00808204;0.00764204;0.00687204;0.00610204;0.00533308;0.00456995;0.00196477;SG3,SDG,BT2,HDG,
K350;11636;0;0;0.00424721;0.00382354;0.00311568;0.00249087;0.00205171;0.00196477;0.00209176;GEBEITST,
K350;11636;0;0;0.00808204;0.00764204;0.00687204;0.00610204;0.00533308;0.00456995;0.00196477;GEBEITST,
TB60;25465;0;0;0.00321322;0.00283292;0.00227048;0.0019711;0.00196477;0.00240998;0.00450773;CAPL,TTS,
T230;31280;0;0;0.00808204;0.00764204;0.00687204;0.00610204;0.00533308;0.00456995;0.00196477;BAF_HNX,BAF,TTS,ELG,
T230;31280;0;0;0.00808204;0.00764204;0.00687204;0.00610204;0.00533308;0.00456995;0.00196477;BAF_HNX,BAF,TTS,ELG,
T230;31280;0;0;0.00808204;0.00764204;0.00687204;0.00610204;0.00533308;0.00456995;0.00196477;BAF_HNX,BAF,TTS,ELG,
KM80;22214;0;0;0.00665204;0.00621204;0.00544262;0.00467823;0.0039284;0.00321322;0.00196477;GEBEITST,
TB50;14259;0;0;0.00599204;0.0055524;0.004787;0.00403409;0.0033121;0.00265631;0.00196477;CAPL,BT2,
KM70;28561;0;0;0.00599204;0.0055524;0.004787;0.00403409;0.0033121;0.00265631;0.00196477;GEBEITST,
N710;26577;0;0;0.00599204;0.0055524;0.004787;0.00403409;0.0033121;0.00265631;0.00196477;SG3,SDG,BT2,HDG,
N710;26577;0;0;0.00808204;0.00764204;0.00687204;0.00610204;0.00533308;0.00456995;0.00196477;SG3,SDG,BT2,HDG,
KM40;8779;0;0;0.00301968;0.00265631;0.00214847;0.00196477;0.00199442;0.00277186;0.00567697;GEBEITST,
KM40;22214;0;0;0.00424721;0.00382354;0.00311568;0.00249087;0.00205171;0.00196477;0.00209176;GEBEITST,
KM40;22214;0;0;0.00676204;0.00632204;0.0055524;0.004787;0.00403409;0.0033121;0.00196477;GEBEITST,
T210;25363;0;0;0.00196477;0.00199442;0.00227747;0.00404042;0.00923905;0.0194514;0.0343621;SG3,SDG,TTS,HDG,
T210;25363;0;0;0.00214847;0.00198813;0.00196477;0.00227747;0.00404042;0.00923905;0.0194514;SG3,SDG,TTS,HDG,
T210;25363;0;0;0.0039284;0.00351372;0.00283292;0.00227048;0.0019711;0.00196477;0.00240998;SG3,SDG,TTS,HDG,
KN40;26319;0;0;0.00257305;0.00330309;0.0050491;0.0116869;0.023217;0.0395169;0.0607021;GALTEC,SDG,TTS,HDG,
TB80;22902;0;0;0.0641281;0.0750055;0.0909081;0.122587;0.159165;0.200643;0.247021;ZWART,
TB80;22902;0;0;0.00351372;0.00311568;0.00249087;0.00205171;0.00196477;0.00209176;0.00330309;ZWART,
LK70;128079;0;0;0.00196477;0.00203321;0.00240998;0.00450773;0.0104179;0.0212855;0.0368895;SG3,SDG,TTS,HDG,
L620;5273;0;0;0.00382354;0.00341243;0.00274359;0.00220669;0.00196477;0.00197231;0.00257305;GALTEC,SDG,TTS,HDG,
L620;16927;0;0;0.0039284;0.00351372;0.00283292;0.00227048;0.0019711;0.00196477;0.00240998;GALTEC,SDG,TTS,HDG,
L620;16927;0;0;0.0039284;0.00351372;0.00283292;0.00227048;0.0019711;0.00196477;0.00240998;GALTEC,SDG,TTS,HDG,
L620;16927;0;0;0.00424721;0.00382354;0.00311568;0.00249087;0.00205171;0.00196477;0.00209176;GALTEC,SDG,TTS,HDG,
L620;16927;0;0;0.00621204;0.00577204;0.00500497;0.00424721;0.00351372;0.00283292;0.00196477;GALTEC,SDG,TTS,HDG,
L620;16927;0;0;0.00764204;0.00720204;0.00643204;0.00566213;0.00489585;0.00414042;0.00196477;GALTEC,SDG,TTS,HDG,
L620;16927;0;0;0.00808204;0.00764204;0.00687204;0.00610204;0.00533308;0.00456995;0.00196477;GALTEC,SDG,TTS,HDG,
L620;16927;0;0;0.00808204;0.00764204;0.00687204;0.00610204;0.00533308;0.00456995;0.00196477;GALTEC,SDG,TTS,HDG,
L620;16927;0;0;0.00808204;0.00764204;0.00687204;0.00610204;0.00533308;0.00456995;0.00196477;GALTEC,SDG,TTS,HDG,
KM80;27503;0;0;0.00371934;0.0033121;0.00265631;0.00214847;0.00196477;0.00199442;0.00277186;GEBEITST,
K200;28561;0;0;0.00371934;0.0033121;0.00265631;0.00214847;0.00196477;0.00199442;0.00277186;GEBEITST,
T250;30640;0;0;0.00742204;0.00698204;0.00621204;0.00544262;0.00467823;0.0039284;0.00196477;SG3,SDG,TTS,HDG,
L610;63597;0;0;0.00424721;0.00382354;0.00311568;0.00249087;0.00205171;0.00196477;0.00209176;CAPL,BT2,ELG,
L610;104494;0;0;0.00654204;0.00610204;0.00533308;0.00456995;0.00382354;0.00311568;0.00196477;CAPL,BT2,ELG,
TB50;28768;0;0;0.00196477;0.00203321;0.00240998;0.00450773;0.0104179;0.0212855;0.0368895;CAPL,BT2,ELG,
KM70;28561;0;0;0.00227048;0.00205171;0.00196477;0.00209176;0.00330309;0.00722707;0.0160717;GEBEITST,
KM70;28561;0;0;0.00665204;0.00621204;0.00544262;0.00467823;0.0039284;0.00321322;0.00196477;GEBEITST,
TB50;19043;0;0;0.0050491;0.00722707;0.0116869;0.023217;0.0395169;0.0607021;0.0867826;GALTEC,SDG,TTS,HDG,
TB50;19043;0;0;0.00311568;0.00274359;0.00220669;0.00196477;0.00197231;0.00257305;0.0050491;GALTEC,SDG,TTS,HDG,
T250;56497;0;0;0.00764204;0.00720204;0.00643204;0.00566213;0.00489585;0.00414042;0.00196477;SG3,SDG,TTS,HDG,
T250;28452;0;0;0.00808204;0.00764204;0.00687204;0.00610204;0.00533308;0.00456995;0.00196477;SG3,SDG,TTS,HDG,
T250;28452;0;0;0.00808204;0.00764204;0.00687204;0.00610204;0.00533308;0.00456995;0.00196477;SG3,SDG,TTS,HDG,
T250;56905;0;0;0.00808204;0.00764204;0.00687204;0.00610204;0.00533308;0.00456995;0.00196477;SG3,SDG,TTS,HDG,
T250;56793;0;0;0.0039284;0.00351372;0.00283292;0.00227048;0.0019711;0.00196477;0.00240998;SG3,SDG,TTS,HDG,
T250;27353;0;0;0.0039284;0.00351372;0.00283292;0.00227048;0.0019711;0.00196477;0.00240998;SG3,SDG,TTS,HDG,
T250;56793;0;0;0.00424721;0.00382354;0.00311568;0.00249087;0.00205171;0.00196477;0.00209176;SG3,SDG,TTS,HDG,
T250;28396;0;0;0.00643204;0.00599204;0.0052236;0.0044619;0.00371934;0.00301968;0.00196477;SG3,SDG,TTS,HDG,
T250;56793;0;0;0.00720204;0.00676204;0.00599204;0.0052236;0.0044619;0.00371934;0.00196477;SG3,SDG,TTS,HDG,
T250;28396;0;0;0.00797204;0.00753204;0.00676204;0.00599204;0.0052236;0.0044619;0.00196477;SG3,SDG,TTS,HDG,
T250;56793;0;0;0.00808204;0.00764204;0.00687204;0.00610204;0.00533308;0.00456995;0.00196477;SG3,SDG,TTS,HDG,
T250;56793;0;0;0.00808204;0.00764204;0.00687204;0.00610204;0.00533308;0.00456995;0.00196477;SG3,SDG,TTS,HDG,
K320;51009;0;0;0.00599204;0.0055524;0.004787;0.00403409;0.0033121;0.00265631;0.00196477;SG3,SDG,TTS,HDG,
K320;57127;0;0;0.00676204;0.00632204;0.0055524;0.004787;0.00403409;0.0033121;0.00196477;SG3,SDG,TTS,HDG,
K320;28564;0;0;0.00753204;0.00709204;0.00632204;0.0055524;0.004787;0.00403409;0.00196477;SG3,SDG,TTS,HDG,
K320;57127;0;0;0.00808204;0.00764204;0.00687204;0.00610204;0.00533308;0.00456995;0.00196477;SG3,SDG,TTS,HDG,
K320;28564;0;0;0.00808204;0.00764204;0.00687204;0.00610204;0.00533308;0.00456995;0.00196477;SG3,SDG,TTS,HDG,
KM40;23272;0;0;0.00209176;0.00240998;0.00330309;0.00722707;0.0160717;0.0296055;0.0479972;GEBEITST,
KM40;34908;0;0;0.0019711;0.00196477;0.00209176;0.00330309;0.00722707;0.0160717;0.0296055;GEBEITST,
KM40;34908;0;0;0.00265631;0.00233967;0.00198813;0.00196477;0.00227747;0.00404042;0.00923905;GEBEITST,
KM40;34908;0;0;0.00351372;0.00311568;0.00249087;0.00205171;0.00196477;0.00209176;0.00330309;GEBEITST,
KM40;23272;0;0;0.00414042;0.00371934;0.00301968;0.00241314;0.0020148;0.00196477;0.00217226;GEBEITST,
KM30;24330;0;0;0.00199442;0.00217226;0.00277186;0.00567697;0.0130556;0.0252471;0.0422437;GEBEITST,
KM30;24330;0;0;0.0020148;0.00196477;0.00199442;0.00277186;0.00567697;0.0130556;0.0252471;GEBEITST,
KM30;24330;0;0;0.00241314;0.00214847;0.00196477;0.00199442;0.00277186;0.00567697;0.0130556;GEBEITST,
KM30;48659;0;0;0.00371934;0.0033121;0.00265631;0.00214847;0.00196477;0.00199442;0.00277186;GEBEITST,
KM30;24330;0;0;0.00414042;0.00371934;0.00301968;0.00241314;0.0020148;0.00196477;0.00217226;GEBEITST,
KM30;24330;0;0;0.00676204;0.00632204;0.0055524;0.004787;0.00403409;0.0033121;0.00196477;GEBEITST,
KM30;24330;0;0;0.00753204;0.00709204;0.00632204;0.0055524;0.004787;0.00403409;0.00196477;GEBEITST,
T230;21822;0;0;0.00241314;0.00214847;0.00196477;0.00199442;0.00277186;0.00567697;0.0130556;SG3,SDG,TTS,HDG,
T230;19963;0;0;0.00274359;0.00241314;0.0020148;0.00196477;0.00217226;0.00364156;0.00817559;SG3,SDG,TTS,HDG,
T230;19963;0;0;0.00283292;0.00249087;0.00205171;0.00196477;0.00209176;0.00330309;0.00722707;SG3,SDG,TTS,HDG,
T230;19963;0;0;0.00292537;0.00257191;0.00209667;0.00196477;0.00203321;0.00301436;0.00639731;SG3,SDG,TTS,HDG,
T230;39926;0;0;0.00301968;0.00265631;0.00214847;0.00196477;0.00199442;0.00277186;0.00567697;SG3,SDG,TTS,HDG,
T230;39926;0;0;0.00311568;0.00274359;0.00220669;0.00196477;0.00197231;0.00257305;0.0050491;SG3,SDG,TTS,HDG,
T230;19963;0;0;0.00321322;0.00283292;0.00227048;0.0019711;0.00196477;0.00240998;0.00450773;SG3,SDG,TTS,HDG,
T230;39926;0;0;0.00351372;0.00311568;0.00249087;0.00205171;0.00196477;0.00209176;0.00330309;SG3,SDG,TTS,HDG,
T230;39926;0;0;0.00424721;0.00382354;0.00311568;0.00249087;0.00205171;0.00196477;0.00209176;SG3,SDG,TTS,HDG,
T230;19963;0;0;0.00424721;0.00382354;0.00311568;0.00249087;0.00205171;0.00196477;0.00209176;SG3,SDG,TTS,HDG,
T230;19963;0;0;0.00588204;0.00544262;0.00467823;0.0039284;0.00321322;0.00257191;0.00196477;SG3,SDG,TTS,HDG,
T230;19963;0;0;0.00599204;0.0055524;0.004787;0.00403409;0.0033121;0.00265631;0.00196477;SG3,SDG,TTS,HDG,
T230;19963;0;0;0.00610204;0.00566213;0.00489585;0.00414042;0.00341243;0.00274359;0.00196477;SG3,SDG,TTS,HDG,
T230;39926;0;0;0.00643204;0.00599204;0.0052236;0.0044619;0.00371934;0.00301968;0.00196477;SG3,SDG,TTS,HDG,
T230;19963;0;0;0.00654204;0.00610204;0.00533308;0.00456995;0.00382354;0.00311568;0.00196477;SG3,SDG,TTS,HDG,
T230;19963;0;0;0.00665204;0.00621204;0.00544262;0.00467823;0.0039284;0.00321322;0.00196477;SG3,SDG,TTS,HDG,
T230;19963;0;0;0.00676204;0.00632204;0.0055524;0.004787;0.00403409;0.0033121;0.00196477;SG3,SDG,TTS,HDG,
T230;19963;0;0;0.00687204;0.00643204;0.00566213;0.00489585;0.00414042;0.00341243;0.00196477;SG3,SDG,TTS,HDG,
T230;39926;0;0;0.00720204;0.00676204;0.00599204;0.0052236;0.0044619;0.00371934;0.00196477;SG3,SDG,TTS,HDG,
T230;19963;0;0;0.00731204;0.00687204;0.00610204;0.00533308;0.00456995;0.00382354;0.00196477;SG3,SDG,TTS,HDG,
T230;19963;0;0;0.00742204;0.00698204;0.00621204;0.00544262;0.00467823;0.0039284;0.00196477;SG3,SDG,TTS,HDG,
T230;19963;0;0;0.00753204;0.00709204;0.00632204;0.0055524;0.004787;0.00403409;0.00196477;SG3,SDG,TTS,HDG,
T230;39926;0;0;0.00764204;0.00720204;0.00643204;0.00566213;0.00489585;0.00414042;0.00196477;SG3,SDG,TTS,HDG,
T230;39926;0;0;0.00797204;0.00753204;0.00676204;0.00599204;0.0052236;0.0044619;0.00196477;SG3,SDG,TTS,HDG,
T230;19963;0;0;0.00808204;0.00764204;0.00687204;0.00610204;0.00533308;0.00456995;0.00196477;SG3,SDG,TTS,HDG,
T230;19963;0;0;0.00808204;0.00764204;0.00687204;0.00610204;0.00533308;0.00456995;0.00196477;SG3,SDG,TTS,HDG,
T230;19963;0;0;0.00808204;0.00764204;0.00687204;0.00610204;0.00533308;0.00456995;0.00196477;SG3,SDG,TTS,HDG,
T230;19963;0;0;0.00808204;0.00764204;0.00687204;0.00610204;0.00533308;0.00456995;0.00196477;SG3,SDG,TTS,HDG,
T230;19963;0;0;0.00808204;0.00764204;0.00687204;0.00610204;0.00533308;0.00456995;0.00196477;SG3,SDG,TTS,HDG,
T230;19963;0;0;0.00808204;0.00764204;0.00687204;0.00610204;0.00533308;0.00456995;0.00196477;SG3,SDG,TTS,HDG,
T230;19963;0;0;0.00808204;0.00764204;0.00687204;0.00610204;0.00533308;0.00456995;0.00196477;SG3,SDG,TTS,HDG,
T230;19963;0;0;0.00808204;0.00764204;0.00687204;0.00610204;0.00533308;0.00456995;0.00196477;SG3,SDG,TTS,HDG,
T230;39926;0;0;0.00808204;0.00764204;0.00687204;0.00610204;0.00533308;0.00456995;0.00196477;SG3,SDG,TTS,HDG,
T230;19963;0;0;0.00808204;0.00764204;0.00687204;0.00610204;0.00533308;0.00456995;0.00196477;SG3,SDG,TTS,HDG,
KK80;42312;0;0;0.0020148;0.00196477;0.00199442;0.00277186;0.00567697;0.0130556;0.0252471;GEBEITST,
KK80;21156;0;0;0.00371934;0.0033121;0.00265631;0.00214847;0.00196477;0.00199442;0.00277186;GEBEITST,
KK80;21156;0;0;0.00676204;0.00632204;0.0055524;0.004787;0.00403409;0.0033121;0.00196477;GEBEITST,
T230;9864;0;0;0.00198813;0.00196477;0.00203321;0.00301436;0.00639731;0.0145202;0.0273767;SG3,SDG,TTS,HDG,
T230;56347;0;0;0.003616;0.00321322;0.00257191;0.00209667;0.00196477;0.00203321;0.00301436;SG3,SDG,TTS,HDG,
T230;37565;0;0;0.0039284;0.00351372;0.00283292;0.00227048;0.0019711;0.00196477;0.00240998;SG3,SDG,TTS,HDG,
T230;37565;0;0;0.00424721;0.00382354;0.00311568;0.00249087;0.00205171;0.00196477;0.00209176;SG3,SDG,TTS,HDG,
T230;56347;0;0;0.00588204;0.00544262;0.00467823;0.0039284;0.00321322;0.00257191;0.00196477;SG3,SDG,TTS,HDG,
T230;37565;0;0;0.00665204;0.00621204;0.00544262;0.00467823;0.0039284;0.00321322;0.00196477;SG3,SDG,TTS,HDG,
T230;56347;0;0;0.00742204;0.00698204;0.00621204;0.00544262;0.00467823;0.0039284;0.00196477;SG3,SDG,TTS,HDG,
T230;37565;0;0;0.00808204;0.00764204;0.00687204;0.00610204;0.00533308;0.00456995;0.00196477;SG3,SDG,TTS,HDG,
T230;37565;0;0;0.00808204;0.00764204;0.00687204;0.00610204;0.00533308;0.00456995;0.00196477;SG3,SDG,TTS,HDG,
TB60;33589;0;0;0.00277186;0.00364156;0.00567697;0.0130556;0.0252471;0.0422437;0.0641281;SG3,SDG,BT2,HDG,
TB60;33589;0;0;0.00199442;0.00217226;0.00277186;0.00567697;0.0130556;0.0252471;0.0422437;SG3,SDG,BT2,HDG,
TB60;16794;0;0;0.0020148;0.00196477;0.00199442;0.00277186;0.00567697;0.0130556;0.0252471;SG3,SDG,BT2,HDG,
TB60;33589;0;0;0.00371934;0.0033121;0.00265631;0.00214847;0.00196477;0.00199442;0.00277186;SG3,SDG,BT2,HDG,
TB60;33589;0;0;0.00424721;0.00382354;0.00311568;0.00249087;0.00205171;0.00196477;0.00209176;SG3,SDG,BT2,HDG,
TB60;33589;0;0;0.00424721;0.00382354;0.00311568;0.00249087;0.00205171;0.00196477;0.00209176;SG3,SDG,BT2,HDG,
TB60;33589;0;0;0.00599204;0.0055524;0.004787;0.00403409;0.0033121;0.00265631;0.00196477;SG3,SDG,BT2,HDG,
TB60;33589;0;0;0.00676204;0.00632204;0.0055524;0.004787;0.00403409;0.0033121;0.00196477;SG3,SDG,BT2,HDG,
TB60;33589;0;0;0.00753204;0.00709204;0.00632204;0.0055524;0.004787;0.00403409;0.00196477;SG3,SDG,BT2,HDG,
TB60;50383;0;0;0.00808204;0.00764204;0.00687204;0.00610204;0.00533308;0.00456995;0.00196477;SG3,SDG,BT2,HDG,
TB60;33589;0;0;0.00808204;0.00764204;0.00687204;0.00610204;0.00533308;0.00456995;0.00196477;SG3,SDG,BT2,HDG,
T230;31140;0;0;0.00808204;0.00764204;0.00687204;0.00610204;0.00533308;0.00456995;0.00196477;BAF_HNX,BAF,TTS,ELG,
KN30;122631;0;0;0.00292537;0.00257191;0.00209667;0.00196477;0.00203321;0.00301436;0.00639731;SG3,SDG,TTS,HDG,
KN40;60559;0;0;0.00292537;0.00257191;0.00209667;0.00196477;0.00203321;0.00301436;0.00639731;SG3,SDG,TTS,HDG,
KN40;29622;0;0;0.00742204;0.00698204;0.00621204;0.00544262;0.00467823;0.0039284;0.00196477;SG3,SDG,TTS,HDG,
KN40;118486;0;0;0.00808204;0.00764204;0.00687204;0.00610204;0.00533308;0.00456995;0.00196477;SG3,SDG,TTS,HDG,
KN70;27081;0;0;0.00214847;0.00198813;0.00196477;0.00227747;0.00404042;0.00923905;0.0194514;GALTEC,SDG,TTS,HDG,
KN70;80040;0;0;0.00321322;0.00283292;0.00227048;0.0019711;0.00196477;0.00240998;0.00450773;GALTEC,SDG,TTS,HDG,
KN70;53360;0;0;0.0039284;0.00351372;0.00283292;0.00227048;0.0019711;0.00196477;0.00240998;GALTEC,SDG,TTS,HDG,
KN70;80040;0;0;0.00424721;0.00382354;0.00311568;0.00249087;0.00205171;0.00196477;0.00209176;GALTEC,SDG,TTS,HDG,
KN70;53360;0;0;0.00621204;0.00577204;0.00500497;0.00424721;0.00351372;0.00283292;0.00196477;GALTEC,SDG,TTS,HDG,
KN70;80040;0;0;0.00698204;0.00654204;0.00577204;0.00500497;0.00424721;0.00351372;0.00196477;GALTEC,SDG,TTS,HDG,
KN70;53360;0;0;0.00764204;0.00720204;0.00643204;0.00566213;0.00489585;0.00414042;0.00196477;GALTEC,SDG,TTS,HDG,
KN70;80040;0;0;0.00808204;0.00764204;0.00687204;0.00610204;0.00533308;0.00456995;0.00196477;GALTEC,SDG,TTS,HDG,
KN70;53360;0;0;0.00808204;0.00764204;0.00687204;0.00610204;0.00533308;0.00456995;0.00196477;GALTEC,SDG,TTS,HDG,
KN20;21035;0;0;0.00424721;0.00382354;0.00311568;0.00249087;0.00205171;0.00196477;0.00209176;BAF_HNX,BAF,BT2,
T230;24255;0;0;0.00424721;0.00382354;0.00311568;0.00249087;0.00205171;0.00196477;0.00209176;SG3,SDG,TTS,HDG,
KT20;88669;0;0;0.00414042;0.00371934;0.00301968;0.00241314;0.0020148;0.00196477;0.00217226;GEBEITST,
KT10;96758;0;0;0.00424721;0.00382354;0.00311568;0.00249087;0.00205171;0.00196477;0.00209176;BAF_H2,BAF,BT2,
KT10;96758;0;0;0.00665204;0.00621204;0.00544262;0.00467823;0.0039284;0.00321322;0.00196477;BAF_H2,BAF,BT2,
KT10;23138;0;0;0.00283292;0.00249087;0.00205171;0.00196477;0.00209176;0.00330309;0.00722707;BAF_H2,BAF,TTS,
KT10;23138;0;0;0.00424721;0.00382354;0.00311568;0.00249087;0.00205171;0.00196477;0.00209176;BAF_H2,BAF,TTS,
KM40;21156;0;0;0.00567697;0.00817559;0.0130556;0.0252471;0.0422437;0.0641281;0.0909081;GEBEITST,
KM40;42312;0;0;0.00241314;0.00214847;0.00196477;0.00199442;0.00277186;0.00567697;0.0130556;GEBEITST,
TB50;14955;0;0;0.00808204;0.00764204;0.00687204;0.00610204;0.00533308;0.00456995;0.00196477;CAPL,TTS,
TB50;34117;0;0;0.00240998;0.00301436;0.00450773;0.0104179;0.0212855;0.0368895;0.057376;CAPL,TTS,
TB50;34117;0;0;0.00274359;0.00241314;0.0020148;0.00196477;0.00217226;0.00364156;0.00817559;CAPL,TTS,
TB50;34117;0;0;0.0039284;0.00351372;0.00283292;0.00227048;0.0019711;0.00196477;0.00240998;CAPL,TTS,
TB50;34117;0;0;0.00632204;0.00588204;0.00511421;0.00435446;0.003616;0.00292537;0.00196477;CAPL,TTS,
TB50;34117;0;0;0.00808204;0.00764204;0.00687204;0.00610204;0.00533308;0.00456995;0.00196477;CAPL,TTS,
K200;17668;0;0;0.00610204;0.00566213;0.00489585;0.00414042;0.00341243;0.00274359;0.00196477;GALTEC,SDG,TTS,HDG,
TB60;50836;0;0;0.00808204;0.00764204;0.00687204;0.00610204;0.00533308;0.00456995;0.00196477;SG3,SDG,TTS,HDG,
K200;20808;0;0;0.00621204;0.00577204;0.00500497;0.00424721;0.00351372;0.00283292;0.00196477;GALTEC,SDG,BT2,HDG,
K200;20808;0;0;0.00808204;0.00764204;0.00687204;0.00610204;0.00533308;0.00456995;0.00196477;GALTEC,SDG,BT2,HDG,
TB50;16024;0;0;0.0750055;0.0867826;0.103885;0.137663;0.176341;0.219919;0.268397;CAPL,TTS,
TB50;16024;0;0;0.0510236;0.0607021;0.0750055;0.103885;0.137663;0.176341;0.219919;CAPL,TTS,
TB50;16024;0;0;0.0212855;0.0273767;0.0368895;0.057376;0.082757;0.113036;0.148214;CAPL,TTS,
TB50;16024;0;0;0.00196477;0.00199442;0.00227747;0.00404042;0.00923905;0.0194514;0.0343621;CAPL,TTS,
TB50;16024;0;0;0.00227048;0.00205171;0.00196477;0.00209176;0.00330309;0.00722707;0.0160717;CAPL,TTS,
TB50;16024;0;0;0.00321322;0.00283292;0.00227048;0.0019711;0.00196477;0.00240998;0.00450773;CAPL,TTS,
TB50;16024;0;0;0.0039284;0.00351372;0.00283292;0.00227048;0.0019711;0.00196477;0.00240998;CAPL,TTS,
TB50;16024;0;0;0.00424721;0.00382354;0.00311568;0.00249087;0.00205171;0.00196477;0.00209176;CAPL,TTS,
TB50;16024;0;0;0.00709204;0.00665204;0.00588204;0.00511421;0.00435446;0.003616;0.00196477;CAPL,TTS,
TB50;16024;0;0;0.00808204;0.00764204;0.00687204;0.00610204;0.00533308;0.00456995;0.00196477;CAPL,TTS,
TB50;16024;0;0;0.00808204;0.00764204;0.00687204;0.00610204;0.00533308;0.00456995;0.00196477;CAPL,TTS,
TB50;16024;0;0;0.00808204;0.00764204;0.00687204;0.00610204;0.00533308;0.00456995;0.00196477;CAPL,TTS,
LT70;21344;0;0;0.00227048;0.00205171;0.00196477;0.00209176;0.00330309;0.00722707;0.0160717;SG3,SDG,BT2,HDG,
KT20;72644;0;0;0.00382354;0.00341243;0.00274359;0.00220669;0.00196477;0.00197231;0.00257305;GEBEITST,
K320;25291;0;0;0.00610204;0.00566213;0.00489585;0.00414042;0.00341243;0.00274359;0.00196477;GALTEC,SDG,TTS,HDG,
K210;23300;0;0;0.00621204;0.00577204;0.00500497;0.00424721;0.00351372;0.00283292;0.00196477;GALTEC,SDG,TTS,HDG,
K210;23300;0;0;0.00808204;0.00764204;0.00687204;0.00610204;0.00533308;0.00456995;0.00196477;GALTEC,SDG,TTS,HDG,
KT20;112689;0;0;0.00249087;0.00220669;0.00196477;0.00197231;0.00257305;0.0050491;0.0116869;GEBEITST,
KT20;90151;0;0;0.00311568;0.00274359;0.00220669;0.00196477;0.00197231;0.00257305;0.0050491;GEBEITST,
KT20;112689;0;0;0.00382354;0.00341243;0.00274359;0.00220669;0.00196477;0.00197231;0.00257305;GEBEITST,
KT20;112689;0;0;0.00414042;0.00371934;0.00301968;0.00241314;0.0020148;0.00196477;0.00217226;GEBEITST,
KT20;112689;0;0;0.00424721;0.00382354;0.00311568;0.00249087;0.00205171;0.00196477;0.00209176;GEBEITST,
KT20;22538;0;0;0.00610204;0.00566213;0.00489585;0.00414042;0.00341243;0.00274359;0.00196477;GEBEITST,
KT20;112689;0;0;0.00632204;0.00588204;0.00511421;0.00435446;0.003616;0.00292537;0.00196477;GEBEITST,
KT20;90151;0;0;0.00709204;0.00665204;0.00588204;0.00511421;0.00435446;0.003616;0.00196477;GEBEITST,
KT20;112689;0;0;0.00786204;0.00742204;0.00665204;0.00588204;0.00511421;0.00435446;0.00196477;GEBEITST,
KT20;90151;0;0;0.00808204;0.00764204;0.00687204;0.00610204;0.00533308;0.00456995;0.00196477;GEBEITST,
KT20;112689;0;0;0.00808204;0.00764204;0.00687204;0.00610204;0.00533308;0.00456995;0.00196477;GEBEITST,
KT20;22538;0;0;0.00808204;0.00764204;0.00687204;0.00610204;0.00533308;0.00456995;0.00196477;GEBEITST,
KK50;19318;0;0;0.00665204;0.00621204;0.00544262;0.00467823;0.0039284;0.00321322;0.00196477;GEBEITST,
N710;16085;0;0;0.00610204;0.00566213;0.00489585;0.00414042;0.00341243;0.00274359;0.00196477;SG3,SDG,TTS,HDG,
KM30;23611;0;0;0.00292537;0.00257191;0.00209667;0.00196477;0.00203321;0.00301436;0.00639731;GEBEITST,
K320;50775;0;0;0.00301968;0.00265631;0.00214847;0.00196477;0.00199442;0.00277186;0.00567697;GEBEITST,
K320;16925;0;0;0.00371934;0.0033121;0.00265631;0.00214847;0.00196477;0.00199442;0.00277186;GEBEITST,
K320;33850;0;0;0.00599204;0.0055524;0.004787;0.00403409;0.0033121;0.00265631;0.00196477;GEBEITST,
K360;139631;0;0;0.0019711;0.00196477;0.00209176;0.00330309;0.00722707;0.0160717;0.0296055;GEBEITST,
KT10;10620;0;0;0.00808204;0.00764204;0.00687204;0.00610204;0.00533308;0.00456995;0.00196477;SG3,SDG,BT2,HDG,
T230;28833;0;0;0.0039284;0.00351372;0.00283292;0.00227048;0.0019711;0.00196477;0.00240998;CAPL,TTS,ELG,
LT70;8054;0;0;0.00371934;0.0033121;0.00265631;0.00214847;0.00196477;0.00199442;0.00277186;SG3,SDG,BT2,HDG,
LT70;41958;0;0;0.00424721;0.00382354;0.00311568;0.00249087;0.00205171;0.00196477;0.00209176;SG3,SDG,BT2,HDG,
LT70;27972;0;0;0.00424721;0.00382354;0.00311568;0.00249087;0.00205171;0.00196477;0.00209176;SG3,SDG,BT2,HDG,
LT70;27972;0;0;0.00599204;0.0055524;0.004787;0.00403409;0.0033121;0.00265631;0.00196477;SG3,SDG,BT2,HDG,
TB80;79552;0;0;0.023217;0.0296055;0.0395169;0.0607021;0.0867826;0.117761;0.153639;SG3,SDG,TTS,HDG,
TB80;53043;0;0;0.0194514;0.0252471;0.0343621;0.0541498;0.0788313;0.10841;0.142889;SG3,SDG,TTS,HDG,
TB80;79563;0;0;0.0050491;0.00722707;0.0116869;0.023217;0.0395169;0.0607021;0.0867826;SG3,SDG,TTS,HDG,
TB80;53043;0;0;0.00450773;0.00639731;0.0104179;0.0212855;0.0368895;0.057376;0.082757;SG3,SDG,TTS,HDG,
TB80;53043;0;0;0.00196477;0.00199442;0.00227747;0.00404042;0.00923905;0.0194514;0.0343621;SG3,SDG,TTS,HDG,
TB80;53043;0;0;0.00241314;0.00214847;0.00196477;0.00199442;0.00277186;0.00567697;0.0130556;SG3,SDG,TTS,HDG,
TB80;53043;0;0;0.00311568;0.00274359;0.00220669;0.00196477;0.00197231;0.00257305;0.0050491;SG3,SDG,TTS,HDG,
TB80;79563;0;0;0.00382354;0.00341243;0.00274359;0.00220669;0.00196477;0.00197231;0.00257305;SG3,SDG,TTS,HDG,
T230;23392;0;0;0.00240998;0.00301436;0.00450773;0.0104179;0.0212855;0.0368895;0.057376;SG3,SDG,TTS,HDG,
T230;21385;0;0;0.0039284;0.00351372;0.00283292;0.00227048;0.0019711;0.00196477;0.00240998;SG3,SDG,TTS,HDG,
TB60;46893;0;0;0.00450773;0.00639731;0.0104179;0.0212855;0.0368895;0.057376;0.082757;SG3,SDG,BT2,HDG,
TB60;23645;0;0;0.00292537;0.00257191;0.00209667;0.00196477;0.00203321;0.00301436;0.00639731;SG3,SDG,BT2,HDG,
TB60;23645;0;0;0.00424721;0.00382354;0.00311568;0.00249087;0.00205171;0.00196477;0.00209176;SG3,SDG,BT2,HDG,
TB60;47290;0;0;0.00621204;0.00577204;0.00500497;0.00424721;0.00351372;0.00283292;0.00196477;SG3,SDG,BT2,HDG,
TB60;47290;0;0;0.00808204;0.00764204;0.00687204;0.00610204;0.00533308;0.00456995;0.00196477;SG3,SDG,BT2,HDG,
TB60;23645;0;0;0.00808204;0.00764204;0.00687204;0.00610204;0.00533308;0.00456995;0.00196477;SG3,SDG,BT2,HDG,
TB60;24451;0;0;0.00424721;0.00382354;0.00311568;0.00249087;0.00205171;0.00196477;0.00209176;GALTEC,SDG,BT2,HDG,
TB60;24451;0;0;0.00808204;0.00764204;0.00687204;0.00610204;0.00533308;0.00456995;0.00196477;GALTEC,SDG,BT2,HDG,
TB60;20994;0;0;0.00196477;0.00203321;0.00240998;0.00450773;0.0104179;0.0212855;0.0368895;SG3,SDG,BT2,HDG,
TB60;85211;0;0;0.00292537;0.00257191;0.00209667;0.00196477;0.00203321;0.00301436;0.00639731;SG3,SDG,BT2,HDG,
TB60;106514;0;0;0.00424721;0.00382354;0.00311568;0.00249087;0.00205171;0.00196477;0.00209176;SG3,SDG,BT2,HDG,
TB60;170422;0;0;0.00621204;0.00577204;0.00500497;0.00424721;0.00351372;0.00283292;0.00196477;SG3,SDG,BT2,HDG,
TB60;85211;0;0;0.00808204;0.00764204;0.00687204;0.00610204;0.00533308;0.00456995;0.00196477;SG3,SDG,BT2,HDG,
TB60;63909;0;0;0.00808204;0.00764204;0.00687204;0.00610204;0.00533308;0.00456995;0.00196477;SG3,SDG,BT2,HDG,
TB60;24451;0;0;0.00292537;0.00257191;0.00209667;0.00196477;0.00203321;0.00301436;0.00639731;GALTEC,SDG,BT2,HDG,
TB60;24451;0;0;0.00424721;0.00382354;0.00311568;0.00249087;0.00205171;0.00196477;0.00209176;GALTEC,SDG,BT2,HDG,
TB60;24451;0;0;0.00621204;0.00577204;0.00500497;0.00424721;0.00351372;0.00283292;0.00196477;GALTEC,SDG,BT2,HDG,
KT20;21156;0;0;0.00241314;0.00214847;0.00196477;0.00199442;0.00277186;0.00567697;0.0130556;GEBEITST,
KT20;21156;0;0;0.00808204;0.00764204;0.00687204;0.00610204;0.00533308;0.00456995;0.00196477;GEBEITST,
KM50;77347;0;0;0.00249087;0.00220669;0.00196477;0.00197231;0.00257305;0.0050491;0.0116869;GEBEITST,
T230;36674;0;0;0.00227048;0.00205171;0.00196477;0.00209176;0.00330309;0.00722707;0.0160717;SG3,SDG,TTS,HDG,
LK40;80338;0;0;0.00249087;0.00220669;0.00196477;0.00197231;0.00257305;0.0050491;0.0116869;GEBEITST,
LK40;53559;0;0;0.00311568;0.00274359;0.00220669;0.00196477;0.00197231;0.00257305;0.0050491;GEBEITST,
KN40;21035;0;0;0.00632204;0.00588204;0.00511421;0.00435446;0.003616;0.00292537;0.00196477;BAF_HNX,BAF,TTS,
KN40;21035;0;0;0.00808204;0.00764204;0.00687204;0.00610204;0.00533308;0.00456995;0.00196477;BAF_HNX,BAF,TTS,
T230;20042;0;0;0.00424721;0.00382354;0.00311568;0.00249087;0.00205171;0.00196477;0.00209176;GALTEC,SDG,BT2,HDG,
K320;25758;0;0;0.00775204;0.00731204;0.00654204;0.00577204;0.00500497;0.00424721;0.00196477;GEBEITST,
K320;25758;0;0;0.00808204;0.00764204;0.00687204;0.00610204;0.00533308;0.00456995;0.00196477;GEBEITST,
K200;25387;0;0;0.00742204;0.00698204;0.00621204;0.00544262;0.00467823;0.0039284;0.00196477;GEBEITST,
LT70;12220;0;0;0.00196477;0.00203321;0.00240998;0.00450773;0.0104179;0.0212855;0.0368895;SG3,SDG,BT2,HDG,
LT70;127445;0;0;0.00301968;0.00265631;0.00214847;0.00196477;0.00199442;0.00277186;0.00567697;SG3,SDG,BT2,HDG,
LT70;106205;0;0;0.00424721;0.00382354;0.00311568;0.00249087;0.00205171;0.00196477;0.00209176;SG3,SDG,BT2,HDG,
LT70;63723;0;0;0.00632204;0.00588204;0.00511421;0.00435446;0.003616;0.00292537;0.00196477;SG3,SDG,BT2,HDG,
KT10;56848;0;0;0.00265631;0.00233967;0.00198813;0.00196477;0.00227747;0.00404042;0.00923905;SG3,SDG,TTS,HDG,
KT10;56848;0;0;0.0039284;0.00351372;0.00283292;0.00227048;0.0019711;0.00196477;0.00240998;SG3,SDG,TTS,HDG,
KT10;56848;0;0;0.00588204;0.00544262;0.00467823;0.0039284;0.00321322;0.00257191;0.00196477;SG3,SDG,TTS,HDG,
KT10;28424;0;0;0.00764204;0.00720204;0.00643204;0.00566213;0.00489585;0.00414042;0.00196477;SG3,SDG,TTS,HDG,
LT70;120220;0;0;0.00292537;0.00257191;0.00209667;0.00196477;0.00203321;0.00301436;0.00639731;SG3,SDG,TTS,HDG,
LT70;150275;0;0;0.0039284;0.00351372;0.00283292;0.00227048;0.0019711;0.00196477;0.00240998;SG3,SDG,TTS,HDG,
LT70;60110;0;0;0.00621204;0.00577204;0.00500497;0.00424721;0.00351372;0.00283292;0.00196477;SG3,SDG,TTS,HDG,
L620;79731;0;0;0.00283292;0.00249087;0.00205171;0.00196477;0.00209176;0.00330309;0.00722707;GALTEC,SDG,TTS,HDG,
L620;79731;0;0;0.0039284;0.00351372;0.00283292;0.00227048;0.0019711;0.00196477;0.00240998;GALTEC,SDG,TTS,HDG,
L620;79731;0;0;0.00610204;0.00566213;0.00489585;0.00414042;0.00341243;0.00274359;0.00196477;GALTEC,SDG,TTS,HDG,
L620;26577;0;0;0.00797204;0.00753204;0.00676204;0.00599204;0.0052236;0.0044619;0.00196477;GALTEC,SDG,TTS,HDG,
LT70;126458;0;0;0.00196477;0.00199442;0.00227747;0.00404042;0.00923905;0.0194514;0.0343621;SG3,SDG,TTS,HDG,
LT70;160700;0;0;0.00292537;0.00257191;0.00209667;0.00196477;0.00203321;0.00301436;0.00639731;SG3,SDG,TTS,HDG,
LT70;160700;0;0;0.0039284;0.00351372;0.00283292;0.00227048;0.0019711;0.00196477;0.00240998;SG3,SDG,TTS,HDG,
L620;57351;0;0;0.0019711;0.00196477;0.00209176;0.00330309;0.00722707;0.0160717;0.0296055;GALTEC,SDG,TTS,HDG,
L620;239192;0;0;0.0039284;0.00351372;0.00283292;0.00227048;0.0019711;0.00196477;0.00240998;GALTEC,SDG,TTS,HDG,
L620;103921;0;0;0.0039284;0.00351372;0.00283292;0.00227048;0.0019711;0.00196477;0.00240998;GALTEC,SDG,TTS,HDG,
L620;37899;0;0;0.00797204;0.00753204;0.00676204;0.00599204;0.0052236;0.0044619;0.00196477;GALTEC,SDG,TTS,HDG,
LT70;18923;0;0;0.00632204;0.00588204;0.00511421;0.00435446;0.003616;0.00292537;0.00196477;SG3,SDG,BT2,HDG,
KM80;15931;0;0;0.00424721;0.00382354;0.00311568;0.00249087;0.00205171;0.00196477;0.00209176;CAPL,BT2,
KN40;17062;0;0;0.00283292;0.00249087;0.00205171;0.00196477;0.00209176;0.00330309;0.00722707;BAF_HNX,BAF,BT2,
KN40;17062;0;0;0.00424721;0.00382354;0.00311568;0.00249087;0.00205171;0.00196477;0.00209176;BAF_HNX,BAF,BT2,
KN40;17062;0;0;0.00654204;0.00610204;0.00533308;0.00456995;0.00382354;0.00311568;0.00196477;BAF_HNX,BAF,BT2,
KN40;17062;0;0;0.00808204;0.00764204;0.00687204;0.00610204;0.00533308;0.00456995;0.00196477;BAF_HNX,BAF,BT2,
KK80;201069;0;0;0.0019711;0.00196477;0.00209176;0.00330309;0.00722707;0.0160717;0.0296055;GEBEITST,
KM50;20489;0;0;0.00205171;0.00196477;0.00197231;0.00257305;0.0050491;0.0116869;0.023217;GEBEITST,
KM50;61467;0;0;0.00311568;0.00274359;0.00220669;0.00196477;0.00197231;0.00257305;0.0050491;GEBEITST,
LK40;57984;0;0;0.00265631;0.00233967;0.00198813;0.00196477;0.00227747;0.00404042;0.00923905;GEBEITST,
LK40;47313;0;0;0.00341243;0.00301968;0.00241314;0.0020148;0.00196477;0.00217226;0.00364156;GEBEITST,
K320;24330;0;0;0.00599204;0.0055524;0.004787;0.00403409;0.0033121;0.00265631;0.00196477;GEBEITST,
KN40;10907;0;0;0.00808204;0.00764204;0.00687204;0.00610204;0.00533308;0.00456995;0.00196477;GALTEC,SDG,BT2,HDG,
KN40;29362;0;0;0.0020148;0.00196477;0.00199442;0.00277186;0.00567697;0.0130556;0.0252471;GALTEC,SDG,TTS,HDG,
K320;21156;0;0;0.00414042;0.00371934;0.00301968;0.00241314;0.0020148;0.00196477;0.00217226;GEBEITST,
K200;17983;0;0;0.00241314;0.00214847;0.00196477;0.00199442;0.00277186;0.00567697;0.0130556;GEBEITST,
K200;17983;0;0;0.00753204;0.00709204;0.00632204;0.0055524;0.004787;0.00403409;0.00196477;GEBEITST,
K320;66642;0;0;0.00599204;0.0055524;0.004787;0.00403409;0.0033121;0.00265631;0.00196477;GEBEITST,
K320;25915;0;0;0.00599204;0.0055524;0.004787;0.00403409;0.0033121;0.00265631;0.00196477;GEBEITST,
K320;29619;0;0;0.00676204;0.00632204;0.0055524;0.004787;0.00403409;0.0033121;0.00196477;GEBEITST,
T230;32956;0;0;0.00808204;0.00764204;0.00687204;0.00610204;0.00533308;0.00456995;0.00196477;SG3,SDG,TTS,HDG,
KN40;38277;0;0;0.0039284;0.00351372;0.00283292;0.00227048;0.0019711;0.00196477;0.00240998;SG3,SDG,TTS,HDG,
K320;59237;0;0;0.00808204;0.00764204;0.00687204;0.00610204;0.00533308;0.00456995;0.00196477;GEBEITST,
KM40;18609;0;0;0.00220669;0.0020148;0.00196477;0.00217226;0.00364156;0.00817559;0.0177148;GEBEITST,
KM80;11652;0;0;0.00199442;0.00217226;0.00277186;0.00567697;0.0130556;0.0252471;0.0422437;GEBEITST,
KM80;68067;0;0;0.00371934;0.0033121;0.00265631;0.00214847;0.00196477;0.00199442;0.00277186;GEBEITST,
KM80;19448;0;0;0.00676204;0.00632204;0.0055524;0.004787;0.00403409;0.0033121;0.00196477;GEBEITST,
KM40;72989;0;0;0.00764204;0.00720204;0.00643204;0.00566213;0.00489585;0.00414042;0.00196477;GEBEITST,
L620;22216;0;0;0.00311568;0.00274359;0.00220669;0.00196477;0.00197231;0.00257305;0.0050491;GALTEC,SDG,TTS,HDG,
LK60;91965;0;0;0.00205171;0.00196477;0.00197231;0.00257305;0.0050491;0.0116869;0.023217;GEBEITST,
KN40;20316;0;0;0.00808204;0.00764204;0.00687204;0.00610204;0.00533308;0.00456995;0.00196477;GALTEC,SDG,TTS,HDG,
TB80;40336;0;0;0.00639731;0.00923905;0.0145202;0.0273767;0.0450707;0.0676541;0.0951337;SG3,SDG,TTS,HDG,
TB80;86128;0;0;0.00450773;0.00639731;0.0104179;0.0212855;0.0368895;0.057376;0.082757;SG3,SDG,TTS,HDG,
TB80;86128;0;0;0.00203321;0.00227747;0.00301436;0.00639731;0.0145202;0.0273767;0.0450707;SG3,SDG,TTS,HDG,
TB80;107659;0;0;0.00196477;0.00199442;0.00227747;0.00404042;0.00923905;0.0194514;0.0343621;SG3,SDG,TTS,HDG,
TB80;86128;0;0;0.003616;0.00321322;0.00257191;0.00209667;0.00196477;0.00203321;0.00301436;SG3,SDG,TTS,HDG,
TB80;107659;0;0;0.0039284;0.00351372;0.00283292;0.00227048;0.0019711;0.00196477;0.00240998;SG3,SDG,TTS,HDG,
TB80;86128;0;0;0.00424721;0.00382354;0.00311568;0.00249087;0.00205171;0.00196477;0.00209176;SG3,SDG,TTS,HDG,
TB80;107659;0;0;0.00588204;0.00544262;0.00467823;0.0039284;0.00321322;0.00257191;0.00196477;SG3,SDG,TTS,HDG,
TB80;86128;0;0;0.00665204;0.00621204;0.00544262;0.00467823;0.0039284;0.00321322;0.00196477;SG3,SDG,TTS,HDG,
TB80;107659;0;0;0.00742204;0.00698204;0.00621204;0.00544262;0.00467823;0.0039284;0.00196477;SG3,SDG,TTS,HDG,
TB80;86128;0;0;0.00808204;0.00764204;0.00687204;0.00610204;0.00533308;0.00456995;0.00196477;SG3,SDG,TTS,HDG,
KK50;26445;0;0;0.00643204;0.00599204;0.0052236;0.0044619;0.00371934;0.00301968;0.00196477;GEBEITST,
K320;44428;0;0;0.0020148;0.00196477;0.00199442;0.00277186;0.00567697;0.0130556;0.0252471;GEBEITST,
K320;44428;0;0;0.00241314;0.00214847;0.00196477;0.00199442;0.00277186;0.00567697;0.0130556;GEBEITST,
LK70;20061;0;0;0.00599204;0.0055524;0.004787;0.00403409;0.0033121;0.00265631;0.00196477;SG3,SDG,BT2,HDG,
KM20;23272;0;0;0.00227048;0.00205171;0.00196477;0.00209176;0.00330309;0.00722707;0.0160717;GEBEITST,
KB30;12859;0;0;0.00257305;0.00330309;0.0050491;0.0116869;0.023217;0.0395169;0.0607021;BAF_HNX,BAF,BT2,
KB30;12859;0;0;0.00197231;0.00209176;0.00257305;0.0050491;0.0116869;0.023217;0.0395169;BAF_HNX,BAF,BT2,
KB30;12859;0;0;0.00424721;0.00382354;0.00311568;0.00249087;0.00205171;0.00196477;0.00209176;BAF_HNX,BAF,BT2,
KN40;22541;0;0;0.0130556;0.0177148;0.0252471;0.0422437;0.0641281;0.0909081;0.122587;SG3,SDG,TTS,HDG,
KN40;25465;0;0;0.00199442;0.00217226;0.00277186;0.00567697;0.0130556;0.0252471;0.0422437;SG3,SDG,TTS,HDG,
KN40;25465;0;0;0.00241314;0.00214847;0.00196477;0.00199442;0.00277186;0.00567697;0.0130556;SG3,SDG,TTS,HDG,
KN40;25465;0;0;0.00424721;0.00382354;0.00311568;0.00249087;0.00205171;0.00196477;0.00209176;SG3,SDG,TTS,HDG,
LK60;32525;0;0;0.00257305;0.00330309;0.0050491;0.0116869;0.023217;0.0395169;0.0607021;GEBEITST,
T210;17700;0;0;0.00198813;0.00196477;0.00203321;0.00301436;0.00639731;0.0145202;0.0273767;SG3,SDG,TTS,HDG,
T210;74832;0;0;0.003616;0.00321322;0.00257191;0.00209667;0.00196477;0.00203321;0.00301436;SG3,SDG,TTS,HDG,
T210;56125;0;0;0.0039284;0.00351372;0.00283292;0.00227048;0.0019711;0.00196477;0.00240998;SG3,SDG,TTS,HDG,
T210;74832;0;0;0.00424721;0.00382354;0.00311568;0.00249087;0.00205171;0.00196477;0.00209176;SG3,SDG,TTS,HDG,
T210;56125;0;0;0.00588204;0.00544262;0.00467823;0.0039284;0.00321322;0.00257191;0.00196477;SG3,SDG,TTS,HDG,
T210;74832;0;0;0.00665204;0.00621204;0.00544262;0.00467823;0.0039284;0.00321322;0.00196477;SG3,SDG,TTS,HDG,
T210;74832;0;0;0.00742204;0.00698204;0.00621204;0.00544262;0.00467823;0.0039284;0.00196477;SG3,SDG,TTS,HDG,
T210;56125;0;0;0.00808204;0.00764204;0.00687204;0.00610204;0.00533308;0.00456995;0.00196477;SG3,SDG,TTS,HDG,
T210;74832;0;0;0.00808204;0.00764204;0.00687204;0.00610204;0.00533308;0.00456995;0.00196477;SG3,SDG,TTS,HDG,
KT10;24190;0;0;0.00654204;0.00610204;0.00533308;0.00456995;0.00382354;0.00311568;0.00196477;BAF_H2,BAF,TTS,
KT10;24190;0;0;0.00808204;0.00764204;0.00687204;0.00610204;0.00533308;0.00456995;0.00196477;BAF_H2,BAF,TTS,
TB30;16763;0;0;0.00424721;0.00382354;0.00311568;0.00249087;0.00205171;0.00196477;0.00209176;GALTEC,SDG,TTS,HDG,
TB30;16763;0;0;0.00654204;0.00610204;0.00533308;0.00456995;0.00382354;0.00311568;0.00196477;GALTEC,SDG,TTS,HDG,
TB30;16763;0;0;0.00731204;0.00687204;0.00610204;0.00533308;0.00456995;0.00382354;0.00196477;GALTEC,SDG,TTS,HDG,
KT30;12315;0;0;0.00249087;0.00220669;0.00196477;0.00197231;0.00257305;0.0050491;0.0116869;GEBEITST,
LK60;48542;0;0;0.00197231;0.00209176;0.00257305;0.0050491;0.0116869;0.023217;0.0395169;GEBEITST,
KN40;5267;0;0;0.00424721;0.00382354;0.00311568;0.00249087;0.00205171;0.00196477;0.00209176;BAF_HNX,BAF,TTS,
KM40;13752;0;0;0.0020148;0.00196477;0.00199442;0.00277186;0.00567697;0.0130556;0.0252471;GEBEITST,
KM40;7243;0;0;0.00808204;0.00764204;0.00687204;0.00610204;0.00533308;0.00456995;0.00196477;GEBEITST,
TB80;107474;0;0;0.00639731;0.00923905;0.0145202;0.0273767;0.0450707;0.0676541;0.0951337;SG3,SDG,TTS,HDG,
TB80;85979;0;0;0.00450773;0.00639731;0.0104179;0.0212855;0.0368895;0.057376;0.082757;SG3,SDG,TTS,HDG,
TB80;107474;0;0;0.00203321;0.00227747;0.00301436;0.00639731;0.0145202;0.0273767;0.0450707;SG3,SDG,TTS,HDG,
TB80;107474;0;0;0.00196477;0.00199442;0.00227747;0.00404042;0.00923905;0.0194514;0.0343621;SG3,SDG,TTS,HDG,
TB80;107474;0;0;0.003616;0.00321322;0.00257191;0.00209667;0.00196477;0.00203321;0.00301436;SG3,SDG,TTS,HDG,
TB80;128969;0;0;0.0039284;0.00351372;0.00283292;0.00227048;0.0019711;0.00196477;0.00240998;SG3,SDG,TTS,HDG,
TB80;107474;0;0;0.00424721;0.00382354;0.00311568;0.00249087;0.00205171;0.00196477;0.00209176;SG3,SDG,TTS,HDG,
TB80;107474;0;0;0.00588204;0.00544262;0.00467823;0.0039284;0.00321322;0.00257191;0.00196477;SG3,SDG,TTS,HDG,
TB80;107474;0;0;0.00665204;0.00621204;0.00544262;0.00467823;0.0039284;0.00321322;0.00196477;SG3,SDG,TTS,HDG,
TB80;107474;0;0;0.00742204;0.00698204;0.00621204;0.00544262;0.00467823;0.0039284;0.00196477;SG3,SDG,TTS,HDG,
TB80;128969;0;0;0.00808204;0.00764204;0.00687204;0.00610204;0.00533308;0.00456995;0.00196477;SG3,SDG,TTS,HDG,
K580;38081;0;0;0.0116869;0.0160717;0.023217;0.0395169;0.0607021;0.0867826;0.117761;GEBEITST,
KN30;57350;0;0;0.00197231;0.00209176;0.00257305;0.0050491;0.0116869;0.023217;0.0395169;GALTEC,SDG,TTS,HDG,
KN30;95583;0;0;0.0020148;0.00196477;0.00199442;0.00277186;0.00567697;0.0130556;0.0252471;GALTEC,SDG,TTS,HDG,
KN30;95583;0;0;0.00382354;0.00341243;0.00274359;0.00220669;0.00196477;0.00197231;0.00257305;GALTEC,SDG,TTS,HDG,
KN30;76467;0;0;0.0039284;0.00351372;0.00283292;0.00227048;0.0019711;0.00196477;0.00240998;GALTEC,SDG,TTS,HDG,
KN30;95583;0;0;0.00424721;0.00382354;0.00311568;0.00249087;0.00205171;0.00196477;0.00209176;GALTEC,SDG,TTS,HDG,
KN30;95583;0;0;0.00610204;0.00566213;0.00489585;0.00414042;0.00341243;0.00274359;0.00196477;GALTEC,SDG,TTS,HDG,
KN40;17076;0;0;0.0033121;0.00292537;0.00233967;0.00198813;0.00196477;0.00227747;0.00404042;GALTEC,SDG,BT2,HDG,
KN40;17076;0;0;0.00403409;0.003616;0.00292537;0.00233967;0.00198813;0.00196477;0.00227747;GALTEC,SDG,BT2,HDG,
KN40;34151;0;0;0.00424721;0.00382354;0.00311568;0.00249087;0.00205171;0.00196477;0.00209176;GALTEC,SDG,BT2,HDG,
KN40;34151;0;0;0.00424721;0.00382354;0.00311568;0.00249087;0.00205171;0.00196477;0.00209176;GALTEC,SDG,BT2,HDG,
KN40;17076;0;0;0.00632204;0.00588204;0.00511421;0.00435446;0.003616;0.00292537;0.00196477;GALTEC,SDG,BT2,HDG,
KN40;34151;0;0;0.00709204;0.00665204;0.00588204;0.00511421;0.00435446;0.003616;0.00196477;GALTEC,SDG,BT2,HDG,
KN40;17076;0;0;0.00786204;0.00742204;0.00665204;0.00588204;0.00511421;0.00435446;0.00196477;GALTEC,SDG,BT2,HDG,
KN40;153682;0;0;0.00808204;0.00764204;0.00687204;0.00610204;0.00533308;0.00456995;0.00196477;GALTEC,SDG,BT2,HDG,
KN50;6306;0;0;0.00240998;0.00301436;0.00450773;0.0104179;0.0212855;0.0368895;0.057376;GALTEC,SDG,BT2,HDG,
KN50;36179;0;0;0.00220669;0.0020148;0.00196477;0.00217226;0.00364156;0.00817559;0.0177148;GALTEC,SDG,BT2,HDG,
KN50;36179;0;0;0.00414042;0.00371934;0.00301968;0.00241314;0.0020148;0.00196477;0.00217226;GALTEC,SDG,BT2,HDG,
KN50;36179;0;0;0.00424721;0.00382354;0.00311568;0.00249087;0.00205171;0.00196477;0.00209176;GALTEC,SDG,BT2,HDG,
KN50;18090;0;0;0.00424721;0.00382354;0.00311568;0.00249087;0.00205171;0.00196477;0.00209176;GALTEC,SDG,BT2,HDG,
KN50;36179;0;0;0.00643204;0.00599204;0.0052236;0.0044619;0.00371934;0.00301968;0.00196477;GALTEC,SDG,BT2,HDG,
KN50;36179;0;0;0.00720204;0.00676204;0.00599204;0.0052236;0.0044619;0.00371934;0.00196477;GALTEC,SDG,BT2,HDG,
KN50;36179;0;0;0.00797204;0.00753204;0.00676204;0.00599204;0.0052236;0.0044619;0.00196477;GALTEC,SDG,BT2,HDG,
KN50;36179;0;0;0.00808204;0.00764204;0.00687204;0.00610204;0.00533308;0.00456995;0.00196477;GALTEC,SDG,BT2,HDG,
KN50;36179;0;0;0.00808204;0.00764204;0.00687204;0.00610204;0.00533308;0.00456995;0.00196477;GALTEC,SDG,BT2,HDG,
KN50;36179;0;0;0.00808204;0.00764204;0.00687204;0.00610204;0.00533308;0.00456995;0.00196477;GALTEC,SDG,BT2,HDG,
T230;25316;0;0;0.00599204;0.0055524;0.004787;0.00403409;0.0033121;0.00265631;0.00196477;SG3,SDG,TTS,HDG,
T230;50631;0;0;0.00676204;0.00632204;0.0055524;0.004787;0.00403409;0.0033121;0.00196477;SG3,SDG,TTS,HDG,
T230;25316;0;0;0.00753204;0.00709204;0.00632204;0.0055524;0.004787;0.00403409;0.00196477;SG3,SDG,TTS,HDG,
T230;25316;0;0;0.00808204;0.00764204;0.00687204;0.00610204;0.00533308;0.00456995;0.00196477;SG3,SDG,TTS,HDG,
T230;50631;0;0;0.00808204;0.00764204;0.00687204;0.00610204;0.00533308;0.00456995;0.00196477;SG3,SDG,TTS,HDG,
T230;25316;0;0;0.00808204;0.00764204;0.00687204;0.00610204;0.00533308;0.00456995;0.00196477;SG3,SDG,TTS,HDG,
KN30;31768;0;0;0.00371934;0.0033121;0.00265631;0.00214847;0.00196477;0.00199442;0.00277186;SG3,SDG,TTS,HDG,
KN30;63537;0;0;0.0039284;0.00351372;0.00283292;0.00227048;0.0019711;0.00196477;0.00240998;SG3,SDG,TTS,HDG,
KN30;31768;0;0;0.00424721;0.00382354;0.00311568;0.00249087;0.00205171;0.00196477;0.00209176;SG3,SDG,TTS,HDG,
KN30;31768;0;0;0.00610204;0.00566213;0.00489585;0.00414042;0.00341243;0.00274359;0.00196477;SG3,SDG,TTS,HDG,
KN30;63537;0;0;0.00687204;0.00643204;0.00566213;0.00489585;0.00414042;0.00341243;0.00196477;SG3,SDG,TTS,HDG,
KN30;31768;0;0;0.00764204;0.00720204;0.00643204;0.00566213;0.00489585;0.00414042;0.00196477;SG3,SDG,TTS,HDG,
KN30;63537;0;0;0.00808204;0.00764204;0.00687204;0.00610204;0.00533308;0.00456995;0.00196477;SG3,SDG,TTS,HDG,
KN30;31768;0;0;0.00808204;0.00764204;0.00687204;0.00610204;0.00533308;0.00456995;0.00196477;SG3,SDG,TTS,HDG,
KN30;31768;0;0;0.00808204;0.00764204;0.00687204;0.00610204;0.00533308;0.00456995;0.00196477;SG3,SDG,TTS,HDG,
T230;15849;0;0;0.00257305;0.00330309;0.0050491;0.0116869;0.023217;0.0395169;0.0607021;SG3,SDG,TTS,HDG,
T230;62979;0;0;0.0020148;0.00196477;0.00199442;0.00277186;0.00567697;0.0130556;0.0252471;SG3,SDG,TTS,HDG,
T230;31490;0;0;0.00311568;0.00274359;0.00220669;0.00196477;0.00197231;0.00257305;0.0050491;SG3,SDG,TTS,HDG,
T230;31490;0;0;0.0039284;0.00351372;0.00283292;0.00227048;0.0019711;0.00196477;0.00240998;SG3,SDG,TTS,HDG,
T230;31490;0;0;0.00610204;0.00566213;0.00489585;0.00414042;0.00341243;0.00274359;0.00196477;SG3,SDG,TTS,HDG,
T230;31490;0;0;0.00687204;0.00643204;0.00566213;0.00489585;0.00414042;0.00341243;0.00196477;SG3,SDG,TTS,HDG,
T230;31490;0;0;0.00764204;0.00720204;0.00643204;0.00566213;0.00489585;0.00414042;0.00196477;SG3,SDG,TTS,HDG,
T230;62979;0;0;0.00808204;0.00764204;0.00687204;0.00610204;0.00533308;0.00456995;0.00196477;SG3,SDG,TTS,HDG,
TB50;21261;0;0;0.00283292;0.00249087;0.00205171;0.00196477;0.00209176;0.00330309;0.00722707;CAPL,BT2,
TB50;21261;0;0;0.00731204;0.00687204;0.00610204;0.00533308;0.00456995;0.00382354;0.00196477;CAPL,BT2,
KN50;25316;0;0;0.00639731;0.00923905;0.0145202;0.0273767;0.0450707;0.0676541;0.0951337;SG3,SDG,TTS,HDG,
KK50;19318;0;0;0.00203321;0.00227747;0.00301436;0.00639731;0.0145202;0.0273767;0.0450707;GEBEITST,
KK50;19318;0;0;0.00414042;0.00371934;0.00301968;0.00241314;0.0020148;0.00196477;0.00217226;GEBEITST,
KN50;76393;0;0;0.00764204;0.00720204;0.00643204;0.00566213;0.00489585;0.00414042;0.00196477;SG3,SDG,TTS,HDG,
KN40;17009;0;0;0.00277186;0.00364156;0.00567697;0.0130556;0.0252471;0.0422437;0.0641281;SG3,SDG,BT2,HDG,
KN40;34019;0;0;0.00199442;0.00217226;0.00277186;0.00567697;0.0130556;0.0252471;0.0422437;SG3,SDG,BT2,HDG,
KN40;34019;0;0;0.0020148;0.00196477;0.00199442;0.00277186;0.00567697;0.0130556;0.0252471;SG3,SDG,BT2,HDG,
KN40;34019;0;0;0.00371934;0.0033121;0.00265631;0.00214847;0.00196477;0.00199442;0.00277186;SG3,SDG,BT2,HDG,
KN40;51028;0;0;0.00424721;0.00382354;0.00311568;0.00249087;0.00205171;0.00196477;0.00209176;SG3,SDG,BT2,HDG,
KN40;34019;0;0;0.00424721;0.00382354;0.00311568;0.00249087;0.00205171;0.00196477;0.00209176;SG3,SDG,BT2,HDG,
KN40;34019;0;0;0.00599204;0.0055524;0.004787;0.00403409;0.0033121;0.00265631;0.00196477;SG3,SDG,BT2,HDG,
KN40;34019;0;0;0.00676204;0.00632204;0.0055524;0.004787;0.00403409;0.0033121;0.00196477;SG3,SDG,BT2,HDG,
KN40;51028;0;0;0.00753204;0.00709204;0.00632204;0.0055524;0.004787;0.00403409;0.00196477;SG3,SDG,BT2,HDG,
KN40;34019;0;0;0.00808204;0.00764204;0.00687204;0.00610204;0.00533308;0.00456995;0.00196477;SG3,SDG,BT2,HDG,
KN40;34019;0;0;0.00808204;0.00764204;0.00687204;0.00610204;0.00533308;0.00456995;0.00196477;SG3,SDG,BT2,HDG,
KM50;8186;0;0;0.0020148;0.00196477;0.00199442;0.00277186;0.00567697;0.0130556;0.0252471;GEBEITST,
T210;23281;0;0;0.00196477;0.00199442;0.00227747;0.00404042;0.00923905;0.0194514;0.0343621;SG3,SDG,TTS,HDG,
T210;27751;0;0;0.00227048;0.00205171;0.00196477;0.00209176;0.00330309;0.00722707;0.0160717;SG3,SDG,TTS,HDG,
T210;27751;0;0;0.00283292;0.00249087;0.00205171;0.00196477;0.00209176;0.00330309;0.00722707;SG3,SDG,TTS,HDG,
T210;27751;0;0;0.00301968;0.00265631;0.00214847;0.00196477;0.00199442;0.00277186;0.00567697;SG3,SDG,TTS,HDG,
T210;27751;0;0;0.00351372;0.00311568;0.00249087;0.00205171;0.00196477;0.00209176;0.00330309;SG3,SDG,TTS,HDG,
T210;27751;0;0;0.00424721;0.00382354;0.00311568;0.00249087;0.00205171;0.00196477;0.00209176;SG3,SDG,TTS,HDG,
T210;27751;0;0;0.00643204;0.00599204;0.0052236;0.0044619;0.00371934;0.00301968;0.00196477;SG3,SDG,TTS,HDG,
T210;27751;0;0;0.00665204;0.00621204;0.00544262;0.00467823;0.0039284;0.00321322;0.00196477;SG3,SDG,TTS,HDG,
T210;27751;0;0;0.00731204;0.00687204;0.00610204;0.00533308;0.00456995;0.00382354;0.00196477;SG3,SDG,TTS,HDG,
T210;27751;0;0;0.00797204;0.00753204;0.00676204;0.00599204;0.0052236;0.0044619;0.00196477;SG3,SDG,TTS,HDG,
T210;27751;0;0;0.00808204;0.00764204;0.00687204;0.00610204;0.00533308;0.00456995;0.00196477;SG3,SDG,TTS,HDG,
T210;27751;0;0;0.00808204;0.00764204;0.00687204;0.00610204;0.00533308;0.00456995;0.00196477;SG3,SDG,TTS,HDG,
T210;27751;0;0;0.00808204;0.00764204;0.00687204;0.00610204;0.00533308;0.00456995;0.00196477;SG3,SDG,TTS,HDG,
K320;24330;0;0;0.00301968;0.00265631;0.00214847;0.00196477;0.00199442;0.00277186;0.00567697;GEBEITST,
K320;24330;0;0;0.00371934;0.0033121;0.00265631;0.00214847;0.00196477;0.00199442;0.00277186;GEBEITST,
K320;24330;0;0;0.00599204;0.0055524;0.004787;0.00403409;0.0033121;0.00265631;0.00196477;GEBEITST,
K320;24330;0;0;0.00753204;0.00709204;0.00632204;0.0055524;0.004787;0.00403409;0.00196477;GEBEITST,
K320;22822;0;0;0.00196477;0.00203321;0.00240998;0.00450773;0.0104179;0.0212855;0.0368895;GALTEC,SDG,BT2,HDG,
L650;57184;0;0;0.00742204;0.00698204;0.00621204;0.00544262;0.00467823;0.0039284;0.00196477;SG3,SDG,TTS,HDG,
KM50;23272;0;0;0.00599204;0.0055524;0.004787;0.00403409;0.0033121;0.00265631;0.00196477;GEBEITST,
KM50;23272;0;0;0.00808204;0.00764204;0.00687204;0.00610204;0.00533308;0.00456995;0.00196477;GEBEITST,
KM50;29619;0;0;0.00341243;0.00301968;0.00241314;0.0020148;0.00196477;0.00217226;0.00364156;GEBEITST,
KM50;29619;0;0;0.00808204;0.00764204;0.00687204;0.00610204;0.00533308;0.00456995;0.00196477;GEBEITST,
KK80;126937;0;0;0.0160717;0.0212855;0.0296055;0.0479972;0.0712798;0.0994592;0.132538;GEBEITST,
KK80;304650;0;0;0.00265631;0.00233967;0.00198813;0.00196477;0.00227747;0.00404042;0.00923905;GEBEITST,
K360;72989;0;0;0.00722707;0.0104179;0.0160717;0.0296055;0.0479972;0.0712798;0.0994592;GEBEITST,
K360;121648;0;0;0.00330309;0.00450773;0.00722707;0.0160717;0.0296055;0.0479972;0.0712798;GEBEITST,
K360;97319;0;0;0.00209176;0.00240998;0.00330309;0.00722707;0.0160717;0.0296055;0.0479972;GEBEITST,
LK70;20381;0;0;0.00220669;0.0020148;0.00196477;0.00217226;0.00364156;0.00817559;0.0177148;SG3,SDG,TTS,HDG,
LK70;20381;0;0;0.00643204;0.00599204;0.0052236;0.0044619;0.00371934;0.00301968;0.00196477;SG3,SDG,TTS,HDG,
T230;28703;0;0;0.00196477;0.00199442;0.00227747;0.00404042;0.00923905;0.0194514;0.0343621;SG3,SDG,TTS,HDG,
KM80;26445;0;0;0.00371934;0.0033121;0.00265631;0.00214847;0.00196477;0.00199442;0.00277186;GEBEITST,
KM80;26445;0;0;0.00599204;0.0055524;0.004787;0.00403409;0.0033121;0.00265631;0.00196477;GEBEITST,
KN30;28965;0;0;0.00199442;0.00217226;0.00277186;0.00567697;0.0130556;0.0252471;0.0422437;SG3,SDG,TTS,HDG,
KN30;59648;0;0;0.0039284;0.00351372;0.00283292;0.00227048;0.0019711;0.00196477;0.00240998;SG3,SDG,TTS,HDG,
KN30;59648;0;0;0.00676204;0.00632204;0.0055524;0.004787;0.00403409;0.0033121;0.00196477;SG3,SDG,TTS,HDG,
KN30;29824;0;0;0.00808204;0.00764204;0.00687204;0.00610204;0.00533308;0.00456995;0.00196477;SG3,SDG,TTS,HDG,
KN30;89472;0;0;0.00808204;0.00764204;0.00687204;0.00610204;0.00533308;0.00456995;0.00196477;SG3,SDG,TTS,HDG,
KM80;14059;0;0;0.00610204;0.00566213;0.00489585;0.00414042;0.00341243;0.00274359;0.00196477;GEBEITST,
KM30;28561;0;0;0.0020148;0.00196477;0.00199442;0.00277186;0.00567697;0.0130556;0.0252471;GEBEITST,
KM30;28561;0;0;0.00371934;0.0033121;0.00265631;0.00214847;0.00196477;0.00199442;0.00277186;GEBEITST,
K200;25782;0;0;0.00610204;0.00566213;0.00489585;0.00414042;0.00341243;0.00274359;0.00196477;GEBEITST,
KN30;22087;0;0;0.00621204;0.00577204;0.00500497;0.00424721;0.00351372;0.00283292;0.00196477;GALTEC,SDG,BT2,HDG,
KN30;22087;0;0;0.00698204;0.00654204;0.00577204;0.00500497;0.00424721;0.00351372;0.00196477;GALTEC,SDG,BT2,HDG,
KM50;18280;0;0;0.00414042;0.00371934;0.00301968;0.00241314;0.0020148;0.00196477;0.00217226;GEBEITST,
KM50;36560;0;0;0.00654204;0.00610204;0.00533308;0.00456995;0.00382354;0.00311568;0.00196477;GEBEITST,
KM50;36560;0;0;0.00808204;0.00764204;0.00687204;0.00610204;0.00533308;0.00456995;0.00196477;GEBEITST,
KM50;19355;0;0;0.0019711;0.00196477;0.00209176;0.00330309;0.00722707;0.0160717;0.0296055;GEBEITST,
KM50;19355;0;0;0.00808204;0.00764204;0.00687204;0.00610204;0.00533308;0.00456995;0.00196477;GEBEITST,
KN30;18090;0;0;0.00808204;0.00764204;0.00687204;0.00610204;0.00533308;0.00456995;0.00196477;GALTEC,SDG,BT2,HDG,
KK50;27345;0;0;0.00567697;0.00817559;0.0130556;0.0252471;0.0422437;0.0641281;0.0909081;GEBEITST,
K130;19195;0;0;0.00709204;0.00665204;0.00588204;0.00511421;0.00435446;0.003616;0.00196477;BAF_HNX,BAF,BT2,
KT50;26445;0;0;0.00599204;0.0055524;0.004787;0.00403409;0.0033121;0.00265631;0.00196477;GEBEITST,
KM40;21156;0;0;0.00753204;0.00709204;0.00632204;0.0055524;0.004787;0.00403409;0.00196477;GEBEITST,
KM40;21156;0;0;0.00808204;0.00764204;0.00687204;0.00610204;0.00533308;0.00456995;0.00196477;GEBEITST,
KM30;19041;0;0;0.00241314;0.00214847;0.00196477;0.00199442;0.00277186;0.00567697;0.0130556;GEBEITST,
KM30;76162;0;0;0.00414042;0.00371934;0.00301968;0.00241314;0.0020148;0.00196477;0.00217226;GEBEITST,
TB70;25885;0;0;0.00257191;0.00227048;0.0019711;0.00196477;0.00240998;0.00450773;0.0104179;SG3,SDG,TTS,HDG,
TB70;105358;0;0;0.00292537;0.00257191;0.00209667;0.00196477;0.00203321;0.00301436;0.00639731;SG3,SDG,TTS,HDG,
TB70;79018;0;0;0.003616;0.00321322;0.00257191;0.00209667;0.00196477;0.00203321;0.00301436;SG3,SDG,TTS,HDG,
TB70;52679;0;0;0.0039284;0.00351372;0.00283292;0.00227048;0.0019711;0.00196477;0.00240998;SG3,SDG,TTS,HDG,
TB70;79018;0;0;0.00424721;0.00382354;0.00311568;0.00249087;0.00205171;0.00196477;0.00209176;SG3,SDG,TTS,HDG,
TB70;79018;0;0;0.00588204;0.00544262;0.00467823;0.0039284;0.00321322;0.00257191;0.00196477;SG3,SDG,TTS,HDG,
TB70;79018;0;0;0.00665204;0.00621204;0.00544262;0.00467823;0.0039284;0.00321322;0.00196477;SG3,SDG,TTS,HDG,
TB70;26339;0;0;0.00742204;0.00698204;0.00621204;0.00544262;0.00467823;0.0039284;0.00196477;SG3,SDG,TTS,HDG,
TB70;79018;0;0;0.00808204;0.00764204;0.00687204;0.00610204;0.00533308;0.00456995;0.00196477;SG3,SDG,TTS,HDG,
TB70;26339;0;0;0.00808204;0.00764204;0.00687204;0.00610204;0.00533308;0.00456995;0.00196477;SG3,SDG,TTS,HDG,
TB70;52679;0;0;0.00808204;0.00764204;0.00687204;0.00610204;0.00533308;0.00456995;0.00196477;SG3,SDG,TTS,HDG,
TB70;52679;0;0;0.00808204;0.00764204;0.00687204;0.00610204;0.00533308;0.00456995;0.00196477;SG3,SDG,TTS,HDG,
T230;26147;0;0;0.0039284;0.00351372;0.00283292;0.00227048;0.0019711;0.00196477;0.00240998;BAF_HNX,BAF,TTS,ELG,
TB70;27703;0;0;0.0039284;0.00351372;0.00283292;0.00227048;0.0019711;0.00196477;0.00240998;SG3,SDG,TTS,HDG,
TB70;27703;0;0;0.00424721;0.00382354;0.00311568;0.00249087;0.00205171;0.00196477;0.00209176;SG3,SDG,TTS,HDG,
TB70;27703;0;0;0.00808204;0.00764204;0.00687204;0.00610204;0.00533308;0.00456995;0.00196477;SG3,SDG,TTS,HDG,
TB70;27703;0;0;0.00808204;0.00764204;0.00687204;0.00610204;0.00533308;0.00456995;0.00196477;SG3,SDG,TTS,HDG,
T210;31521;0;0;0.00424721;0.00382354;0.00311568;0.00249087;0.00205171;0.00196477;0.00209176;SG3,SDG,TTS,HDG,
T210;31521;0;0;0.00808204;0.00764204;0.00687204;0.00610204;0.00533308;0.00456995;0.00196477;SG3,SDG,TTS,HDG,
T210;48944;0;0;0.00198813;0.00196477;0.00203321;0.00301436;0.00639731;0.0145202;0.0273767;SG3,SDG,TTS,HDG,
T210;72427;0;0;0.00292537;0.00257191;0.00209667;0.00196477;0.00203321;0.00301436;0.00639731;SG3,SDG,TTS,HDG,
T210;72427;0;0;0.003616;0.00321322;0.00257191;0.00209667;0.00196477;0.00203321;0.00301436;SG3,SDG,TTS,HDG,
T210;72427;0;0;0.00588204;0.00544262;0.00467823;0.0039284;0.00321322;0.00257191;0.00196477;SG3,SDG,TTS,HDG,
T210;96568;0;0;0.00665204;0.00621204;0.00544262;0.00467823;0.0039284;0.00321322;0.00196477;SG3,SDG,TTS,HDG,
T210;72427;0;0;0.00808204;0.00764204;0.00687204;0.00610204;0.00533308;0.00456995;0.00196477;SG3,SDG,TTS,HDG,
KK50;52650;0;0;0.0422437;0.0510236;0.0641281;0.0909081;0.122587;0.159165;0.200643;GEBEITST,
KK50;52650;0;0;0.0130556;0.0177148;0.0252471;0.0422437;0.0641281;0.0909081;0.122587;GEBEITST,
KK50;25387;0;0;-0.157756;0.0510236;0.0641281;0.0909081;0.122587;0.159165;0.200643;GEBEITST,
KM80;24330;0;0;0.00599204;0.0055524;0.004787;0.00403409;0.0033121;0.00265631;0.00196477;GEBEITST,
KM30;21156;0;0;0.00599204;0.0055524;0.004787;0.00403409;0.0033121;0.00265631;0.00196477;GEBEITST,
KN30;28452;0;0;0.00197231;0.00209176;0.00257305;0.0050491;0.0116869;0.023217;0.0395169;GALTEC,SDG,TTS,HDG,
KN30;28452;0;0;0.00311568;0.00274359;0.00220669;0.00196477;0.00197231;0.00257305;0.0050491;GALTEC,SDG,TTS,HDG,
KN30;28452;0;0;0.00687204;0.00643204;0.00566213;0.00489585;0.00414042;0.00341243;0.00196477;GALTEC,SDG,TTS,HDG,
KN30;28452;0;0;0.00808204;0.00764204;0.00687204;0.00610204;0.00533308;0.00456995;0.00196477;GALTEC,SDG,TTS,HDG,
KK50;28561;0;0;0.00567697;0.00817559;0.0130556;0.0252471;0.0422437;0.0641281;0.0909081;GEBEITST,
KN30;25291;0;0;0.00241314;0.00214847;0.00196477;0.00199442;0.00277186;0.00567697;0.0130556;GALTEC,SDG,TTS,HDG,
KN30;25291;0;0;0.00764204;0.00720204;0.00643204;0.00566213;0.00489585;0.00414042;0.00196477;GALTEC,SDG,TTS,HDG,
KM30;22214;0;0;0.00277186;0.00364156;0.00567697;0.0130556;0.0252471;0.0422437;0.0641281;GEBEITST,
KM30;22214;0;0;0.0020148;0.00196477;0.00199442;0.00277186;0.00567697;0.0130556;0.0252471;GEBEITST,
KK50;21156;0;0;-0.135872;0.0750055;0.0909081;0.122587;0.159165;0.200643;0.247021;GEBEITST,
KK50;63469;0;0;0.0130556;0.0177148;0.0252471;0.0422437;0.0641281;0.0909081;0.122587;GEBEITST,
KM80;50775;0;0;0.00199442;0.00217226;0.00277186;0.00567697;0.0130556;0.0252471;0.0422437;GEBEITST,
KK50;21156;0;0;-0.135872;0.0750055;0.0909081;0.122587;0.159165;0.200643;0.247021;GEBEITST,
L620;20237;0;0;0.00241314;0.00214847;0.00196477;0.00199442;0.00277186;0.00567697;0.0130556;GALTEC,SDG,TTS,HDG,
KM50;12407;0;0;0.00676204;0.00632204;0.0055524;0.004787;0.00403409;0.0033121;0.00196477;GEBEITST,
KM50;23611;0;0;0.00265631;0.00233967;0.00198813;0.00196477;0.00227747;0.00404042;0.00923905;GEBEITST,
KN40;25465;0;0;0.00424721;0.00382354;0.00311568;0.00249087;0.00205171;0.00196477;0.00209176;CAPL,TTS,
KN40;25465;0;0;0.00610204;0.00566213;0.00489585;0.00414042;0.00341243;0.00274359;0.00196477;CAPL,TTS,
KN40;55226;0;0;0.00424721;0.00382354;0.00311568;0.00249087;0.00205171;0.00196477;0.00209176;CAPL,TTS,
L620;15993;0;0;0.00709204;0.00665204;0.00588204;0.00511421;0.00435446;0.003616;0.00196477;GALTEC,SDG,TTS,HDG,
LK70;24166;0;0;0.00203321;0.00227747;0.00301436;0.00639731;0.0145202;0.0273767;0.0450707;SG3,SDG,TTS,HDG,
LK70;24166;0;0;0.00198813;0.00196477;0.00203321;0.00301436;0.00639731;0.0145202;0.0273767;SG3,SDG,TTS,HDG,
LK70;48331;0;0;0.00292537;0.00257191;0.00209667;0.00196477;0.00203321;0.00301436;0.00639731;SG3,SDG,TTS,HDG,
K320;10582;0;0;0.00621204;0.00577204;0.00500497;0.00424721;0.00351372;0.00283292;0.00196477;GEBEITST,
KK50;17221;0;0;0.0273767;0.0343621;0.0450707;0.0676541;0.0951337;0.127512;0.16479;GEBEITST,
KK50;17221;0;0;0.0104179;0.0145202;0.0212855;0.0368895;0.057376;0.082757;0.113036;GEBEITST,
KK50;34442;0;0;0.00240998;0.00301436;0.00450773;0.0104179;0.0212855;0.0368895;0.057376;GEBEITST,
KK50;17221;0;0;0.00257191;0.00227048;0.0019711;0.00196477;0.00240998;0.00450773;0.0104179;GEBEITST,
KK50;17221;0;0;0.00311568;0.00274359;0.00220669;0.00196477;0.00197231;0.00257305;0.0050491;GEBEITST,
KK50;17221;0;0;0.00414042;0.00371934;0.00301968;0.00241314;0.0020148;0.00196477;0.00217226;GEBEITST,
KK50;17221;0;0;0.00621204;0.00577204;0.00500497;0.00424721;0.00351372;0.00283292;0.00196477;GEBEITST,
KK50;17221;0;0;0.00775204;0.00731204;0.00654204;0.00577204;0.00500497;0.00424721;0.00196477;GEBEITST,
KK50;17221;0;0;0.00808204;0.00764204;0.00687204;0.00610204;0.00533308;0.00456995;0.00196477;GEBEITST,
KK50;17221;0;0;0.00808204;0.00764204;0.00687204;0.00610204;0.00533308;0.00456995;0.00196477;GEBEITST,
L630;40553;0;0;0.00643204;0.00599204;0.0052236;0.0044619;0.00371934;0.00301968;0.00196477;SG3,SDG,TTS,HDG,
L630;25947;0;0;0.00808204;0.00764204;0.00687204;0.00610204;0.00533308;0.00456995;0.00196477;SG3,SDG,TTS,HDG,
TB70;18780;0;0;0.0104179;0.0145202;0.0212855;0.0368895;0.057376;0.082757;0.113036;SG3,SDG,TTS,HDG,
TB70;24400;0;0;0.00450773;0.00639731;0.0104179;0.0212855;0.0368895;0.057376;0.082757;SG3,SDG,TTS,HDG,
TB70;48798;0;0;0.00196477;0.00199442;0.00227747;0.00404042;0.00923905;0.0194514;0.0343621;SG3,SDG,TTS,HDG,
TB70;24400;0;0;0.00220669;0.0020148;0.00196477;0.00217226;0.00364156;0.00817559;0.0177148;SG3,SDG,TTS,HDG,
TB70;24400;0;0;0.0039284;0.00351372;0.00283292;0.00227048;0.0019711;0.00196477;0.00240998;SG3,SDG,TTS,HDG,
TB70;24400;0;0;0.00424721;0.00382354;0.00311568;0.00249087;0.00205171;0.00196477;0.00209176;SG3,SDG,TTS,HDG,
TB70;24400;0;0;0.00720204;0.00676204;0.00599204;0.0052236;0.0044619;0.00371934;0.00196477;SG3,SDG,TTS,HDG,
TB70;24400;0;0;0.00808204;0.00764204;0.00687204;0.00610204;0.00533308;0.00456995;0.00196477;SG3,SDG,TTS,HDG,
TB70;24400;0;0;0.00808204;0.00764204;0.00687204;0.00610204;0.00533308;0.00456995;0.00196477;SG3,SDG,TTS,HDG,
TB80;21371;0;0;0.00632204;0.00588204;0.00511421;0.00435446;0.003616;0.00292537;0.00196477;GALTEC,SDG,BT2,HDG,
TB80;42730;0;0;0.00786204;0.00742204;0.00665204;0.00588204;0.00511421;0.00435446;0.00196477;GALTEC,SDG,BT2,HDG,
T250;18783;0;0;0.003616;0.00321322;0.00257191;0.00209667;0.00196477;0.00203321;0.00301436;SG3,SDG,TTS,HDG,
KM80;23272;0;0;0.00301968;0.00265631;0.00214847;0.00196477;0.00199442;0.00277186;0.00567697;GEBEITST,
KM80;23272;0;0;0.00414042;0.00371934;0.00301968;0.00241314;0.0020148;0.00196477;0.00217226;GEBEITST,
TB70;30386;0;0;0.0039284;0.00351372;0.00283292;0.00227048;0.0019711;0.00196477;0.00240998;SG3,SDG,TTS,HDG,
TB70;30386;0;0;0.00709204;0.00665204;0.00588204;0.00511421;0.00435446;0.003616;0.00196477;SG3,SDG,TTS,HDG,
TB70;30386;0;0;0.00808204;0.00764204;0.00687204;0.00610204;0.00533308;0.00456995;0.00196477;SG3,SDG,TTS,HDG,
TB70;25560;0;0;0.0039284;0.00351372;0.00283292;0.00227048;0.0019711;0.00196477;0.00240998;SG3,SDG,TTS,HDG,
TB70;27798;0;0;0.0039284;0.00351372;0.00283292;0.00227048;0.0019711;0.00196477;0.00240998;SG3,SDG,TTS,HDG,
TB70;55595;0;0;0.00424721;0.00382354;0.00311568;0.00249087;0.00205171;0.00196477;0.00209176;SG3,SDG,TTS,HDG,
TB70;27798;0;0;0.00632204;0.00588204;0.00511421;0.00435446;0.003616;0.00292537;0.00196477;SG3,SDG,TTS,HDG,
TB70;27798;0;0;0.00709204;0.00665204;0.00588204;0.00511421;0.00435446;0.003616;0.00196477;SG3,SDG,TTS,HDG,
TB70;27798;0;0;0.00786204;0.00742204;0.00665204;0.00588204;0.00511421;0.00435446;0.00196477;SG3,SDG,TTS,HDG,
TB70;27798;0;0;0.00808204;0.00764204;0.00687204;0.00610204;0.00533308;0.00456995;0.00196477;SG3,SDG,TTS,HDG,
TB70;27798;0;0;0.00808204;0.00764204;0.00687204;0.00610204;0.00533308;0.00456995;0.00196477;SG3,SDG,TTS,HDG,
KN30;25242;0;0;0.0039284;0.00351372;0.00283292;0.00227048;0.0019711;0.00196477;0.00240998;BAF_HNX,BAF,TTS,
LT70;11739;0;0;0.00424721;0.00382354;0.00311568;0.00249087;0.00205171;0.00196477;0.00209176;SG3,SDG,BT2,HDG,
LT70;23478;0;0;0.00687204;0.00643204;0.00566213;0.00489585;0.00414042;0.00341243;0.00196477;SG3,SDG,BT2,HDG,
KM30;27503;0;0;0.0020148;0.00196477;0.00199442;0.00277186;0.00567697;0.0130556;0.0252471;GEBEITST,
K580;25387;0;0;0.00610204;0.00566213;0.00489585;0.00414042;0.00341243;0.00274359;0.00196477;GEBEITST,
L740;5240;0;0;0.00808204;0.00764204;0.00687204;0.00610204;0.00533308;0.00456995;0.00196477;CAPL,BT2,
KK50;15001;0;0;0.0160717;0.0212855;0.0296055;0.0479972;0.0712798;0.0994592;0.132538;GEBEITST,
KK50;25659;0;0;0.00450773;0.00639731;0.0104179;0.0212855;0.0368895;0.057376;0.082757;GEBEITST,
KK50;51318;0;0;0.00240998;0.00301436;0.00450773;0.0104179;0.0212855;0.0368895;0.057376;GEBEITST,
KK50;25659;0;0;0.00209667;0.0019711;0.00196477;0.00240998;0.00450773;0.0104179;0.0212855;GEBEITST,
KK50;25659;0;0;0.00257191;0.00227048;0.0019711;0.00196477;0.00240998;0.00450773;0.0104179;GEBEITST,
KK50;25659;0;0;0.00311568;0.00274359;0.00220669;0.00196477;0.00197231;0.00257305;0.0050491;GEBEITST,
KK50;25659;0;0;0.0039284;0.00351372;0.00283292;0.00227048;0.0019711;0.00196477;0.00240998;GEBEITST,
KK50;25659;0;0;0.00414042;0.00371934;0.00301968;0.00241314;0.0020148;0.00196477;0.00217226;GEBEITST,
KK50;25659;0;0;0.00621204;0.00577204;0.00500497;0.00424721;0.00351372;0.00283292;0.00196477;GEBEITST,
KK50;25659;0;0;0.00775204;0.00731204;0.00654204;0.00577204;0.00500497;0.00424721;0.00196477;GEBEITST,
KK50;25659;0;0;0.00808204;0.00764204;0.00687204;0.00610204;0.00533308;0.00456995;0.00196477;GEBEITST,
KK50;25659;0;0;0.00808204;0.00764204;0.00687204;0.00610204;0.00533308;0.00456995;0.00196477;GEBEITST,
KK50;25659;0;0;0.00808204;0.00764204;0.00687204;0.00610204;0.00533308;0.00456995;0.00196477;GEBEITST,
KM80;10578;0;0;0.00277186;0.00364156;0.00567697;0.0130556;0.0252471;0.0422437;0.0641281;GEBEITST,
KM80;10578;0;0;0.00424721;0.00382354;0.00311568;0.00249087;0.00205171;0.00196477;0.00209176;GEBEITST,
TB80;22430;0;0;0.00676204;0.00632204;0.0055524;0.004787;0.00403409;0.0033121;0.00196477;SG3,SDG,TTS,HDG,
TB80;45185;0;0;0.00764204;0.00720204;0.00643204;0.00566213;0.00489585;0.00414042;0.00196477;SG3,SDG,TTS,HDG,
K200;8883;0;0;0.00214847;0.00198813;0.00196477;0.00227747;0.00404042;0.00923905;0.0194514;GALTEC,SDG,BT2,HDG,
K200;18875;0;0;0.00257191;0.00227048;0.0019711;0.00196477;0.00240998;0.00450773;0.0104179;GALTEC,SDG,BT2,HDG,
K200;37750;0;0;0.00274359;0.00241314;0.0020148;0.00196477;0.00217226;0.00364156;0.00817559;GALTEC,SDG,BT2,HDG,
K200;18875;0;0;0.00424721;0.00382354;0.00311568;0.00249087;0.00205171;0.00196477;0.00209176;GALTEC,SDG,BT2,HDG,
K200;37750;0;0;0.00424721;0.00382354;0.00311568;0.00249087;0.00205171;0.00196477;0.00209176;GALTEC,SDG,BT2,HDG,
K200;18875;0;0;0.00643204;0.00599204;0.0052236;0.0044619;0.00371934;0.00301968;0.00196477;GALTEC,SDG,BT2,HDG,
K200;37750;0;0;0.00720204;0.00676204;0.00599204;0.0052236;0.0044619;0.00371934;0.00196477;GALTEC,SDG,BT2,HDG,
K200;37750;0;0;0.00797204;0.00753204;0.00676204;0.00599204;0.0052236;0.0044619;0.00196477;GALTEC,SDG,BT2,HDG,
K200;18875;0;0;0.00808204;0.00764204;0.00687204;0.00610204;0.00533308;0.00456995;0.00196477;GALTEC,SDG,BT2,HDG,
K200;37750;0;0;0.00808204;0.00764204;0.00687204;0.00610204;0.00533308;0.00456995;0.00196477;GALTEC,SDG,BT2,HDG,
K200;18875;0;0;0.00808204;0.00764204;0.00687204;0.00610204;0.00533308;0.00456995;0.00196477;GALTEC,SDG,BT2,HDG,
K200;18875;0;0;0.00808204;0.00764204;0.00687204;0.00610204;0.00533308;0.00456995;0.00196477;GALTEC,SDG,BT2,HDG,
TB80;12871;0;0;0.0039284;0.00351372;0.00283292;0.00227048;0.0019711;0.00196477;0.00240998;GALTEC,SDG,TTS,HDG,
TB80;25514;0;0;0.0039284;0.00351372;0.00283292;0.00227048;0.0019711;0.00196477;0.00240998;GALTEC,SDG,TTS,HDG,
TB80;17009;0;0;0.00424721;0.00382354;0.00311568;0.00249087;0.00205171;0.00196477;0.00209176;GALTEC,SDG,TTS,HDG,
TB80;34019;0;0;0.00643204;0.00599204;0.0052236;0.0044619;0.00371934;0.00301968;0.00196477;GALTEC,SDG,TTS,HDG,
TB80;17009;0;0;0.00720204;0.00676204;0.00599204;0.0052236;0.0044619;0.00371934;0.00196477;GALTEC,SDG,TTS,HDG,
TB80;34019;0;0;0.00797204;0.00753204;0.00676204;0.00599204;0.0052236;0.0044619;0.00196477;GALTEC,SDG,TTS,HDG,
TB80;17009;0;0;0.00808204;0.00764204;0.00687204;0.00610204;0.00533308;0.00456995;0.00196477;GALTEC,SDG,TTS,HDG,
TB80;25514;0;0;0.00808204;0.00764204;0.00687204;0.00610204;0.00533308;0.00456995;0.00196477;GALTEC,SDG,TTS,HDG,
TB80;7567;0;0;0.00808204;0.00764204;0.00687204;0.00610204;0.00533308;0.00456995;0.00196477;GALTEC,SDG,BT2,HDG,
TB80;15837;0;0;0.0020148;0.00196477;0.00199442;0.00277186;0.00567697;0.0130556;0.0252471;SG3,SDG,TTS,HDG,
TB80;15837;0;0;0.00257191;0.00227048;0.0019711;0.00196477;0.00240998;0.00450773;0.0104179;SG3,SDG,TTS,HDG,
TB80;15837;0;0;0.00321322;0.00283292;0.00227048;0.0019711;0.00196477;0.00240998;0.00450773;SG3,SDG,TTS,HDG,
TB80;31676;0;0;0.0039284;0.00351372;0.00283292;0.00227048;0.0019711;0.00196477;0.00240998;SG3,SDG,TTS,HDG,
TB80;15837;0;0;0.0039284;0.00351372;0.00283292;0.00227048;0.0019711;0.00196477;0.00240998;SG3,SDG,TTS,HDG,
TB80;15837;0;0;0.00424721;0.00382354;0.00311568;0.00249087;0.00205171;0.00196477;0.00209176;SG3,SDG,TTS,HDG,
TB80;15837;0;0;0.00621204;0.00577204;0.00500497;0.00424721;0.00351372;0.00283292;0.00196477;SG3,SDG,TTS,HDG,
TB80;31676;0;0;0.00698204;0.00654204;0.00577204;0.00500497;0.00424721;0.00351372;0.00196477;SG3,SDG,TTS,HDG,
TB80;15837;0;0;0.00764204;0.00720204;0.00643204;0.00566213;0.00489585;0.00414042;0.00196477;SG3,SDG,TTS,HDG,
TB80;15837;0;0;0.00808204;0.00764204;0.00687204;0.00610204;0.00533308;0.00456995;0.00196477;SG3,SDG,TTS,HDG,
TB80;15837;0;0;0.00808204;0.00764204;0.00687204;0.00610204;0.00533308;0.00456995;0.00196477;SG3,SDG,TTS,HDG,
TB80;21324;0;0;0.0039284;0.00351372;0.00283292;0.00227048;0.0019711;0.00196477;0.00240998;GALTEC,SDG,TTS,HDG,
TB80;10661;0;0;0.00424721;0.00382354;0.00311568;0.00249087;0.00205171;0.00196477;0.00209176;GALTEC,SDG,TTS,HDG,
TB80;21324;0;0;0.00643204;0.00599204;0.0052236;0.0044619;0.00371934;0.00301968;0.00196477;GALTEC,SDG,TTS,HDG,
TB80;10661;0;0;0.00797204;0.00753204;0.00676204;0.00599204;0.0052236;0.0044619;0.00196477;GALTEC,SDG,TTS,HDG,
TB80;21324;0;0;0.00808204;0.00764204;0.00687204;0.00610204;0.00533308;0.00456995;0.00196477;GALTEC,SDG,TTS,HDG,
K200;17434;0;0;0.0039284;0.00351372;0.00283292;0.00227048;0.0019711;0.00196477;0.00240998;GALTEC,SDG,TTS,HDG,
K200;39769;0;0;0.00424721;0.00382354;0.00311568;0.00249087;0.00205171;0.00196477;0.00209176;GALTEC,SDG,TTS,HDG,
K200;39769;0;0;0.00643204;0.00599204;0.0052236;0.0044619;0.00371934;0.00301968;0.00196477;GALTEC,SDG,TTS,HDG,
K200;19885;0;0;0.00720204;0.00676204;0.00599204;0.0052236;0.0044619;0.00371934;0.00196477;GALTEC,SDG,TTS,HDG,
K200;39769;0;0;0.00797204;0.00753204;0.00676204;0.00599204;0.0052236;0.0044619;0.00196477;GALTEC,SDG,TTS,HDG,
K200;39769;0;0;0.00808204;0.00764204;0.00687204;0.00610204;0.00533308;0.00456995;0.00196477;GALTEC,SDG,TTS,HDG,
KN30;21872;0;0;0.00450773;0.00639731;0.0104179;0.0212855;0.0368895;0.057376;0.082757;SG3,SDG,TTS,HDG,
KN30;42482;0;0;0.00196477;0.00197231;0.00217226;0.00364156;0.00817559;0.0177148;0.031934;SG3,SDG,TTS,HDG,
KN30;21241;0;0;0.00227048;0.00205171;0.00196477;0.00209176;0.00330309;0.00722707;0.0160717;SG3,SDG,TTS,HDG,
KN30;21241;0;0;0.00292537;0.00257191;0.00209667;0.00196477;0.00203321;0.00301436;0.00639731;SG3,SDG,TTS,HDG,
KN30;42482;0;0;0.00588204;0.00544262;0.00467823;0.0039284;0.00321322;0.00257191;0.00196477;SG3,SDG,TTS,HDG,
KN30;42482;0;0;0.00665204;0.00621204;0.00544262;0.00467823;0.0039284;0.00321322;0.00196477;SG3,SDG,TTS,HDG,
KN30;42482;0;0;0.00742204;0.00698204;0.00621204;0.00544262;0.00467823;0.0039284;0.00196477;SG3,SDG,TTS,HDG,
KN30;42482;0;0;0.00808204;0.00764204;0.00687204;0.00610204;0.00533308;0.00456995;0.00196477;SG3,SDG,TTS,HDG,
K200;37341;0;0;0.00424721;0.00382354;0.00311568;0.00249087;0.00205171;0.00196477;0.00209176;GALTEC,SDG,TTS,HDG,
K200;39769;0;0;0.00643204;0.00599204;0.0052236;0.0044619;0.00371934;0.00301968;0.00196477;GALTEC,SDG,TTS,HDG,
K200;19885;0;0;0.00720204;0.00676204;0.00599204;0.0052236;0.0044619;0.00371934;0.00196477;GALTEC,SDG,TTS,HDG,
K200;39769;0;0;0.00808204;0.00764204;0.00687204;0.00610204;0.00533308;0.00456995;0.00196477;GALTEC,SDG,TTS,HDG,
K200;19885;0;0;0.00808204;0.00764204;0.00687204;0.00610204;0.00533308;0.00456995;0.00196477;GALTEC,SDG,TTS,HDG,
K200;39769;0;0;0.00808204;0.00764204;0.00687204;0.00610204;0.00533308;0.00456995;0.00196477;GALTEC,SDG,TTS,HDG,
K210;21117;0;0;0.0039284;0.00351372;0.00283292;0.00227048;0.0019711;0.00196477;0.00240998;GALTEC,SDG,BT2,HDG,
K200;10765;0;0;0.00364156;0.0050491;0.00817559;0.0177148;0.031934;0.0510236;0.0750055;GALTEC,SDG,BT2,HDG,
K200;19785;0;0;0.00364156;0.0050491;0.00817559;0.0177148;0.031934;0.0510236;0.0750055;GALTEC,SDG,BT2,HDG,
K200;19785;0;0;0.00240998;0.00301436;0.00450773;0.0104179;0.0212855;0.0368895;0.057376;GALTEC,SDG,BT2,HDG,
K200;19785;0;0;0.00209176;0.00240998;0.00330309;0.00722707;0.0160717;0.0296055;0.0479972;GALTEC,SDG,BT2,HDG,
K200;19785;0;0;0.00203321;0.00227747;0.00301436;0.00639731;0.0145202;0.0273767;0.0450707;GALTEC,SDG,BT2,HDG,
K200;39569;0;0;0.00196477;0.00203321;0.00240998;0.00450773;0.0104179;0.0212855;0.0368895;GALTEC,SDG,BT2,HDG,
K200;19785;0;0;0.00220669;0.0020148;0.00196477;0.00217226;0.00364156;0.00817559;0.0177148;GALTEC,SDG,BT2,HDG,
K200;19785;0;0;0.00227048;0.00205171;0.00196477;0.00209176;0.00330309;0.00722707;0.0160717;GALTEC,SDG,BT2,HDG,
K200;19785;0;0;0.00257191;0.00227048;0.0019711;0.00196477;0.00240998;0.00450773;0.0104179;GALTEC,SDG,BT2,HDG,
K200;19785;0;0;0.00274359;0.00241314;0.0020148;0.00196477;0.00217226;0.00364156;0.00817559;GALTEC,SDG,BT2,HDG,
K200;19785;0;0;0.00424721;0.00382354;0.00311568;0.00249087;0.00205171;0.00196477;0.00209176;GALTEC,SDG,BT2,HDG,
K200;39569;0;0;0.00424721;0.00382354;0.00311568;0.00249087;0.00205171;0.00196477;0.00209176;GALTEC,SDG,BT2,HDG,
K200;39569;0;0;0.00424721;0.00382354;0.00311568;0.00249087;0.00205171;0.00196477;0.00209176;GALTEC,SDG,BT2,HDG,
K200;39569;0;0;0.00643204;0.00599204;0.0052236;0.0044619;0.00371934;0.00301968;0.00196477;GALTEC,SDG,BT2,HDG,
K200;39569;0;0;0.00720204;0.00676204;0.00599204;0.0052236;0.0044619;0.00371934;0.00196477;GALTEC,SDG,BT2,HDG,
K200;39569;0;0;0.00797204;0.00753204;0.00676204;0.00599204;0.0052236;0.0044619;0.00196477;GALTEC,SDG,BT2,HDG,
K200;19785;0;0;0.00808204;0.00764204;0.00687204;0.00610204;0.00533308;0.00456995;0.00196477;GALTEC,SDG,BT2,HDG,
K200;19785;0;0;0.00808204;0.00764204;0.00687204;0.00610204;0.00533308;0.00456995;0.00196477;GALTEC,SDG,BT2,HDG,
K200;19785;0;0;0.00808204;0.00764204;0.00687204;0.00610204;0.00533308;0.00456995;0.00196477;GALTEC,SDG,BT2,HDG,
K200;19785;0;0;0.00808204;0.00764204;0.00687204;0.00610204;0.00533308;0.00456995;0.00196477;GALTEC,SDG,BT2,HDG,
K200;39569;0;0;0.00808204;0.00764204;0.00687204;0.00610204;0.00533308;0.00456995;0.00196477;GALTEC,SDG,BT2,HDG,
K200;19785;0;0;0.00808204;0.00764204;0.00687204;0.00610204;0.00533308;0.00456995;0.00196477;GALTEC,SDG,BT2,HDG,
K200;19785;0;0;0.00808204;0.00764204;0.00687204;0.00610204;0.00533308;0.00456995;0.00196477;GALTEC,SDG,BT2,HDG,
K200;19785;0;0;0.00808204;0.00764204;0.00687204;0.00610204;0.00533308;0.00456995;0.00196477;GALTEC,SDG,BT2,HDG,
K200;39569;0;0;0.00808204;0.00764204;0.00687204;0.00610204;0.00533308;0.00456995;0.00196477;GALTEC,SDG,BT2,HDG,
K200;19785;0;0;0.00808204;0.00764204;0.00687204;0.00610204;0.00533308;0.00456995;0.00196477;GALTEC,SDG,BT2,HDG,
K200;19785;0;0;0.00808204;0.00764204;0.00687204;0.00610204;0.00533308;0.00456995;0.00196477;GALTEC,SDG,BT2,HDG,
K200;19785;0;0;0.00808204;0.00764204;0.00687204;0.00610204;0.00533308;0.00456995;0.00196477;GALTEC,SDG,BT2,HDG,
KN30;16827;0;0;0.00424721;0.00382354;0.00311568;0.00249087;0.00205171;0.00196477;0.00209176;GALTEC,SDG,BT2,HDG,
KN30;16827;0;0;0.00621204;0.00577204;0.00500497;0.00424721;0.00351372;0.00283292;0.00196477;GALTEC,SDG,BT2,HDG,
KN30;16827;0;0;0.00698204;0.00654204;0.00577204;0.00500497;0.00424721;0.00351372;0.00196477;GALTEC,SDG,BT2,HDG,
KN30;16827;0;0;0.00808204;0.00764204;0.00687204;0.00610204;0.00533308;0.00456995;0.00196477;GALTEC,SDG,BT2,HDG,
TB80;23576;0;0;0.00382354;0.00341243;0.00274359;0.00220669;0.00196477;0.00197231;0.00257305;SG3,SDG,BT2,HDG,
TB80;23576;0;0;0.00808204;0.00764204;0.00687204;0.00610204;0.00533308;0.00456995;0.00196477;SG3,SDG,BT2,HDG,
K710;49343;0;0;0.00567697;0.00817559;0.0130556;0.0252471;0.0422437;0.0641281;0.0909081;SG3,SDG,TTS,HDG,
K710;24672;0;0;0.00301968;0.00265631;0.00214847;0.00196477;0.00199442;0.00277186;0.00567697;SG3,SDG,TTS,HDG,
K710;49343;0;0;0.00676204;0.00632204;0.0055524;0.004787;0.00403409;0.0033121;0.00196477;SG3,SDG,TTS,HDG,
TB80;20355;0;0;0.0039284;0.00351372;0.00283292;0.00227048;0.0019711;0.00196477;0.00240998;GALTEC,SDG,TTS,HDG,
TB80;20355;0;0;0.00808204;0.00764204;0.00687204;0.00610204;0.00533308;0.00456995;0.00196477;GALTEC,SDG,TTS,HDG,
KM80;21156;0;0;0.00241314;0.00214847;0.00196477;0.00199442;0.00277186;0.00567697;0.0130556;GEBEITST,
LK40;9606;0;0;0.00808204;0.00764204;0.00687204;0.00610204;0.00533308;0.00456995;0.00196477;GEBEITST,
K460;26374;0;0;0.003616;0.00321322;0.00257191;0.00209667;0.00196477;0.00203321;0.00301436;GEBEITST,
LK70;50985;0;0;0.00301968;0.00265631;0.00214847;0.00196477;0.00199442;0.00277186;0.00567697;SG3,SDG,TTS,HDG,
LK70;25492;0;0;0.00599204;0.0055524;0.004787;0.00403409;0.0033121;0.00265631;0.00196477;SG3,SDG,TTS,HDG,
LK70;25492;0;0;0.00808204;0.00764204;0.00687204;0.00610204;0.00533308;0.00456995;0.00196477;SG3,SDG,TTS,HDG,
T230;18652;0;0;0.00808204;0.00764204;0.00687204;0.00610204;0.00533308;0.00456995;0.00196477;SG3,SDG,TTS,HDG,
K210;20869;0;0;0.00209667;0.0019711;0.00196477;0.00240998;0.00450773;0.0104179;0.0212855;GALTEC,SDG,BT2,HDG,
KM80;13688;0;0;0.00817559;0.0116869;0.0177148;0.031934;0.0510236;0.0750055;0.103885;CAPL,BT2,
KM80;25539;0;0;0.00196477;0.00203321;0.00240998;0.00450773;0.0104179;0.0212855;0.0368895;CAPL,BT2,
TB80;20441;0;0;0.00220669;0.0020148;0.00196477;0.00217226;0.00364156;0.00817559;0.0177148;GALTEC,SDG,TTS,HDG,
TB80;20441;0;0;0.00424721;0.00382354;0.00311568;0.00249087;0.00205171;0.00196477;0.00209176;GALTEC,SDG,TTS,HDG,
TB80;20441;0;0;0.00621204;0.00577204;0.00500497;0.00424721;0.00351372;0.00283292;0.00196477;GALTEC,SDG,TTS,HDG,
TB80;20441;0;0;0.00808204;0.00764204;0.00687204;0.00610204;0.00533308;0.00456995;0.00196477;GALTEC,SDG,TTS,HDG,
TB80;143085;0;0;0.00808204;0.00764204;0.00687204;0.00610204;0.00533308;0.00456995;0.00196477;GALTEC,SDG,TTS,HDG,
TB80;22787;0;0;0.0039284;0.00351372;0.00283292;0.00227048;0.0019711;0.00196477;0.00240998;SG3,SDG,TTS,HDG,
L740;12856;0;0;0.00424721;0.00382354;0.00311568;0.00249087;0.00205171;0.00196477;0.00209176;CAPL,BT2,
L740;12856;0;0;0.00665204;0.00621204;0.00544262;0.00467823;0.0039284;0.00321322;0.00196477;CAPL,BT2,
L740;12856;0;0;0.00808204;0.00764204;0.00687204;0.00610204;0.00533308;0.00456995;0.00196477;CAPL,BT2,
KT20;34830;0;0;0.00731204;0.00687204;0.00610204;0.00533308;0.00456995;0.00382354;0.00196477;BAF_H2,BAF,TTS,ELG,
L920;88604;0;0;0.00588204;0.00544262;0.00467823;0.0039284;0.00321322;0.00257191;0.00196477;SG3,SDG,TTS,HDG,
KM50;20098;0;0;0.00371934;0.0033121;0.00265631;0.00214847;0.00196477;0.00199442;0.00277186;GEBEITST,
KM50;20098;0;0;0.00753204;0.00709204;0.00632204;0.0055524;0.004787;0.00403409;0.00196477;GEBEITST,
LT40;24214;0;0;0.00588204;0.00544262;0.00467823;0.0039284;0.00321322;0.00257191;0.00196477;SG3,SDG,TTS,HDG,
KM50;29619;0;0;0.00808204;0.00764204;0.00687204;0.00610204;0.00533308;0.00456995;0.00196477;GEBEITST,
KM30;22214;0;0;0.00567697;0.00817559;0.0130556;0.0252471;0.0422437;0.0641281;0.0909081;GEBEITST,
KM30;22214;0;0;0.00301968;0.00265631;0.00214847;0.00196477;0.00199442;0.00277186;0.00567697;GEBEITST,
KM30;22214;0;0;0.00808204;0.00764204;0.00687204;0.00610204;0.00533308;0.00456995;0.00196477;GEBEITST,
K570;25387;0;0;0.00301968;0.00265631;0.00214847;0.00196477;0.00199442;0.00277186;0.00567697;GEBEITST,
K570;25387;0;0;0.00808204;0.00764204;0.00687204;0.00610204;0.00533308;0.00456995;0.00196477;GEBEITST,
T230;22130;0;0;0.00424721;0.00382354;0.00311568;0.00249087;0.00205171;0.00196477;0.00209176;GALTEC,SDG,BT2,HDG,
T230;22130;0;0;0.00775204;0.00731204;0.00654204;0.00577204;0.00500497;0.00424721;0.00196477;GALTEC,SDG,BT2,HDG,
TB80;49397;0;0;0.00301968;0.00265631;0.00214847;0.00196477;0.00199442;0.00277186;0.00567697;SG3,SDG,TTS,HDG,
TB80;21555;0;0;0.00450773;0.00639731;0.0104179;0.0212855;0.0368895;0.057376;0.082757;SG3,SDG,TTS,HDG,
TB80;65432;0;0;0.00301968;0.00265631;0.00214847;0.00196477;0.00199442;0.00277186;0.00567697;SG3,SDG,TTS,HDG,
K820;27503;0;0;0.00198813;0.00196477;0.00203321;0.00301436;0.00639731;0.0145202;0.0273767;GEBEITST,
K820;110012;0;0;0.003616;0.00321322;0.00257191;0.00209667;0.00196477;0.00203321;0.00301436;GEBEITST,
KM50;26445;0;0;0.00371934;0.0033121;0.00265631;0.00214847;0.00196477;0.00199442;0.00277186;GEBEITST,
KM50;26445;0;0;0.00599204;0.0055524;0.004787;0.00403409;0.0033121;0.00265631;0.00196477;GEBEITST,
T230;17129;0;0;0.00301436;0.00404042;0.00639731;0.0145202;0.0273767;0.0450707;0.0676541;GALTEC,SDG,BT2,HDG,
T230;17129;0;0;0.00198813;0.00196477;0.00203321;0.00301436;0.00639731;0.0145202;0.0273767;GALTEC,SDG,BT2,HDG,
KM50;27503;0;0;0.00371934;0.0033121;0.00265631;0.00214847;0.00196477;0.00199442;0.00277186;GEBEITST,
T250;21719;0;0;0.00742204;0.00698204;0.00621204;0.00544262;0.00467823;0.0039284;0.00196477;SG3,SDG,TTS,HDG,
T250;48523;0;0;0.00808204;0.00764204;0.00687204;0.00610204;0.00533308;0.00456995;0.00196477;SG3,SDG,TTS,HDG,
T230;72516;0;0;0.00196477;0.00199442;0.00227747;0.00404042;0.00923905;0.0194514;0.0343621;SG3,SDG,TTS,HDG,
T230;108775;0;0;0.00220669;0.0020148;0.00196477;0.00217226;0.00364156;0.00817559;0.0177148;SG3,SDG,TTS,HDG,
T230;145032;0;0;0.00283292;0.00249087;0.00205171;0.00196477;0.00209176;0.00330309;0.00722707;SG3,SDG,TTS,HDG,
T230;145032;0;0;0.00371934;0.0033121;0.00265631;0.00214847;0.00196477;0.00199442;0.00277186;SG3,SDG,TTS,HDG,
T230;36259;0;0;0.0039284;0.00351372;0.00283292;0.00227048;0.0019711;0.00196477;0.00240998;SG3,SDG,TTS,HDG,
T230;145032;0;0;0.0039284;0.00351372;0.00283292;0.00227048;0.0019711;0.00196477;0.00240998;SG3,SDG,TTS,HDG,
T230;145032;0;0;0.00424721;0.00382354;0.00311568;0.00249087;0.00205171;0.00196477;0.00209176;SG3,SDG,TTS,HDG,
T230;36259;0;0;0.00588204;0.00544262;0.00467823;0.0039284;0.00321322;0.00257191;0.00196477;SG3,SDG,TTS,HDG,
T230;145032;0;0;0.00632204;0.00588204;0.00511421;0.00435446;0.003616;0.00292537;0.00196477;SG3,SDG,TTS,HDG,
T230;145032;0;0;0.00676204;0.00632204;0.0055524;0.004787;0.00403409;0.0033121;0.00196477;SG3,SDG,TTS,HDG,
T230;108775;0;0;0.00753204;0.00709204;0.00632204;0.0055524;0.004787;0.00403409;0.00196477;SG3,SDG,TTS,HDG,
T230;145032;0;0;0.00808204;0.00764204;0.00687204;0.00610204;0.00533308;0.00456995;0.00196477;SG3,SDG,TTS,HDG,
T230;36259;0;0;0.00808204;0.00764204;0.00687204;0.00610204;0.00533308;0.00456995;0.00196477;SG3,SDG,TTS,HDG,
T230;145032;0;0;0.00808204;0.00764204;0.00687204;0.00610204;0.00533308;0.00456995;0.00196477;SG3,SDG,TTS,HDG,
K140;25365;0;0;0.00698204;0.00654204;0.00577204;0.00500497;0.00424721;0.00351372;0.00196477;GALTEC,SDG,BT2,HDG,
KT10;30500;0;0;0.00220669;0.0020148;0.00196477;0.00217226;0.00364156;0.00817559;0.0177148;SG3,SDG,TTS,HDG,
KT10;30500;0;0;0.00274359;0.00241314;0.0020148;0.00196477;0.00217226;0.00364156;0.00817559;SG3,SDG,TTS,HDG,
KT10;30500;0;0;0.0039284;0.00351372;0.00283292;0.00227048;0.0019711;0.00196477;0.00240998;SG3,SDG,TTS,HDG,
KT10;30500;0;0;0.00424721;0.00382354;0.00311568;0.00249087;0.00205171;0.00196477;0.00209176;SG3,SDG,TTS,HDG,
KT10;30500;0;0;0.00698204;0.00654204;0.00577204;0.00500497;0.00424721;0.00351372;0.00196477;SG3,SDG,TTS,HDG,
KT10;30500;0;0;0.00764204;0.00720204;0.00643204;0.00566213;0.00489585;0.00414042;0.00196477;SG3,SDG,TTS,HDG,
KM80;25387;0;0;0.00676204;0.00632204;0.0055524;0.004787;0.00403409;0.0033121;0.00196477;GEBEITST,
KK50;275031;0;0;0.00277186;0.00364156;0.00567697;0.0130556;0.0252471;0.0422437;0.0641281;GEBEITST,
TB80;15869;0;0;0.00610204;0.00566213;0.00489585;0.00414042;0.00341243;0.00274359;0.00196477;GALTEC,SDG,TTS,HDG,
TB80;15869;0;0;0.00808204;0.00764204;0.00687204;0.00610204;0.00533308;0.00456995;0.00196477;GALTEC,SDG,TTS,HDG,
KK50;24330;0;0;0.0252471;0.031934;0.0422437;0.0641281;0.0909081;0.122587;0.159165;GEBEITST,
KK50;24330;0;0;0.00567697;0.00817559;0.0130556;0.0252471;0.0422437;0.0641281;0.0909081;GEBEITST,
KK50;24330;0;0;0.00567697;0.00817559;0.0130556;0.0252471;0.0422437;0.0641281;0.0909081;GEBEITST,
KM30;17983;0;0;0.0020148;0.00196477;0.00199442;0.00277186;0.00567697;0.0130556;0.0252471;GEBEITST,
KM30;17983;0;0;0.00241314;0.00214847;0.00196477;0.00199442;0.00277186;0.00567697;0.0130556;GEBEITST,
KM30;17983;0;0;0.00371934;0.0033121;0.00265631;0.00214847;0.00196477;0.00199442;0.00277186;GEBEITST,
T210;44215;0;0;0.00227048;0.00205171;0.00196477;0.00209176;0.00330309;0.00722707;0.0160717;GALTEC,SDG,TTS,HDG,
T230;48806;0;0;0.00227048;0.00205171;0.00196477;0.00209176;0.00330309;0.00722707;0.0160717;GALTEC,SDG,TTS,HDG,
K140;35899;0;0;0.00610204;0.00566213;0.00489585;0.00414042;0.00341243;0.00274359;0.00196477;GALTEC,SDG,TTS,HDG,
KK50;26325;0;0;0.00567697;0.00817559;0.0130556;0.0252471;0.0422437;0.0641281;0.0909081;GEBEITST,
KK50;25228;0;0;0.00567697;0.00817559;0.0130556;0.0252471;0.0422437;0.0641281;0.0909081;GEBEITST,
KN30;21286;0;0;0.00424721;0.00382354;0.00311568;0.00249087;0.00205171;0.00196477;0.00209176;BAF_HNX,BAF,BT2,
LK60;11848;0;0;0.00321322;0.00283292;0.00227048;0.0019711;0.00196477;0.00240998;0.00450773;GEBEITST,
LK60;22538;0;0;0.00808204;0.00764204;0.00687204;0.00610204;0.00533308;0.00456995;0.00196477;GEBEITST,
KN50;21001;0;0;0.00698204;0.00654204;0.00577204;0.00500497;0.00424721;0.00351372;0.00196477;GALTEC,SDG,TTS,HDG,
L650;20258;0;0;0.0033121;0.00292537;0.00233967;0.00198813;0.00196477;0.00227747;0.00404042;CAPL,TTS,
K200;24071;0;0;0.00209667;0.0019711;0.00196477;0.00240998;0.00450773;0.0104179;0.0212855;GALTEC,SDG,BT2,HDG,
KT10;19982;0;0;0.00227048;0.00205171;0.00196477;0.00209176;0.00330309;0.00722707;0.0160717;BAF_H2,BAF,TTS,
TB80;29449;0;0;0.0033121;0.00292537;0.00233967;0.00198813;0.00196477;0.00227747;0.00404042;GALTEC,SDG,BT2,HDG,
LK60;23272;0;0;0.00404042;0.00567697;0.00923905;0.0194514;0.0343621;0.0541498;0.0788313;GEBEITST,
KT70;38081;0;0;0.003616;0.00321322;0.00257191;0.00209667;0.00196477;0.00203321;0.00301436;GEBEITST,
KT70;63469;0;0;0.003616;0.00321322;0.00257191;0.00209667;0.00196477;0.00203321;0.00301436;GEBEITST,
KT70;47602;0;0;0.003616;0.00321322;0.00257191;0.00209667;0.00196477;0.00203321;0.00301436;GEBEITST,
KT70;33850;0;0;0.003616;0.00321322;0.00257191;0.00209667;0.00196477;0.00203321;0.00301436;GEBEITST,
KT70;16925;0;0;0.00742204;0.00698204;0.00621204;0.00544262;0.00467823;0.0039284;0.00196477;GEBEITST,
KK80;42312;0;0;0.00301436;0.00404042;0.00639731;0.0145202;0.0273767;0.0450707;0.0676541;GEBEITST,
K360;22214;0;0;0.003616;0.00321322;0.00257191;0.00209667;0.00196477;0.00203321;0.00301436;GEBEITST,
K570;26350;0;0;0.003616;0.00321322;0.00257191;0.00209667;0.00196477;0.00203321;0.00301436;GEBEITST,
K570;27370;0;0;0.00227048;0.00205171;0.00196477;0.00209176;0.00330309;0.00722707;0.0160717;GEBEITST,
K360;72989;0;0;0.00414042;0.00371934;0.00301968;0.00241314;0.0020148;0.00196477;0.00217226;GEBEITST,
K320;24330;0;0;0.00599204;0.0055524;0.004787;0.00403409;0.0033121;0.00265631;0.00196477;GEBEITST,
KT10;24000;0;0;0.00599204;0.0055524;0.004787;0.00403409;0.0033121;0.00265631;0.00196477;SG3,SDG,BT2,HDG,
K320;27503;0;0;0.00599204;0.0055524;0.004787;0.00403409;0.0033121;0.00265631;0.00196477;GEBEITST,
K320;27503;0;0;0.00808204;0.00764204;0.00687204;0.00610204;0.00533308;0.00456995;0.00196477;GEBEITST,
KM40;26445;0;0;0.00414042;0.00371934;0.00301968;0.00241314;0.0020148;0.00196477;0.00217226;GEBEITST,
KM50;30677;0;0;0.00301968;0.00265631;0.00214847;0.00196477;0.00199442;0.00277186;0.00567697;GEBEITST,
K130;30697;0;0;0.00424721;0.00382354;0.00311568;0.00249087;0.00205171;0.00196477;0.00209176;BAF_HNX,BAF,TTS,
KM80;60331;0;0;0.00687204;0.00643204;0.00566213;0.00489585;0.00414042;0.00341243;0.00196477;GEBEITST,
KM80;75414;0;0;0.00764204;0.00720204;0.00643204;0.00566213;0.00489585;0.00414042;0.00196477;GEBEITST,
TB30;12819;0;0;0.00676204;0.00632204;0.0055524;0.004787;0.00403409;0.0033121;0.00196477;CAPL,TTS,
TB30;25489;0;0;0.00808204;0.00764204;0.00687204;0.00610204;0.00533308;0.00456995;0.00196477;CAPL,TTS,
TB80;27513;0;0;0.00274359;0.00241314;0.0020148;0.00196477;0.00217226;0.00364156;0.00817559;SG3,SDG,TTS,HDG,
KT20;25387;0;0;0.00676204;0.00632204;0.0055524;0.004787;0.00403409;0.0033121;0.00196477;GEBEITST,
KM80;26445;0;0;0.00301968;0.00265631;0.00214847;0.00196477;0.00199442;0.00277186;0.00567697;GEBEITST,
KK50;20098;0;0;0.00567697;0.00817559;0.0130556;0.0252471;0.0422437;0.0641281;0.0909081;GEBEITST,
KK50;20098;0;0;0.00599204;0.0055524;0.004787;0.00403409;0.0033121;0.00265631;0.00196477;GEBEITST,
KM50;24330;0;0;0.0020148;0.00196477;0.00199442;0.00277186;0.00567697;0.0130556;0.0252471;GEBEITST,
KM50;48659;0;0;0.00241314;0.00214847;0.00196477;0.00199442;0.00277186;0.00567697;0.0130556;GEBEITST,
KM50;24330;0;0;0.00414042;0.00371934;0.00301968;0.00241314;0.0020148;0.00196477;0.00217226;GEBEITST,
KM50;48659;0;0;0.00424721;0.00382354;0.00311568;0.00249087;0.00205171;0.00196477;0.00209176;GEBEITST,
KM50;24330;0;0;0.00676204;0.00632204;0.0055524;0.004787;0.00403409;0.0033121;0.00196477;GEBEITST,
KM50;48659;0;0;0.00753204;0.00709204;0.00632204;0.0055524;0.004787;0.00403409;0.00196477;GEBEITST,
K320;25387;0;0;0.00371934;0.0033121;0.00265631;0.00214847;0.00196477;0.00199442;0.00277186;GEBEITST,
K320;25387;0;0;0.00676204;0.00632204;0.0055524;0.004787;0.00403409;0.0033121;0.00196477;GEBEITST,
KT20;19931;0;0;0.00214847;0.00198813;0.00196477;0.00227747;0.00404042;0.00923905;0.0194514;GEBEITST,
KT20;19931;0;0;0.00632204;0.00588204;0.00511421;0.00435446;0.003616;0.00292537;0.00196477;GEBEITST,
KT20;7122;0;0;0.00301436;0.00404042;0.00639731;0.0145202;0.0273767;0.0450707;0.0676541;GEBEITST,
KT20;19911;0;0;0.00371934;0.0033121;0.00265631;0.00214847;0.00196477;0.00199442;0.00277186;GEBEITST,
KT20;19911;0;0;0.00424721;0.00382354;0.00311568;0.00249087;0.00205171;0.00196477;0.00209176;GEBEITST,
KT20;19911;0;0;0.00676204;0.00632204;0.0055524;0.004787;0.00403409;0.0033121;0.00196477;GEBEITST,
K350;27503;0;0;0.00599204;0.0055524;0.004787;0.00403409;0.0033121;0.00265631;0.00196477;GEBEITST,
KN70;26474;0;0;0.00311568;0.00274359;0.00220669;0.00196477;0.00197231;0.00257305;0.0050491;GALTEC,SDG,TTS,HDG,
KN50;18114;0;0;0.00265631;0.00233967;0.00198813;0.00196477;0.00227747;0.00404042;0.00923905;BAF_HNX,BAF,TTS,
KN50;35759;0;0;0.00632204;0.00588204;0.00511421;0.00435446;0.003616;0.00292537;0.00196477;BAF_HNX,BAF,TTS,
KN70;48616;0;0;0.00241314;0.00214847;0.00196477;0.00199442;0.00277186;0.00567697;0.0130556;GALTEC,SDG,TTS,HDG,
KK50;23272;0;0;0.00277186;0.00364156;0.00567697;0.0130556;0.0252471;0.0422437;0.0641281;GEBEITST,
L920;52282;0;0;0.00621204;0.00577204;0.00500497;0.00424721;0.00351372;0.00283292;0.00196477;CAPL,BT2,ELG,
N710;13912;0;0;0.00654204;0.00610204;0.00533308;0.00456995;0.00382354;0.00311568;0.00196477;SG3,SDG,TTS,HDG,
N710;44092;0;0;0.00797204;0.00753204;0.00676204;0.00599204;0.0052236;0.0044619;0.00196477;SG3,SDG,TTS,HDG,
N710;44092;0;0;0.00808204;0.00764204;0.00687204;0.00610204;0.00533308;0.00456995;0.00196477;SG3,SDG,TTS,HDG,
L620;4370;0;0;0.00808204;0.00764204;0.00687204;0.00610204;0.00533308;0.00456995;0.00196477;GALTEC,SDG,BT2,HDG,
KT70;35697;0;0;0.0019711;0.00196477;0.00209176;0.00330309;0.00722707;0.0160717;0.0296055;CAPL,BT2,
KT70;55085;0;0;0.00424721;0.00382354;0.00311568;0.00249087;0.00205171;0.00196477;0.00209176;CAPL,BT2,
KT70;36723;0;0;0.00797204;0.00753204;0.00676204;0.00599204;0.0052236;0.0044619;0.00196477;CAPL,BT2,
K360;24330;0;0;0.00687204;0.00643204;0.00566213;0.00489585;0.00414042;0.00341243;0.00196477;GEBEITST,
T230;69199;0;0;0.00424721;0.00382354;0.00311568;0.00249087;0.00205171;0.00196477;0.00209176;BAF_HNX,BAF,TTS,ELG,
T230;23066;0;0;0.00424721;0.00382354;0.00311568;0.00249087;0.00205171;0.00196477;0.00209176;BAF_HNX,BAF,TTS,ELG,
KM80;4769;0;0;0.00599204;0.0055524;0.004787;0.00403409;0.0033121;0.00265631;0.00196477;GEBEITST,
L650;10673;0;0;0.00403409;0.003616;0.00292537;0.00233967;0.00198813;0.00196477;0.00227747;CAPL,BT2,
K140;23161;0;0;0.00698204;0.00654204;0.00577204;0.00500497;0.00424721;0.00351372;0.00196477;GALTEC,SDG,BT2,HDG,
K140;23161;0;0;0.00808204;0.00764204;0.00687204;0.00610204;0.00533308;0.00456995;0.00196477;GALTEC,SDG,BT2,HDG,
TB80;8795;0;0;0.00621204;0.00577204;0.00500497;0.00424721;0.00351372;0.00283292;0.00196477;GALTEC,SDG,BT2,HDG,
TB80;15946;0;0;0.00698204;0.00654204;0.00577204;0.00500497;0.00424721;0.00351372;0.00196477;GALTEC,SDG,BT2,HDG,
KM50;15097;0;0;0.00808204;0.00764204;0.00687204;0.00610204;0.00533308;0.00456995;0.00196477;GEBEITST,
K110;53057;0;0;0.00424721;0.00382354;0.00311568;0.00249087;0.00205171;0.00196477;0.00209176;CAPL,TTS,ELG,
K110;53057;0;0;0.00610204;0.00566213;0.00489585;0.00414042;0.00341243;0.00274359;0.00196477;CAPL,TTS,ELG,
NB50;21241;0;0;0.00203321;0.00227747;0.00301436;0.00639731;0.0145202;0.0273767;0.0450707;SG3,SDG,TTS,HDG,
NB50;21569;0;0;0.00196477;0.00199442;0.00227747;0.00404042;0.00923905;0.0194514;0.0343621;SG3,SDG,TTS,HDG,
NB50;43138;0;0;0.003616;0.00321322;0.00257191;0.00209667;0.00196477;0.00203321;0.00301436;SG3,SDG,TTS,HDG,
NB50;43138;0;0;0.0039284;0.00351372;0.00283292;0.00227048;0.0019711;0.00196477;0.00240998;SG3,SDG,TTS,HDG,
NB50;43138;0;0;0.00424721;0.00382354;0.00311568;0.00249087;0.00205171;0.00196477;0.00209176;SG3,SDG,TTS,HDG,
NB50;21569;0;0;0.00588204;0.00544262;0.00467823;0.0039284;0.00321322;0.00257191;0.00196477;SG3,SDG,TTS,HDG,
NB50;43138;0;0;0.00665204;0.00621204;0.00544262;0.00467823;0.0039284;0.00321322;0.00196477;SG3,SDG,TTS,HDG,
NB50;21569;0;0;0.00742204;0.00698204;0.00621204;0.00544262;0.00467823;0.0039284;0.00196477;SG3,SDG,TTS,HDG,
NB50;43138;0;0;0.00808204;0.00764204;0.00687204;0.00610204;0.00533308;0.00456995;0.00196477;SG3,SDG,TTS,HDG,
T230;54017;0;0;0.00424721;0.00382354;0.00311568;0.00249087;0.00205171;0.00196477;0.00209176;GALTEC,SDG,BT2,HDG,
T230;54017;0;0;0.00808204;0.00764204;0.00687204;0.00610204;0.00533308;0.00456995;0.00196477;GALTEC,SDG,BT2,HDG,
T230;27478;0;0;0.00720204;0.00676204;0.00599204;0.0052236;0.0044619;0.00371934;0.00196477;SG3,SDG,TTS,HDG,
T230;82436;0;0;0.00797204;0.00753204;0.00676204;0.00599204;0.0052236;0.0044619;0.00196477;SG3,SDG,TTS,HDG,
T230;192352;0;0;0.00808204;0.00764204;0.00687204;0.00610204;0.00533308;0.00456995;0.00196477;SG3,SDG,TTS,HDG,
KT70;40024;0;0;0.0020148;0.00196477;0.00199442;0.00277186;0.00567697;0.0130556;0.0252471;CAPL,BT2,
KT70;61018;0;0;0.00424721;0.00382354;0.00311568;0.00249087;0.00205171;0.00196477;0.00209176;CAPL,BT2,
KT70;121308;0;0;0.00808204;0.00764204;0.00687204;0.00610204;0.00533308;0.00456995;0.00196477;CAPL,BT2,
K350;46544;0;0;0.00424721;0.00382354;0.00311568;0.00249087;0.00205171;0.00196477;0.00209176;GEBEITST,
K350;23272;0;0;0.00610204;0.00566213;0.00489585;0.00414042;0.00341243;0.00274359;0.00196477;GEBEITST,
KN40;33800;0;0;0.00196477;0.00203321;0.00240998;0.00450773;0.0104179;0.0212855;0.0368895;BAF_HNX,BAF,BT2,ELG,
KN40;18106;0;0;0.00424721;0.00382354;0.00311568;0.00249087;0.00205171;0.00196477;0.00209176;BAF_HNX,BAF,BT2,ELG,
TB50;27256;0;0;0.00676204;0.00632204;0.0055524;0.004787;0.00403409;0.0033121;0.00196477;CAPL,TTS,ELG,
KN40;15837;0;0;0.00808204;0.00764204;0.00687204;0.00610204;0.00533308;0.00456995;0.00196477;GALTEC,SDG,BT2,HDG,
KN50;31893;0;0;0.00720204;0.00676204;0.00599204;0.0052236;0.0044619;0.00371934;0.00196477;GALTEC,SDG,BT2,HDG,
KN50;15946;0;0;0.00808204;0.00764204;0.00687204;0.00610204;0.00533308;0.00456995;0.00196477;GALTEC,SDG,BT2,HDG,
K320;26445;0;0;0.00676204;0.00632204;0.0055524;0.004787;0.00403409;0.0033121;0.00196477;GEBEITST,
K320;25980;0;0;0.00196477;0.00203321;0.00240998;0.00450773;0.0104179;0.0212855;0.0368895;GEBEITST,
K320;25980;0;0;0.00698204;0.00654204;0.00577204;0.00500497;0.00424721;0.00351372;0.00196477;GEBEITST,
KM40;22214;0;0;0.00241314;0.00214847;0.00196477;0.00199442;0.00277186;0.00567697;0.0130556;GEBEITST,
L650;7623;0;0;0.00654204;0.00610204;0.00533308;0.00456995;0.00382354;0.00311568;0.00196477;CAPL,BT2,
L650;31861;0;0;0.00731204;0.00687204;0.00610204;0.00533308;0.00456995;0.00382354;0.00196477;CAPL,BT2,
L650;31861;0;0;0.00808204;0.00764204;0.00687204;0.00610204;0.00533308;0.00456995;0.00196477;CAPL,BT2,
L650;15931;0;0;0.00808204;0.00764204;0.00687204;0.00610204;0.00533308;0.00456995;0.00196477;CAPL,BT2,
L650;31861;0;0;0.00808204;0.00764204;0.00687204;0.00610204;0.00533308;0.00456995;0.00196477;CAPL,BT2,
KM80;20098;0;0;0.00301968;0.00265631;0.00214847;0.00196477;0.00199442;0.00277186;0.00567697;GEBEITST,
KM40;50775;0;0;0.0020148;0.00196477;0.00199442;0.00277186;0.00567697;0.0130556;0.0252471;GEBEITST,
KN30;31398;0;0;0.00214847;0.00198813;0.00196477;0.00227747;0.00404042;0.00923905;0.0194514;SG3,SDG,TTS,HDG,
KN30;17879;0;0;0.0039284;0.00351372;0.00283292;0.00227048;0.0019711;0.00196477;0.00240998;SG3,SDG,TTS,HDG,
KN30;17879;0;0;0.0039284;0.00351372;0.00283292;0.00227048;0.0019711;0.00196477;0.00240998;SG3,SDG,TTS,HDG,
KN30;17879;0;0;0.00424721;0.00382354;0.00311568;0.00249087;0.00205171;0.00196477;0.00209176;SG3,SDG,TTS,HDG,
KN30;17879;0;0;0.00632204;0.00588204;0.00511421;0.00435446;0.003616;0.00292537;0.00196477;SG3,SDG,TTS,HDG,
KN30;17879;0;0;0.00709204;0.00665204;0.00588204;0.00511421;0.00435446;0.003616;0.00196477;SG3,SDG,TTS,HDG,
KN30;17879;0;0;0.00808204;0.00764204;0.00687204;0.00610204;0.00533308;0.00456995;0.00196477;SG3,SDG,TTS,HDG,
TB60;9605;0;0;0.00424721;0.00382354;0.00311568;0.00249087;0.00205171;0.00196477;0.00209176;GALTEC,SDG,BT2,HDG,
TB60;19209;0;0;0.00424721;0.00382354;0.00311568;0.00249087;0.00205171;0.00196477;0.00209176;GALTEC,SDG,BT2,HDG,
TB60;19209;0;0;0.00665204;0.00621204;0.00544262;0.00467823;0.0039284;0.00321322;0.00196477;GALTEC,SDG,BT2,HDG,
TB60;9605;0;0;0.00808204;0.00764204;0.00687204;0.00610204;0.00533308;0.00456995;0.00196477;GALTEC,SDG,BT2,HDG,
TB60;9605;0;0;0.00808204;0.00764204;0.00687204;0.00610204;0.00533308;0.00456995;0.00196477;GALTEC,SDG,BT2,HDG,
KT70;22087;0;0;0.00632204;0.00588204;0.00511421;0.00435446;0.003616;0.00292537;0.00196477;CAPL,BT2,
LK40;4454;0;0;0.00753204;0.00709204;0.00632204;0.0055524;0.004787;0.00403409;0.00196477;GEBEITST,
LK40;15867;0;0;0.00808204;0.00764204;0.00687204;0.00610204;0.00533308;0.00456995;0.00196477;GEBEITST,
T230;24166;0;0;0.00241314;0.00214847;0.00196477;0.00199442;0.00277186;0.00567697;0.0130556;SG3,SDG,TTS,HDG,
T230;24166;0;0;0.00382354;0.00341243;0.00274359;0.00220669;0.00196477;0.00197231;0.00257305;SG3,SDG,TTS,HDG,
TB60;39045;0;0;0.0050491;0.00722707;0.0116869;0.023217;0.0395169;0.0607021;0.0867826;SG3,SDG,TTS,HDG,
TB60;163559;0;0;0.00257305;0.00330309;0.0050491;0.0116869;0.023217;0.0395169;0.0607021;SG3,SDG,TTS,HDG,
TB60;140193;0;0;0.0020148;0.00196477;0.00199442;0.00277186;0.00567697;0.0130556;0.0252471;SG3,SDG,TTS,HDG,
TB60;186924;0;0;0.00241314;0.00214847;0.00196477;0.00199442;0.00277186;0.00567697;0.0130556;SG3,SDG,TTS,HDG,
TB60;186924;0;0;0.00311568;0.00274359;0.00220669;0.00196477;0.00197231;0.00257305;0.0050491;SG3,SDG,TTS,HDG,
TB60;163559;0;0;0.00382354;0.00341243;0.00274359;0.00220669;0.00196477;0.00197231;0.00257305;SG3,SDG,TTS,HDG,
T250;32942;0;0;0.00665204;0.00621204;0.00544262;0.00467823;0.0039284;0.00321322;0.00196477;SG3,SDG,TTS,HDG,
T250;23161;0;0;0.00808204;0.00764204;0.00687204;0.00610204;0.00533308;0.00456995;0.00196477;SG3,SDG,TTS,HDG,
T250;46322;0;0;0.00808204;0.00764204;0.00687204;0.00610204;0.00533308;0.00456995;0.00196477;SG3,SDG,TTS,HDG,
KM80;17983;0;0;0.00424721;0.00382354;0.00311568;0.00249087;0.00205171;0.00196477;0.00209176;GEBEITST,
KT70;13834;0;0;0.00424721;0.00382354;0.00311568;0.00249087;0.00205171;0.00196477;0.00209176;CAPL,BT2,
K130;38254;0;0;0.00643204;0.00599204;0.0052236;0.0044619;0.00371934;0.00301968;0.00196477;BAF_HNX,BAF,TTS,
KM50;9456;0;0;0.00301968;0.00265631;0.00214847;0.00196477;0.00199442;0.00277186;0.00567697;GEBEITST,
KM50;9520;0;0;0.00371934;0.0033121;0.00265631;0.00214847;0.00196477;0.00199442;0.00277186;GEBEITST,
KM50;57122;0;0;0.00599204;0.0055524;0.004787;0.00403409;0.0033121;0.00265631;0.00196477;GEBEITST,
KM50;9520;0;0;0.00676204;0.00632204;0.0055524;0.004787;0.00403409;0.0033121;0.00196477;GEBEITST,
KM50;28561;0;0;0.00753204;0.00709204;0.00632204;0.0055524;0.004787;0.00403409;0.00196477;GEBEITST,
KM50;19041;0;0;0.00808204;0.00764204;0.00687204;0.00610204;0.00533308;0.00456995;0.00196477;GEBEITST,
KM50;38081;0;0;0.00808204;0.00764204;0.00687204;0.00610204;0.00533308;0.00456995;0.00196477;GEBEITST,
KM30;84625;0;0;0.00205171;0.00196477;0.00197231;0.00257305;0.0050491;0.0116869;0.023217;GEBEITST,
KM50;25387;0;0;0.00687204;0.00643204;0.00566213;0.00489585;0.00414042;0.00341243;0.00196477;GEBEITST,
K320;23272;0;0;0.00588204;0.00544262;0.00467823;0.0039284;0.00321322;0.00257191;0.00196477;GEBEITST,
K320;23272;0;0;0.00808204;0.00764204;0.00687204;0.00610204;0.00533308;0.00456995;0.00196477;GEBEITST,
T220;9223;0;0;0.00292537;0.00257191;0.00209667;0.00196477;0.00203321;0.00301436;0.00639731;BAF_HNX,BAF,TTS,ELG,
T220;55611;0;0;0.0039284;0.00351372;0.00283292;0.00227048;0.0019711;0.00196477;0.00240998;BAF_HNX,BAF,TTS,ELG,
T220;27805;0;0;0.00588204;0.00544262;0.00467823;0.0039284;0.00321322;0.00257191;0.00196477;BAF_HNX,BAF,TTS,ELG,
T230;15760;0;0;0.00209667;0.0019711;0.00196477;0.00240998;0.00450773;0.0104179;0.0212855;GALTEC,SDG,BT2,HDG,
TB80;55453;0;0;0.00196477;0.00199442;0.00227747;0.00404042;0.00923905;0.0194514;0.0343621;SG3,SDG,TTS,HDG,
TB80;27726;0;0;0.00424721;0.00382354;0.00311568;0.00249087;0.00205171;0.00196477;0.00209176;SG3,SDG,TTS,HDG,
N710;27798;0;0;0.00196477;0.00199442;0.00227747;0.00404042;0.00923905;0.0194514;0.0343621;SG3,SDG,TTS,HDG,
T230;24166;0;0;0.0020148;0.00196477;0.00199442;0.00277186;0.00567697;0.0130556;0.0252471;SG3,SDG,TTS,HDG,
T230;24143;0;0;0.0020148;0.00196477;0.00199442;0.00277186;0.00567697;0.0130556;0.0252471;SG3,SDG,TTS,HDG,
TB60;25242;0;0;0.0020148;0.00196477;0.00199442;0.00277186;0.00567697;0.0130556;0.0252471;CAPL,TTS,
TB60;25242;0;0;0.00424721;0.00382354;0.00311568;0.00249087;0.00205171;0.00196477;0.00209176;CAPL,TTS,
KM50;20098;0;0;0.00301968;0.00265631;0.00214847;0.00196477;0.00199442;0.00277186;0.00567697;GEBEITST,
KM50;20098;0;0;0.00599204;0.0055524;0.004787;0.00403409;0.0033121;0.00265631;0.00196477;GEBEITST,
KM50;20098;0;0;0.00808204;0.00764204;0.00687204;0.00610204;0.00533308;0.00456995;0.00196477;GEBEITST,
KN40;24166;0;0;0.00665204;0.00621204;0.00544262;0.00467823;0.0039284;0.00321322;0.00196477;SG3,SDG,TTS,HDG,
LK60;23272;0;0;0.00240998;0.00301436;0.00450773;0.0104179;0.0212855;0.0368895;0.057376;GEBEITST,
KK50;23099;0;0;0.00567697;0.00817559;0.0130556;0.0252471;0.0422437;0.0641281;0.0909081;GEBEITST,
KM40;46544;0;0;0.00241314;0.00214847;0.00196477;0.00199442;0.00277186;0.00567697;0.0130556;GEBEITST,
KM40;23272;0;0;0.00599204;0.0055524;0.004787;0.00403409;0.0033121;0.00265631;0.00196477;GEBEITST,
KM40;23272;0;0;0.00753204;0.00709204;0.00632204;0.0055524;0.004787;0.00403409;0.00196477;GEBEITST,
T230;19154;0;0;0.00808204;0.00764204;0.00687204;0.00610204;0.00533308;0.00456995;0.00196477;CAPL,BT2,
T210;43662;0;0;0.00687204;0.00643204;0.00566213;0.00489585;0.00414042;0.00341243;0.00196477;CAPL,TTS,ELG,
L740;22302;0;0;0.00808204;0.00764204;0.00687204;0.00610204;0.00533308;0.00456995;0.00196477;CAPL,BT2,
TB50;21261;0;0;0.00808204;0.00764204;0.00687204;0.00610204;0.00533308;0.00456995;0.00196477;CAPL,BT2,
TB60;27694;0;0;0.00808204;0.00764204;0.00687204;0.00610204;0.00533308;0.00456995;0.00196477;GALTEC,SDG,TTS,HDG,
KN30;24451;0;0;0.00797204;0.00753204;0.00676204;0.00599204;0.0052236;0.0044619;0.00196477;SG3,SDG,TTS,HDG,
T230;18107;0;0;0.00808204;0.00764204;0.00687204;0.00610204;0.00533308;0.00456995;0.00196477;CAPL,BT2,
T230;20198;0;0;0.00808204;0.00764204;0.00687204;0.00610204;0.00533308;0.00456995;0.00196477;CAPL,BT2,
L920;23923;0;0;0.00424721;0.00382354;0.00311568;0.00249087;0.00205171;0.00196477;0.00209176;CAPL,TTS,ELG,
TB30;25465;0;0;0.00424721;0.00382354;0.00311568;0.00249087;0.00205171;0.00196477;0.00209176;CAPL,TTS,
K110;19172;0;0;0.00687204;0.00643204;0.00566213;0.00489585;0.00414042;0.00341243;0.00196477;CAPL,BT2,
KM80;22302;0;0;0.00687204;0.00643204;0.00566213;0.00489585;0.00414042;0.00341243;0.00196477;CAPL,BT2,
LK40;19318;0;0;0.00808204;0.00764204;0.00687204;0.00610204;0.00533308;0.00456995;0.00196477;GEBEITST,
KM30;23272;0;0;0.00764204;0.00720204;0.00643204;0.00566213;0.00489585;0.00414042;0.00196477;GEBEITST,
KM50;26445;0;0;0.00753204;0.00709204;0.00632204;0.0055524;0.004787;0.00403409;0.00196477;GEBEITST,
KN30;27345;0;0;0.00632204;0.00588204;0.00511421;0.00435446;0.003616;0.00292537;0.00196477;BAF_HNX,BAF,TTS,
K130;23415;0;0;0.00808204;0.00764204;0.00687204;0.00610204;0.00533308;0.00456995;0.00196477;BAF_HNX,BAF,TTS,
K130;23415;0;0;0.00808204;0.00764204;0.00687204;0.00610204;0.00533308;0.00456995;0.00196477;BAF_HNX,BAF,TTS,
KT20;35759;0;0;0.00808204;0.00764204;0.00687204;0.00610204;0.00533308;0.00456995;0.00196477;CAPL,BT2,
L610;14869;0;0;0.0039284;0.00351372;0.00283292;0.00227048;0.0019711;0.00196477;0.00240998;CAPL,TTS,ELG,
L610;54369;0;0;0.00424721;0.00382354;0.00311568;0.00249087;0.00205171;0.00196477;0.00209176;CAPL,TTS,ELG,
L610;54369;0;0;0.00654204;0.00610204;0.00533308;0.00456995;0.00382354;0.00311568;0.00196477;CAPL,TTS,ELG,
T210;10602;0;0;0.00424721;0.00382354;0.00311568;0.00249087;0.00205171;0.00196477;0.00209176;GALTEC,SDG,BT2,HDG,
K320;27503;0;0;0.00808204;0.00764204;0.00687204;0.00610204;0.00533308;0.00456995;0.00196477;GEBEITST,
K110;25266;0;0;0.00709204;0.00665204;0.00588204;0.00511421;0.00435446;0.003616;0.00196477;CAPL,BT2,
K320;23388;0;0;0.00808204;0.00764204;0.00687204;0.00610204;0.00533308;0.00456995;0.00196477;GALTEC,SDG,TTS,HDG,
KN40;8336;0;0;0.00227048;0.00205171;0.00196477;0.00209176;0.00330309;0.00722707;0.0160717;BAF_HNX,BAF,TTS,ELG,
L760;17075;0;0;0.00687204;0.00643204;0.00566213;0.00489585;0.00414042;0.00341243;0.00196477;CAPL,BT2,
KT20;13290;0;0;0.00665204;0.00621204;0.00544262;0.00467823;0.0039284;0.00321322;0.00196477;GEBEITST,
NB60;14054;0;0;0.00676204;0.00632204;0.0055524;0.004787;0.00403409;0.0033121;0.00196477;GALTEC,SDG,BT2,HDG,
NB60;14054;0;0;0.00808204;0.00764204;0.00687204;0.00610204;0.00533308;0.00456995;0.00196477;GALTEC,SDG,BT2,HDG,
KM80;15993;0;0;0.00808204;0.00764204;0.00687204;0.00610204;0.00533308;0.00456995;0.00196477;CAPL,BT2,
LK40;21465;0;0;0.00808204;0.00764204;0.00687204;0.00610204;0.00533308;0.00456995;0.00196477;GEBEITST,
L620;9841;0;0;0.00753204;0.00709204;0.00632204;0.0055524;0.004787;0.00403409;0.00196477;GALTEC,SDG,BT2,HDG,
KN50;16741;0;0;0.00808204;0.00764204;0.00687204;0.00610204;0.00533308;0.00456995;0.00196477;GALTEC,SDG,BT2,HDG,
KN40;22302;0;0;0.00301968;0.00265631;0.00214847;0.00196477;0.00199442;0.00277186;0.00567697;GALTEC,SDG,BT2,HDG,
KN40;22302;0;0;0.00676204;0.00632204;0.0055524;0.004787;0.00403409;0.0033121;0.00196477;GALTEC,SDG,BT2,HDG,
K130;26298;0;0;0.00424721;0.00382354;0.00311568;0.00249087;0.00205171;0.00196477;0.00209176;BAF_HNX,BAF,TTS,ELG,
KK50;19263;0;0;0.00742204;0.00698204;0.00621204;0.00544262;0.00467823;0.0039284;0.00196477;GEBEITST,
K200;27183;0;0;0.00764204;0.00720204;0.00643204;0.00566213;0.00489585;0.00414042;0.00196477;GALTEC,SDG,TTS,HDG,
K320;29619;0;0;0.00753204;0.00709204;0.00632204;0.0055524;0.004787;0.00403409;0.00196477;GEBEITST,
K110;30033;0;0;0.0039284;0.00351372;0.00283292;0.00227048;0.0019711;0.00196477;0.00240998;CAPL,TTS,ELG,
K110;27604;0;0;0.00424721;0.00382354;0.00311568;0.00249087;0.00205171;0.00196477;0.00209176;CAPL,TTS,ELG,
K110;55209;0;0;0.00676204;0.00632204;0.0055524;0.004787;0.00403409;0.0033121;0.00196477;CAPL,TTS,ELG,
LK40;18280;0;0;0.00742204;0.00698204;0.00621204;0.00544262;0.00467823;0.0039284;0.00196477;GEBEITST,
KK50;19281;0;0;0.00742204;0.00698204;0.00621204;0.00544262;0.00467823;0.0039284;0.00196477;GEBEITST,
T230;29959;0;0;0.00424721;0.00382354;0.00311568;0.00249087;0.00205171;0.00196477;0.00209176;CAPL,TTS,ELG,
T230;29959;0;0;0.00654204;0.00610204;0.00533308;0.00456995;0.00382354;0.00311568;0.00196477;CAPL,TTS,ELG,
K710;21351;0;0;0.00753204;0.00709204;0.00632204;0.0055524;0.004787;0.00403409;0.00196477;CAPL,TTS,
KK50;24590;0;0;0.00742204;0.00698204;0.00621204;0.00544262;0.00467823;0.0039284;0.00196477;GEBEITST,
LK40;9369;0;0;0.00414042;0.00371934;0.00301968;0.00241314;0.0020148;0.00196477;0.00217226;GEBEITST,
LK40;23566;0;0;0.00742204;0.00698204;0.00621204;0.00544262;0.00467823;0.0039284;0.00196477;GEBEITST,
KN70;12973;0;0;0.00808204;0.00764204;0.00687204;0.00610204;0.00533308;0.00456995;0.00196477;GALTEC,SDG,TTS,HDG,
T230;26670;0;0;0.00643204;0.00599204;0.0052236;0.0044619;0.00371934;0.00301968;0.00196477;BAF_HNX,BAF,TTS,ELG,
TB60;24624;0;0;0.00709204;0.00665204;0.00588204;0.00511421;0.00435446;0.003616;0.00196477;GALTEC,SDG,BT2,HDG,
L650;8880;0;0;0.00610204;0.00566213;0.00489585;0.00414042;0.00341243;0.00274359;0.00196477;CAPL,TTS,
L650;21220;0;0;0.00808204;0.00764204;0.00687204;0.00610204;0.00533308;0.00456995;0.00196477;CAPL,TTS,
T230;26578;0;0;0.00808204;0.00764204;0.00687204;0.00610204;0.00533308;0.00456995;0.00196477;GALTEC,SDG,TTS,HDG,
LT70;15931;0;0;0.00241314;0.00214847;0.00196477;0.00199442;0.00277186;0.00567697;0.0130556;SG3,SDG,TTS,HDG,
LT70;15931;0;0;0.00424721;0.00382354;0.00311568;0.00249087;0.00205171;0.00196477;0.00209176;SG3,SDG,TTS,HDG,
LK70;13794;0;0;0.00808204;0.00764204;0.00687204;0.00610204;0.00533308;0.00456995;0.00196477;SG3,SDG,BT2,HDG,
K570;16546;0;0;0.00808204;0.00764204;0.00687204;0.00610204;0.00533308;0.00456995;0.00196477;GEBEITST,
KN20;15962;0;0;0.00720204;0.00676204;0.00599204;0.0052236;0.0044619;0.00371934;0.00196477;GALTEC,SDG,BT2,HDG,
KK80;24330;0;0;0.00808204;0.00764204;0.00687204;0.00610204;0.00533308;0.00456995;0.00196477;GEBEITST,
KM50;25387;0;0;0.00808204;0.00764204;0.00687204;0.00610204;0.00533308;0.00456995;0.00196477;GEBEITST,
KN70;32016;0;0;0.00720204;0.00676204;0.00599204;0.0052236;0.0044619;0.00371934;0.00196477;GALTEC,SDG,BT2,HDG,
KN70;16008;0;0;0.00808204;0.00764204;0.00687204;0.00610204;0.00533308;0.00456995;0.00196477;GALTEC,SDG,BT2,HDG,
KN70;32016;0;0;0.00808204;0.00764204;0.00687204;0.00610204;0.00533308;0.00456995;0.00196477;GALTEC,SDG,BT2,HDG,
K710;19172;0;0;0.00764204;0.00720204;0.00643204;0.00566213;0.00489585;0.00414042;0.00196477;CAPL,BT2,
TB30;15977;0;0;0.00698204;0.00654204;0.00577204;0.00500497;0.00424721;0.00351372;0.00196477;CAPL,BT2,
N710;30215;0;0;0.00424721;0.00382354;0.00311568;0.00249087;0.00205171;0.00196477;0.00209176;SG3,SDG,TTS,HDG,
N710;30215;0;0;0.00665204;0.00621204;0.00544262;0.00467823;0.0039284;0.00321322;0.00196477;SG3,SDG,TTS,HDG,
N710;30215;0;0;0.00753204;0.00709204;0.00632204;0.0055524;0.004787;0.00403409;0.00196477;SG3,SDG,TTS,HDG,
N710;30215;0;0;0.00808204;0.00764204;0.00687204;0.00610204;0.00533308;0.00456995;0.00196477;SG3,SDG,TTS,HDG,
N710;30215;0;0;0.00808204;0.00764204;0.00687204;0.00610204;0.00533308;0.00456995;0.00196477;SG3,SDG,TTS,HDG,
LT70;25465;0;0;0.00424721;0.00382354;0.00311568;0.00249087;0.00205171;0.00196477;0.00209176;SG3,SDG,TTS,HDG,
KT20;5716;0;0;0.00808204;0.00764204;0.00687204;0.00610204;0.00533308;0.00456995;0.00196477;BAF_H2,BAF,TTS,
K200;5424;0;0;0.00808204;0.00764204;0.00687204;0.00610204;0.00533308;0.00456995;0.00196477;GALTEC,SDG,BT2,HDG,
LK50;17809;0;0;0.00808204;0.00764204;0.00687204;0.00610204;0.00533308;0.00456995;0.00196477;SG3,SDG,TTS,HDG,
K320;26445;0;0;0.00676204;0.00632204;0.0055524;0.004787;0.00403409;0.0033121;0.00196477;GEBEITST,
T210;24869;0;0;0.00808204;0.00764204;0.00687204;0.00610204;0.00533308;0.00456995;0.00196477;GALTEC,SDG,TTS,HDG,
K320;24237;0;0;0.00808204;0.00764204;0.00687204;0.00610204;0.00533308;0.00456995;0.00196477;GALTEC,SDG,TTS,HDG,
KN40;25414;0;0;0.00808204;0.00764204;0.00687204;0.00610204;0.00533308;0.00456995;0.00196477;GALTEC,SDG,TTS,HDG,
KN40;19708;0;0;0.00808204;0.00764204;0.00687204;0.00610204;0.00533308;0.00456995;0.00196477;SG3,SDG,TTS,HDG,
LT40;17108;0;0;0.00424721;0.00382354;0.00311568;0.00249087;0.00205171;0.00196477;0.00209176;SG3,SDG,BT2,HDG,
LT40;17108;0;0;0.00676204;0.00632204;0.0055524;0.004787;0.00403409;0.0033121;0.00196477;SG3,SDG,BT2,HDG,
LT40;17108;0;0;0.00742204;0.00698204;0.00621204;0.00544262;0.00467823;0.0039284;0.00196477;SG3,SDG,BT2,HDG,
T230;25117;0;0;0.00808204;0.00764204;0.00687204;0.00610204;0.00533308;0.00456995;0.00196477;SG3,SDG,TTS,HDG,
T210;31551;0;0;0.00720204;0.00676204;0.00599204;0.0052236;0.0044619;0.00371934;0.00196477;SG3,SDG,TTS,HDG,
T210;31551;0;0;0.00808204;0.00764204;0.00687204;0.00610204;0.00533308;0.00456995;0.00196477;SG3,SDG,TTS,HDG,
T210;31551;0;0;0.00808204;0.00764204;0.00687204;0.00610204;0.00533308;0.00456995;0.00196477;SG3,SDG,TTS,HDG,
TB30;23599;0;0;0.00808204;0.00764204;0.00687204;0.00610204;0.00533308;0.00456995;0.00196477;GALTEC,SDG,BT2,HDG,
TB30;24624;0;0;0.00808204;0.00764204;0.00687204;0.00610204;0.00533308;0.00456995;0.00196477;GALTEC,SDG,TTS,HDG,
L620;15977;0;0;0.00720204;0.00676204;0.00599204;0.0052236;0.0044619;0.00371934;0.00196477;GALTEC,SDG,BT2,HDG,
L620;18160;0;0;0.00808204;0.00764204;0.00687204;0.00610204;0.00533308;0.00456995;0.00196477;GALTEC,SDG,BT2,HDG,
L620;18160;0;0;0.00808204;0.00764204;0.00687204;0.00610204;0.00533308;0.00456995;0.00196477;GALTEC,SDG,BT2,HDG,
KN30;22021;0;0;0.00687204;0.00643204;0.00566213;0.00489585;0.00414042;0.00341243;0.00196477;GALTEC,SDG,TTS,HDG,
L760;74014;0;0;0.00676204;0.00632204;0.0055524;0.004787;0.00403409;0.0033121;0.00196477;SG3,SDG,TTS,HDG,
KN40;24527;0;0;0.00786204;0.00742204;0.00665204;0.00588204;0.00511421;0.00435446;0.00196477;GALTEC,SDG,BT2,HDG,
TB80;24624;0;0;0.00698204;0.00654204;0.00577204;0.00500497;0.00424721;0.00351372;0.00196477;GALTEC,SDG,TTS,HDG,
TB30;18417;0;0;0.00676204;0.00632204;0.0055524;0.004787;0.00403409;0.0033121;0.00196477;SG3,SDG,TTS,HDG,
TB30;24696;0;0;0.00808204;0.00764204;0.00687204;0.00610204;0.00533308;0.00456995;0.00196477;GALTEC,SDG,BT2,HDG,
TB30;24672;0;0;0.00808204;0.00764204;0.00687204;0.00610204;0.00533308;0.00456995;0.00196477;GALTEC,SDG,BT2,HDG,
LK70;36257;0;0;0.00808204;0.00764204;0.00687204;0.00610204;0.00533308;0.00456995;0.00196477;SG3,SDG,TTS,HDG,
KT10;22087;0;0;0.00665204;0.00621204;0.00544262;0.00467823;0.0039284;0.00321322;0.00196477;BAF_H2,BAF,BT2,
TB80;25266;0;0;0.00753204;0.00709204;0.00632204;0.0055524;0.004787;0.00403409;0.00196477;GALTEC,SDG,TTS,HDG,
TB80;50532;0;0;0.00808204;0.00764204;0.00687204;0.00610204;0.00533308;0.00456995;0.00196477;GALTEC,SDG,TTS,HDG,
T230;24430;0;0;0.00698204;0.00654204;0.00577204;0.00500497;0.00424721;0.00351372;0.00196477;GALTEC,SDG,TTS,HDG,
KT70;107897;0;0;0.00742204;0.00698204;0.00621204;0.00544262;0.00467823;0.0039284;0.00196477;GEBEITST,
T210;26603;0;0;0.00808204;0.00764204;0.00687204;0.00610204;0.00533308;0.00456995;0.00196477;GALTEC,SDG,BT2,HDG,
KM50;19041;0;0;0.00808204;0.00764204;0.00687204;0.00610204;0.00533308;0.00456995;0.00196477;GEBEITST,
T230;31054;0;0;0.00808204;0.00764204;0.00687204;0.00610204;0.00533308;0.00456995;0.00196477;BAF_HNX,BAF,TTS,ELG,
NB60;27802;0;0;0.00808204;0.00764204;0.00687204;0.00610204;0.00533308;0.00456995;0.00196477;SG3,SDG,TTS,HDG,
T230;27345;0;0;0.00764204;0.00720204;0.00643204;0.00566213;0.00489585;0.00414042;0.00196477;CAPL,TTS,
K320;30677;0;0;0.00808204;0.00764204;0.00687204;0.00610204;0.00533308;0.00456995;0.00196477;GEBEITST,
KK50;58621;0;0;0.00567697;0.00817559;0.0130556;0.0252471;0.0422437;0.0641281;0.0909081;GEBEITST,
KM70;27503;0;0;0.00241314;0.00214847;0.00196477;0.00199442;0.00277186;0.00567697;0.0130556;GEBEITST,
KM70;27503;0;0;0.00808204;0.00764204;0.00687204;0.00610204;0.00533308;0.00456995;0.00196477;GEBEITST,
KM30;59237;0;0;0.00676204;0.00632204;0.0055524;0.004787;0.00403409;0.0033121;0.00196477;GEBEITST,
KM20;46544;0;0;0.00808204;0.00764204;0.00687204;0.00610204;0.00533308;0.00456995;0.00196477;GEBEITST,
T230;28992;0;0;0.00808204;0.00764204;0.00687204;0.00610204;0.00533308;0.00456995;0.00196477;BAF_HNX,BAF,TTS,ELG,
T230;28992;0;0;0.00808204;0.00764204;0.00687204;0.00610204;0.00533308;0.00456995;0.00196477;BAF_HNX,BAF,TTS,ELG,
KM80;94772;0;0;0.00709204;0.00665204;0.00588204;0.00511421;0.00435446;0.003616;0.00196477;CAPL,TTS,
LK40;29784;0;0;0.00198813;0.00196477;0.00203321;0.00301436;0.00639731;0.0145202;0.0273767;GEBEITST,
K130;23138;0;0;0.00424721;0.00382354;0.00311568;0.00249087;0.00205171;0.00196477;0.00209176;BAF_HNX,BAF,TTS,
K130;24190;0;0;0.00214847;0.00198813;0.00196477;0.00227747;0.00404042;0.00923905;0.0194514;BAF_HNX,BAF,TTS,
TB80;17058;0;0;0.00265631;0.00233967;0.00198813;0.00196477;0.00227747;0.00404042;0.00923905;GALTEC,SDG,BT2,HDG,
K130;21664;0;0;0.00424721;0.00382354;0.00311568;0.00249087;0.00205171;0.00196477;0.00209176;BAF_HNX,BAF,BT2,ELG,
KM20;25387;0;0;0.00808204;0.00764204;0.00687204;0.00610204;0.00533308;0.00456995;0.00196477;GEBEITST,
K320;25387;0;0;0.00764204;0.00720204;0.00643204;0.00566213;0.00489585;0.00414042;0.00196477;GEBEITST,
KM80;48659;0;0;0.00764204;0.00720204;0.00643204;0.00566213;0.00489585;0.00414042;0.00196477;GEBEITST,
KM80;72989;0;0;0.00808204;0.00764204;0.00687204;0.00610204;0.00533308;0.00456995;0.00196477;GEBEITST,
T250;36671;0;0;0.00709204;0.00665204;0.00588204;0.00511421;0.00435446;0.003616;0.00196477;SG3,SDG,BT2,HDG,
KN40;19982;0;0;0.00643204;0.00599204;0.0052236;0.0044619;0.00371934;0.00301968;0.00196477;BAF_HNX,BAF,BT2,
K370;24600;0;0;0.00698204;0.00654204;0.00577204;0.00500497;0.00424721;0.00351372;0.00196477;GALTEC,SDG,TTS,HDG,
K110;27579;0;0;0.00786204;0.00742204;0.00665204;0.00588204;0.00511421;0.00435446;0.00196477;CAPL,TTS,ELG,
TB60;16039;0;0;0.00808204;0.00764204;0.00687204;0.00610204;0.00533308;0.00456995;0.00196477;CAPL,TTS,
TB60;16039;0;0;0.00808204;0.00764204;0.00687204;0.00610204;0.00533308;0.00456995;0.00196477;CAPL,TTS,
T250;21118;0;0;0.00687204;0.00643204;0.00566213;0.00489585;0.00414042;0.00341243;0.00196477;SG3,SDG,BT2,HDG,
K320;40197;0;0;0.00808204;0.00764204;0.00687204;0.00610204;0.00533308;0.00456995;0.00196477;GEBEITST,
KT20;25387;0;0;0.00676204;0.00632204;0.0055524;0.004787;0.00403409;0.0033121;0.00196477;GEBEITST,
KT30;25387;0;0;0.00599204;0.0055524;0.004787;0.00403409;0.0033121;0.00265631;0.00196477;GEBEITST,
KT20;21156;0;0;0.00676204;0.00632204;0.0055524;0.004787;0.00403409;0.0033121;0.00196477;GEBEITST,
KT30;23272;0;0;0.0020148;0.00196477;0.00199442;0.00277186;0.00567697;0.0130556;0.0252471;GEBEITST,
KT30;23272;0;0;0.00676204;0.00632204;0.0055524;0.004787;0.00403409;0.0033121;0.00196477;GEBEITST,
KM40;25387;0;0;0.00567697;0.00817559;0.0130556;0.0252471;0.0422437;0.0641281;0.0909081;GEBEITST,
K320;42312;0;0;0.00808204;0.00764204;0.00687204;0.00610204;0.00533308;0.00456995;0.00196477;GEBEITST,
KN40;9217;0;0;0.00456995;0.00414042;0.00341243;0.00274359;0.00220669;0.00196477;0.00197231;CAPL,TTS,
KN40;24379;0;0;0.00709204;0.00665204;0.00588204;0.00511421;0.00435446;0.003616;0.00196477;CAPL,TTS,
KN40;24379;0;0;0.00786204;0.00742204;0.00665204;0.00588204;0.00511421;0.00435446;0.00196477;CAPL,TTS,
KN40;24379;0;0;0.00808204;0.00764204;0.00687204;0.00610204;0.00533308;0.00456995;0.00196477;CAPL,TTS,
KN40;24379;0;0;0.00808204;0.00764204;0.00687204;0.00610204;0.00533308;0.00456995;0.00196477;CAPL,TTS,
KN40;24379;0;0;0.00808204;0.00764204;0.00687204;0.00610204;0.00533308;0.00456995;0.00196477;CAPL,TTS,
KM40;21156;0;0;0.0020148;0.00196477;0.00199442;0.00277186;0.00567697;0.0130556;0.0252471;GEBEITST,
KM80;25387;0;0;0.00808204;0.00764204;0.00687204;0.00610204;0.00533308;0.00456995;0.00196477;GEBEITST,
L620;15885;0;0;0.00720204;0.00676204;0.00599204;0.0052236;0.0044619;0.00371934;0.00196477;GALTEC,SDG,BT2,HDG,
K320;24330;0;0;0.00599204;0.0055524;0.004787;0.00403409;0.0033121;0.00265631;0.00196477;GEBEITST,
T230;20297;0;0;0.00643204;0.00599204;0.0052236;0.0044619;0.00371934;0.00301968;0.00196477;GALTEC,SDG,BT2,HDG,
K320;27345;0;0;0.00709204;0.00665204;0.00588204;0.00511421;0.00435446;0.003616;0.00196477;BAF_HNX,BAF,TTS,
TB60;23433;0;0;0.00198813;0.00196477;0.00203321;0.00301436;0.00639731;0.0145202;0.0273767;GALTEC,SDG,BT2,HDG,
TB60;23433;0;0;0.00424721;0.00382354;0.00311568;0.00249087;0.00205171;0.00196477;0.00209176;GALTEC,SDG,BT2,HDG,
T230;34601;0;0;0.00731204;0.00687204;0.00610204;0.00533308;0.00456995;0.00382354;0.00196477;CAPL,TTS,ELG,
T230;51903;0;0;0.00808204;0.00764204;0.00687204;0.00610204;0.00533308;0.00456995;0.00196477;CAPL,TTS,ELG,
TB60;25226;0;0;0.00424721;0.00382354;0.00311568;0.00249087;0.00205171;0.00196477;0.00209176;CAPL,TTS,ELG,
KN20;16995;0;0;0.0039284;0.00351372;0.00283292;0.00227048;0.0019711;0.00196477;0.00240998;BAF_HNX,BAF,TTS,
K570;38636;0;0;0.00665204;0.00621204;0.00544262;0.00467823;0.0039284;0.00321322;0.00196477;GEBEITST,
KM50;27528;0;0;0.00227048;0.00205171;0.00196477;0.00209176;0.00330309;0.00722707;0.0160717;GEBEITST,
TB80;29018;0;0;0.00676204;0.00632204;0.0055524;0.004787;0.00403409;0.0033121;0.00196477;SG3,SDG,TTS,HDG,
NB60;8584;0;0;0.0039284;0.00351372;0.00283292;0.00227048;0.0019711;0.00196477;0.00240998;SG3,SDG,TTS,HDG,
T230;25035;0;0;0.00424721;0.00382354;0.00311568;0.00249087;0.00205171;0.00196477;0.00209176;BAF_HNX,BAF,TTS,ELG,
T230;25035;0;0;0.00621204;0.00577204;0.00500497;0.00424721;0.00351372;0.00283292;0.00196477;BAF_HNX,BAF,TTS,ELG,
K320;29619;0;0;0.00808204;0.00764204;0.00687204;0.00610204;0.00533308;0.00456995;0.00196477;GEBEITST,
T230;56163;0;0;0.00588204;0.00544262;0.00467823;0.0039284;0.00321322;0.00257191;0.00196477;BAF_HNX,BAF,TTS,ELG,
T230;56163;0;0;0.00665204;0.00621204;0.00544262;0.00467823;0.0039284;0.00321322;0.00196477;BAF_HNX,BAF,TTS,ELG,
K320;20218;0;0;0.00764204;0.00720204;0.00643204;0.00566213;0.00489585;0.00414042;0.00196477;GALTEC,SDG,TTS,HDG,
T210;28911;0;0;0.00424721;0.00382354;0.00311568;0.00249087;0.00205171;0.00196477;0.00209176;CAPL,TTS,ELG,
K320;29619;0;0;0.00599204;0.0055524;0.004787;0.00403409;0.0033121;0.00265631;0.00196477;GEBEITST,
K320;29619;0;0;0.00753204;0.00709204;0.00632204;0.0055524;0.004787;0.00403409;0.00196477;GEBEITST,
KT20;25387;0;0;0.00424721;0.00382354;0.00311568;0.00249087;0.00205171;0.00196477;0.00209176;GEBEITST,
KT20;25387;0;0;0.00775204;0.00731204;0.00654204;0.00577204;0.00500497;0.00424721;0.00196477;GEBEITST,
K320;24330;0;0;0.00808204;0.00764204;0.00687204;0.00610204;0.00533308;0.00456995;0.00196477;GEBEITST,
LK60;28443;0;0;0.00404042;0.00567697;0.00923905;0.0194514;0.0343621;0.0541498;0.0788313;GEBEITST,
KM80;21156;0;0;0.00301968;0.00265631;0.00214847;0.00196477;0.00199442;0.00277186;0.00567697;GEBEITST,
T230;21117;0;0;0.0050491;0.00722707;0.0116869;0.023217;0.0395169;0.0607021;0.0867826;GALTEC,SDG,TTS,HDG,
T230;21117;0;0;0.00808204;0.00764204;0.00687204;0.00610204;0.00533308;0.00456995;0.00196477;GALTEC,SDG,TTS,HDG,
K320;26445;0;0;0.00676204;0.00632204;0.0055524;0.004787;0.00403409;0.0033121;0.00196477;GEBEITST,
K320;26445;0;0;0.00753204;0.00709204;0.00632204;0.0055524;0.004787;0.00403409;0.00196477;GEBEITST,
K320;26445;0;0;0.00808204;0.00764204;0.00687204;0.00610204;0.00533308;0.00456995;0.00196477;GEBEITST,
K320;52891;0;0;0.00808204;0.00764204;0.00687204;0.00610204;0.00533308;0.00456995;0.00196477;GEBEITST,
K570;26276;0;0;0.00808204;0.00764204;0.00687204;0.00610204;0.00533308;0.00456995;0.00196477;GEBEITST,
KM50;24330;0;0;0.00808204;0.00764204;0.00687204;0.00610204;0.00533308;0.00456995;0.00196477;GEBEITST,
K320;30677;0;0;0.00753204;0.00709204;0.00632204;0.0055524;0.004787;0.00403409;0.00196477;GEBEITST,
K320;28153;0;0;0.00371934;0.0033121;0.00265631;0.00214847;0.00196477;0.00199442;0.00277186;GEBEITST,
K320;28561;0;0;0.00676204;0.00632204;0.0055524;0.004787;0.00403409;0.0033121;0.00196477;GEBEITST,
KM50;7955;0;0;0.00808204;0.00764204;0.00687204;0.00610204;0.00533308;0.00456995;0.00196477;GEBEITST,
K320;23001;0;0;0.00621204;0.00577204;0.00500497;0.00424721;0.00351372;0.00283292;0.00196477;GALTEC,SDG,BT2,HDG,
K320;11501;0;0;0.00808204;0.00764204;0.00687204;0.00610204;0.00533308;0.00456995;0.00196477;GALTEC,SDG,BT2,HDG,
K320;11501;0;0;0.00808204;0.00764204;0.00687204;0.00610204;0.00533308;0.00456995;0.00196477;GALTEC,SDG,BT2,HDG,
T230;20766;0;0;0.00382354;0.00341243;0.00274359;0.00220669;0.00196477;0.00197231;0.00257305;GALTEC,SDG,TTS,HDG,
LK50;4053;0;0;0.00599204;0.0055524;0.004787;0.00403409;0.0033121;0.00265631;0.00196477;GEBEITST,
KT20;26445;0;0;0.00599204;0.0055524;0.004787;0.00403409;0.0033121;0.00265631;0.00196477;GEBEITST,
K320;22214;0;0;0.00599204;0.0055524;0.004787;0.00403409;0.0033121;0.00265631;0.00196477;GEBEITST,
K320;31734;0;0;0.00676204;0.00632204;0.0055524;0.004787;0.00403409;0.0033121;0.00196477;GEBEITST,
K320;31734;0;0;0.00753204;0.00709204;0.00632204;0.0055524;0.004787;0.00403409;0.00196477;GEBEITST,
KM40;21156;0;0;0.00241314;0.00214847;0.00196477;0.00199442;0.00277186;0.00567697;0.0130556;GEBEITST,
KM40;21156;0;0;0.00599204;0.0055524;0.004787;0.00403409;0.0033121;0.00265631;0.00196477;GEBEITST,
TB50;19154;0;0;0.00709204;0.00665204;0.00588204;0.00511421;0.00435446;0.003616;0.00196477;GALTEC,SDG,BT2,HDG,
TB50;19154;0;0;0.00808204;0.00764204;0.00687204;0.00610204;0.00533308;0.00456995;0.00196477;GALTEC,SDG,BT2,HDG,
TB50;19154;0;0;0.00808204;0.00764204;0.00687204;0.00610204;0.00533308;0.00456995;0.00196477;GALTEC,SDG,BT2,HDG,
TB50;16762;0;0;0.00424721;0.00382354;0.00311568;0.00249087;0.00205171;0.00196477;0.00209176;GALTEC,SDG,BT2,HDG,
TB50;16762;0;0;0.00808204;0.00764204;0.00687204;0.00610204;0.00533308;0.00456995;0.00196477;GALTEC,SDG,BT2,HDG,
TB50;17827;0;0;0.00424721;0.00382354;0.00311568;0.00249087;0.00205171;0.00196477;0.00209176;GALTEC,SDG,BT2,HDG,
KM80;16925;0;0;0.00241314;0.00214847;0.00196477;0.00199442;0.00277186;0.00567697;0.0130556;GEBEITST,
KM80;24330;0;0;0.00199442;0.00217226;0.00277186;0.00567697;0.0130556;0.0252471;0.0422437;GEBEITST,
KT70;26717;0;0;0.00196477;0.00203321;0.00240998;0.00450773;0.0104179;0.0212855;0.0368895;CAPL,BT2,
KT70;23138;0;0;0.00424721;0.00382354;0.00311568;0.00249087;0.00205171;0.00196477;0.00209176;CAPL,BT2,
KT70;23138;0;0;0.00424721;0.00382354;0.00311568;0.00249087;0.00205171;0.00196477;0.00209176;CAPL,BT2,
KT70;23138;0;0;0.00709204;0.00665204;0.00588204;0.00511421;0.00435446;0.003616;0.00196477;CAPL,BT2,
LK40;27503;0;0;0.00301968;0.00265631;0.00214847;0.00196477;0.00199442;0.00277186;0.00567697;GEBEITST,
K320;22214;0;0;0.00301968;0.00265631;0.00214847;0.00196477;0.00199442;0.00277186;0.00567697;GEBEITST,
K320;22214;0;0;0.00676204;0.00632204;0.0055524;0.004787;0.00403409;0.0033121;0.00196477;GEBEITST,
KM80;14469;0;0;0.00292537;0.00257191;0.00209667;0.00196477;0.00203321;0.00301436;0.00639731;GEBEITST,
KM40;50775;0;0;0.00764204;0.00720204;0.00643204;0.00566213;0.00489585;0.00414042;0.00196477;GEBEITST,
KM40;30677;0;0;0.0020148;0.00196477;0.00199442;0.00277186;0.00567697;0.0130556;0.0252471;GEBEITST,
KM50;27503;0;0;0.00753204;0.00709204;0.00632204;0.0055524;0.004787;0.00403409;0.00196477;GEBEITST,
KM80;25387;0;0;0.00241314;0.00214847;0.00196477;0.00199442;0.00277186;0.00567697;0.0130556;GEBEITST,
KM80;25387;0;0;0.00676204;0.00632204;0.0055524;0.004787;0.00403409;0.0033121;0.00196477;GEBEITST,
KM80;16925;0;0;0.00241314;0.00214847;0.00196477;0.00199442;0.00277186;0.00567697;0.0130556;GEBEITST,
KN40;22238;0;0;0.00808204;0.00764204;0.00687204;0.00610204;0.00533308;0.00456995;0.00196477;GALTEC,SDG,TTS,HDG,
K350;20061;0;0;0.0020148;0.00196477;0.00199442;0.00277186;0.00567697;0.0130556;0.0252471;GALTEC,SDG,TTS,HDG,
K320;28561;0;0;0.00371934;0.0033121;0.00265631;0.00214847;0.00196477;0.00199442;0.00277186;GEBEITST,
K320;57122;0;0;0.00599204;0.0055524;0.004787;0.00403409;0.0033121;0.00265631;0.00196477;GEBEITST,
LK70;15931;0;0;0.00698204;0.00654204;0.00577204;0.00500497;0.00424721;0.00351372;0.00196477;SG3,SDG,BT2,HDG,
K820;25387;0;0;0.00414042;0.00371934;0.00301968;0.00241314;0.0020148;0.00196477;0.00217226;GEBEITST,
K820;25387;0;0;0.00753204;0.00709204;0.00632204;0.0055524;0.004787;0.00403409;0.00196477;GEBEITST,
KM50;46544;0;0;0.00371934;0.0033121;0.00265631;0.00214847;0.00196477;0.00199442;0.00277186;GEBEITST,
KM50;17983;0;0;0.00371934;0.0033121;0.00265631;0.00214847;0.00196477;0.00199442;0.00277186;GEBEITST,
T230;66892;0;0;0.00351372;0.00311568;0.00249087;0.00205171;0.00196477;0.00209176;0.00330309;BAF_HNX,BAF,TTS,ELG,
T230;33446;0;0;0.0039284;0.00351372;0.00283292;0.00227048;0.0019711;0.00196477;0.00240998;BAF_HNX,BAF,TTS,ELG,
T230;33446;0;0;0.00424721;0.00382354;0.00311568;0.00249087;0.00205171;0.00196477;0.00209176;BAF_HNX,BAF,TTS,ELG,
T230;66892;0;0;0.00424721;0.00382354;0.00311568;0.00249087;0.00205171;0.00196477;0.00209176;BAF_HNX,BAF,TTS,ELG,
T220;28331;0;0;0.00197231;0.00209176;0.00257305;0.0050491;0.0116869;0.023217;0.0395169;BAF_HNX,BAF,TTS,ELG,
T220;39787;0;0;0.00382354;0.00341243;0.00274359;0.00220669;0.00196477;0.00197231;0.00257305;BAF_HNX,BAF,TTS,ELG,
TB50;83716;0;0;0.00610204;0.00566213;0.00489585;0.00414042;0.00341243;0.00274359;0.00196477;CAPL,TTS,ELG,
TB50;111622;0;0;0.00687204;0.00643204;0.00566213;0.00489585;0.00414042;0.00341243;0.00196477;CAPL,TTS,ELG,
KN30;29564;0;0;0.00382354;0.00341243;0.00274359;0.00220669;0.00196477;0.00197231;0.00257305;GALTEC,SDG,TTS,HDG,
T230;24190;0;0;0.00424721;0.00382354;0.00311568;0.00249087;0.00205171;0.00196477;0.00209176;BAF_HNX,BAF,TTS,
K130;17879;0;0;0.00196477;0.00199442;0.00227747;0.00404042;0.00923905;0.0194514;0.0343621;BAF_HNX,BAF,TTS,
LK70;21117;0;0;0.00599204;0.0055524;0.004787;0.00403409;0.0033121;0.00265631;0.00196477;SG3,SDG,BT2,HDG,
KT70;16925;0;0;0.00265631;0.00233967;0.00198813;0.00196477;0.00227747;0.00404042;0.00923905;GEBEITST,
TB50;27992;0;0;0.00240998;0.00301436;0.00450773;0.0104179;0.0212855;0.0368895;0.057376;CAPL,TTS,ELG,
TB50;42786;0;0;0.003616;0.00321322;0.00257191;0.00209667;0.00196477;0.00203321;0.00301436;CAPL,TTS,ELG,
TB50;28524;0;0;0.0039284;0.00351372;0.00283292;0.00227048;0.0019711;0.00196477;0.00240998;CAPL,TTS,ELG,
TB50;42786;0;0;0.00687204;0.00643204;0.00566213;0.00489585;0.00414042;0.00341243;0.00196477;CAPL,TTS,ELG,
KT70;23272;0;0;0.00808204;0.00764204;0.00687204;0.00610204;0.00533308;0.00456995;0.00196477;GEBEITST,
KM60;22214;0;0;0.00808204;0.00764204;0.00687204;0.00610204;0.00533308;0.00456995;0.00196477;GEBEITST,
KT20;16925;0;0;0.00371934;0.0033121;0.00265631;0.00214847;0.00196477;0.00199442;0.00277186;GEBEITST,
T230;27805;0;0;0.00654204;0.00610204;0.00533308;0.00456995;0.00382354;0.00311568;0.00196477;BAF_HNX,BAF,TTS,ELG,
KM80;15862;0;0;0.00599204;0.0055524;0.004787;0.00403409;0.0033121;0.00265631;0.00196477;GEBEITST,
KM80;29619;0;0;0.00676204;0.00632204;0.0055524;0.004787;0.00403409;0.0033121;0.00196477;GEBEITST,
KM40;19041;0;0;0.00599204;0.0055524;0.004787;0.00403409;0.0033121;0.00265631;0.00196477;GEBEITST,
K360;23272;0;0;0.0296055;0.0368895;0.0479972;0.0712798;0.0994592;0.132538;0.170516;GEBEITST,
K110;26550;0;0;0.0039284;0.00351372;0.00283292;0.00227048;0.0019711;0.00196477;0.00240998;BAF_HNX,BAF,TTS,ELG,
K110;26550;0;0;0.00808204;0.00764204;0.00687204;0.00610204;0.00533308;0.00456995;0.00196477;BAF_HNX,BAF,TTS,ELG,
K110;26550;0;0;0.00808204;0.00764204;0.00687204;0.00610204;0.00533308;0.00456995;0.00196477;BAF_HNX,BAF,TTS,ELG,
T250;14609;0;0;0.00687204;0.00643204;0.00566213;0.00489585;0.00414042;0.00341243;0.00196477;SG3,SDG,TTS,HDG,
LK60;21156;0;0;0.00240998;0.00301436;0.00450773;0.0104179;0.0212855;0.0368895;0.057376;GEBEITST,
KM80;69816;0;0;0.0607021;0.0712798;0.0867826;0.117761;0.153639;0.194417;0.240095;GEBEITST,
KM80;46544;0;0;0.023217;0.0296055;0.0395169;0.0607021;0.0867826;0.117761;0.153639;GEBEITST,
KM80;23272;0;0;0.00808204;0.00764204;0.00687204;0.00610204;0.00533308;0.00456995;0.00196477;GEBEITST,
KK50;27503;0;0;0.0395169;0.0479972;0.0607021;0.0867826;0.117761;0.153639;0.194417;GEBEITST,
K130;22417;0;0;0.00731204;0.00687204;0.00610204;0.00533308;0.00456995;0.00382354;0.00196477;BAF_HNX,BAF,TTS,
KN40;24058;0;0;0.00220669;0.0020148;0.00196477;0.00217226;0.00364156;0.00817559;0.0177148;BAF_HNX,BAF,BT2,ELG,
K320;25387;0;0;0.00808204;0.00764204;0.00687204;0.00610204;0.00533308;0.00456995;0.00196477;GEBEITST,
KK50;19244;0;0;0.00203321;0.00227747;0.00301436;0.00639731;0.0145202;0.0273767;0.0450707;GEBEITST,
K130;25242;0;0;0.0039284;0.00351372;0.00283292;0.00227048;0.0019711;0.00196477;0.00240998;BAF_HNX,BAF,TTS,
KN70;17227;0;0;0.00424721;0.00382354;0.00311568;0.00249087;0.00205171;0.00196477;0.00209176;GALTEC,SDG,BT2,HDG,
KN70;76839;0;0;0.00731204;0.00687204;0.00610204;0.00533308;0.00456995;0.00382354;0.00196477;GALTEC,SDG,BT2,HDG,
K320;21138;0;0;0.00698204;0.00654204;0.00577204;0.00500497;0.00424721;0.00351372;0.00196477;GALTEC,SDG,BT2,HDG,
KM40;63469;0;0;0.0607021;0.0712798;0.0867826;0.117761;0.153639;0.194417;0.240095;GEBEITST,
KM40;42312;0;0;0.023217;0.0296055;0.0395169;0.0607021;0.0867826;0.117761;0.153639;GEBEITST,
KM40;42312;0;0;0.0050491;0.00722707;0.0116869;0.023217;0.0395169;0.0607021;0.0867826;GEBEITST,
KM40;21156;0;0;0.00257305;0.00330309;0.0050491;0.0116869;0.023217;0.0395169;0.0607021;GEBEITST,
KN40;26293;0;0;0.00214847;0.00198813;0.00196477;0.00227747;0.00404042;0.00923905;0.0194514;BAF_HNX,BAF,TTS,
KN40;26293;0;0;0.0039284;0.00351372;0.00283292;0.00227048;0.0019711;0.00196477;0.00240998;BAF_HNX,BAF,TTS,
KN40;26293;0;0;0.00632204;0.00588204;0.00511421;0.00435446;0.003616;0.00292537;0.00196477;BAF_HNX,BAF,TTS,
KM80;27503;0;0;0.00371934;0.0033121;0.00265631;0.00214847;0.00196477;0.00199442;0.00277186;GEBEITST,
LT70;16023;0;0;0.00241314;0.00214847;0.00196477;0.00199442;0.00277186;0.00567697;0.0130556;SG3,SDG,TTS,HDG,
KM80;46544;0;0;0.0607021;0.0712798;0.0867826;0.117761;0.153639;0.194417;0.240095;GEBEITST,
KM80;23272;0;0;0.0395169;0.0479972;0.0607021;0.0867826;0.117761;0.153639;0.194417;GEBEITST,
KM80;23272;0;0;0.0050491;0.00722707;0.0116869;0.023217;0.0395169;0.0607021;0.0867826;GEBEITST,
KM80;23272;0;0;0.00257305;0.00330309;0.0050491;0.0116869;0.023217;0.0395169;0.0607021;GEBEITST,
KM80;23272;0;0;0.00197231;0.00209176;0.00257305;0.0050491;0.0116869;0.023217;0.0395169;GEBEITST,
N710;25483;0;0;0.00196477;0.00199442;0.00227747;0.00404042;0.00923905;0.0194514;0.0343621;SG3,SDG,TTS,HDG,
N710;50545;0;0;0.0039284;0.00351372;0.00283292;0.00227048;0.0019711;0.00196477;0.00240998;SG3,SDG,TTS,HDG,
K820;48436;0;0;0.0116869;0.0160717;0.023217;0.0395169;0.0607021;0.0867826;0.117761;GEBEITST,
K820;72989;0;0;0.0050491;0.00722707;0.0116869;0.023217;0.0395169;0.0607021;0.0867826;GEBEITST,
K820;48659;0;0;0.00257305;0.00330309;0.0050491;0.0116869;0.023217;0.0395169;0.0607021;GEBEITST,
K820;48659;0;0;0.00197231;0.00209176;0.00257305;0.0050491;0.0116869;0.023217;0.0395169;GEBEITST,
K820;24330;0;0;0.00205171;0.00196477;0.00197231;0.00257305;0.0050491;0.0116869;0.023217;GEBEITST,
KK50;21156;0;0;0.00676204;0.00632204;0.0055524;0.004787;0.00403409;0.0033121;0.00196477;GEBEITST,
T230;16028;0;0;0.00665204;0.00621204;0.00544262;0.00467823;0.0039284;0.00321322;0.00196477;BAF_HNX,BAF,BT2,
K820;74254;0;0;0.0116869;0.0160717;0.023217;0.0395169;0.0607021;0.0867826;0.117761;GEBEITST,
K820;97319;0;0;0.0050491;0.00722707;0.0116869;0.023217;0.0395169;0.0607021;0.0867826;GEBEITST,
K820;72989;0;0;0.00257305;0.00330309;0.0050491;0.0116869;0.023217;0.0395169;0.0607021;GEBEITST,
K820;72989;0;0;0.00197231;0.00209176;0.00257305;0.0050491;0.0116869;0.023217;0.0395169;GEBEITST,
K820;24330;0;0;0.00205171;0.00196477;0.00197231;0.00257305;0.0050491;0.0116869;0.023217;GEBEITST,
LK60;24330;0;0;0.00364156;0.0050491;0.00817559;0.0177148;0.031934;0.0510236;0.0750055;GEBEITST,
LK60;50775;0;0;0.00817559;0.0116869;0.0177148;0.031934;0.0510236;0.0750055;0.103885;GEBEITST,
KM50;22214;0;0;0.0020148;0.00196477;0.00199442;0.00277186;0.00567697;0.0130556;0.0252471;GEBEITST,
LK40;64579;0;0;0.00371934;0.0033121;0.00265631;0.00214847;0.00196477;0.00199442;0.00277186;GEBEITST,
KN70;28396;0;0;0.00808204;0.00764204;0.00687204;0.00610204;0.00533308;0.00456995;0.00196477;BAF_HNX,BAF,TTS,
KM80;26445;0;0;0.00241314;0.00214847;0.00196477;0.00199442;0.00277186;0.00567697;0.0130556;GEBEITST,
L760;15946;0;0;0.00709204;0.00665204;0.00588204;0.00511421;0.00435446;0.003616;0.00196477;CAPL,BT2,
L760;24427;0;0;0.00786204;0.00742204;0.00665204;0.00588204;0.00511421;0.00435446;0.00196477;CAPL,TTS,
KT70;21035;0;0;0.00424721;0.00382354;0.00311568;0.00249087;0.00205171;0.00196477;0.00209176;CAPL,BT2,
KT70;21035;0;0;0.00709204;0.00665204;0.00588204;0.00511421;0.00435446;0.003616;0.00196477;CAPL,BT2,
KN50;17879;0;0;0.00632204;0.00588204;0.00511421;0.00435446;0.003616;0.00292537;0.00196477;BAF_HNX,BAF,TTS,
KM40;19041;0;0;0.0020148;0.00196477;0.00199442;0.00277186;0.00567697;0.0130556;0.0252471;GEBEITST,
LK40;24330;0;0;0.00371934;0.0033121;0.00265631;0.00214847;0.00196477;0.00199442;0.00277186;GEBEITST,
KM80;26310;0;0;0.00808204;0.00764204;0.00687204;0.00610204;0.00533308;0.00456995;0.00196477;GEBEITST,
L760;25770;0;0;0.00371934;0.0033121;0.00265631;0.00214847;0.00196477;0.00199442;0.00277186;SG3,SDG,TTS,HDG,
TB80;24537;0;0;0.00227048;0.00205171;0.00196477;0.00209176;0.00330309;0.00722707;0.0160717;GALTEC,SDG,BT2,HDG,
KT20;12796;0;0;0.00764204;0.00720204;0.00643204;0.00566213;0.00489585;0.00414042;0.00196477;GEBEITST,
LK40;17886;0;0;0.00424721;0.00382354;0.00311568;0.00249087;0.00205171;0.00196477;0.00209176;GEBEITST,
KM40;8602;0;0;0.0867826;0.0994592;0.117761;0.153639;0.194417;0.240095;0.290673;GEBEITST,
KM40;66642;0;0;0.0607021;0.0712798;0.0867826;0.117761;0.153639;0.194417;0.240095;GEBEITST,
KM40;44428;0;0;0.023217;0.0296055;0.0395169;0.0607021;0.0867826;0.117761;0.153639;GEBEITST,
KM40;66642;0;0;0.0050491;0.00722707;0.0116869;0.023217;0.0395169;0.0607021;0.0867826;GEBEITST,
KM40;44428;0;0;0.00257305;0.00330309;0.0050491;0.0116869;0.023217;0.0395169;0.0607021;GEBEITST,
K130;15980;0;0;0.00665204;0.00621204;0.00544262;0.00467823;0.0039284;0.00321322;0.00196477;BAF_HNX,BAF,BT2,
L650;8289;0;0;0.00808204;0.00764204;0.00687204;0.00610204;0.00533308;0.00456995;0.00196477;CAPL,TTS,
KM80;51987;0;0;0.00364156;0.0050491;0.00817559;0.0177148;0.031934;0.0510236;0.0750055;GEBEITST,
T230;33435;0;0;0.003616;0.00321322;0.00257191;0.00209667;0.00196477;0.00203321;0.00301436;SG3,SDG,TTS,HDG,
K320;25387;0;0;0.00676204;0.00632204;0.0055524;0.004787;0.00403409;0.0033121;0.00196477;GEBEITST,
K320;25387;0;0;0.00808204;0.00764204;0.00687204;0.00610204;0.00533308;0.00456995;0.00196477;GEBEITST,
KN50;10527;0;0;0.00301968;0.00265631;0.00214847;0.00196477;0.00199442;0.00277186;0.00567697;BAF_HNX,BAF,TTS,ELG,
K140;72925;0;0;0.00808204;0.00764204;0.00687204;0.00610204;0.00533308;0.00456995;0.00196477;GALTEC,SDG,BT2,HDG,
KM80;57007;0;0;0.031934;0.0395169;0.0510236;0.0750055;0.103885;0.137663;0.176341;GEBEITST,
KM80;143862;0;0;0.00414042;0.00371934;0.00301968;0.00241314;0.0020148;0.00196477;0.00217226;GEBEITST,
KM80;161845;0;0;0.00414042;0.00371934;0.00301968;0.00241314;0.0020148;0.00196477;0.00217226;GEBEITST,
KM80;161845;0;0;0.00424721;0.00382354;0.00311568;0.00249087;0.00205171;0.00196477;0.00209176;GEBEITST,
KM80;107897;0;0;0.00643204;0.00599204;0.0052236;0.0044619;0.00371934;0.00301968;0.00196477;GEBEITST,
KN30;23437;0;0;0.00424721;0.00382354;0.00311568;0.00249087;0.00205171;0.00196477;0.00209176;BAF_HNX,BAF,BT2,
KN30;23437;0;0;0.00643204;0.00599204;0.0052236;0.0044619;0.00371934;0.00301968;0.00196477;BAF_HNX,BAF,BT2,
KN30;23437;0;0;0.00720204;0.00676204;0.00599204;0.0052236;0.0044619;0.00371934;0.00196477;BAF_HNX,BAF,BT2,
TB40;24612;0;0;0.00731204;0.00687204;0.00610204;0.00533308;0.00456995;0.00382354;0.00196477;CAPL,TTS,ELG,
KM50;51564;0;0;0.00265631;0.00233967;0.00198813;0.00196477;0.00227747;0.00404042;0.00923905;GEBEITST,
T220;31877;0;0;0.0039284;0.00351372;0.00283292;0.00227048;0.0019711;0.00196477;0.00240998;BAF_HNX,BAF,TTS,ELG,
K360;97319;0;0;0.00330309;0.00450773;0.00722707;0.0160717;0.0296055;0.0479972;0.0712798;GEBEITST,
KM30;15846;0;0;0.00265631;0.00233967;0.00198813;0.00196477;0.00227747;0.00404042;0.00923905;GEBEITST,
KM50;25387;0;0;0.00341243;0.00301968;0.00241314;0.0020148;0.00196477;0.00217226;0.00364156;GEBEITST,
KM50;25387;0;0;0.00643204;0.00599204;0.0052236;0.0044619;0.00371934;0.00301968;0.00196477;GEBEITST,
TB80;23943;0;0;0.00351372;0.00311568;0.00249087;0.00205171;0.00196477;0.00209176;0.00330309;ZWART,
T230;21098;0;0;0.00808204;0.00764204;0.00687204;0.00610204;0.00533308;0.00456995;0.00196477;SG3,SDG,TTS,HDG,
KB30;25807;0;0;0.00277186;0.00364156;0.00567697;0.0130556;0.0252471;0.0422437;0.0641281;GEBEITST,
T230;42739;0;0;0.00588204;0.00544262;0.00467823;0.0039284;0.00321322;0.00257191;0.00196477;SG3,SDG,TTS,HDG,
T230;17598;0;0;0.00321322;0.00283292;0.00227048;0.0019711;0.00196477;0.00240998;0.00450773;GALTEC,SDG,BT2,HDG,
L620;5904;0;0;0.00709204;0.00665204;0.00588204;0.00511421;0.00435446;0.003616;0.00196477;GALTEC,SDG,TTS,HDG,
K820;29619;0;0;0.00676204;0.00632204;0.0055524;0.004787;0.00403409;0.0033121;0.00196477;GEBEITST,
L920;30287;0;0;0.00274359;0.00241314;0.0020148;0.00196477;0.00217226;0.00364156;0.00817559;CAPL,TTS,ELG,
KM40;8415;0;0;0.00257305;0.00330309;0.0050491;0.0116869;0.023217;0.0395169;0.0607021;GEBEITST,
LT70;21304;0;0;0.00639731;0.00923905;0.0145202;0.0273767;0.0450707;0.0676541;0.0951337;SG3,SDG,TTS,HDG,
LT70;21304;0;0;0.00292537;0.00257191;0.00209667;0.00196477;0.00203321;0.00301436;0.00639731;SG3,SDG,TTS,HDG,
K320;24330;0;0;0.00753204;0.00709204;0.00632204;0.0055524;0.004787;0.00403409;0.00196477;GEBEITST,
T230;24962;0;0;0.0039284;0.00351372;0.00283292;0.00227048;0.0019711;0.00196477;0.00240998;BAF_HNX,BAF,TTS,ELG,
K320;21156;0;0;0.00599204;0.0055524;0.004787;0.00403409;0.0033121;0.00265631;0.00196477;GEBEITST,
TB30;25489;0;0;0.00764204;0.00720204;0.00643204;0.00566213;0.00489585;0.00414042;0.00196477;CAPL,TTS,
LT70;14912;0;0;0.00257191;0.00227048;0.0019711;0.00196477;0.00240998;0.00450773;0.0104179;SG3,SDG,BT2,HDG,
KT70;13752;0;0;0.00371934;0.0033121;0.00265631;0.00214847;0.00196477;0.00199442;0.00277186;GEBEITST,
KM50;21156;0;0;0.00676204;0.00632204;0.0055524;0.004787;0.00403409;0.0033121;0.00196477;GEBEITST,
T230;62461;0;0;0.00599204;0.0055524;0.004787;0.00403409;0.0033121;0.00265631;0.00196477;BAF_HNX,BAF,TTS,ELG,
TB60;18107;0;0;0.00199442;0.00217226;0.00277186;0.00567697;0.0130556;0.0252471;0.0422437;GALTEC,SDG,BT2,HDG,
TB60;18107;0;0;0.00676204;0.00632204;0.0055524;0.004787;0.00403409;0.0033121;0.00196477;GALTEC,SDG,BT2,HDG,
K570;26276;0;0;0.00414042;0.00371934;0.00301968;0.00241314;0.0020148;0.00196477;0.00217226;GEBEITST,
KM40;25387;0;0;0.00588204;0.00544262;0.00467823;0.0039284;0.00321322;0.00257191;0.00196477;GEBEITST,
L650;18931;0;0;0.00698204;0.00654204;0.00577204;0.00500497;0.00424721;0.00351372;0.00196477;CAPL,TTS,
KK70;21156;0;0;0.00567697;0.00817559;0.0130556;0.0252471;0.0422437;0.0641281;0.0909081;GEBEITST,
L740;14955;0;0;0.00424721;0.00382354;0.00311568;0.00249087;0.00205171;0.00196477;0.00209176;CAPL,BT2,
T230;13986;0;0;0.00808204;0.00764204;0.00687204;0.00610204;0.00533308;0.00456995;0.00196477;BAF_HNX,BAF,TTS,
T230;27972;0;0;0.00808204;0.00764204;0.00687204;0.00610204;0.00533308;0.00456995;0.00196477;BAF_HNX,BAF,TTS,
L760;23365;0;0;0.00249087;0.00220669;0.00196477;0.00197231;0.00257305;0.0050491;0.0116869;CAPL,BT2,
L760;23365;0;0;0.00808204;0.00764204;0.00687204;0.00610204;0.00533308;0.00456995;0.00196477;CAPL,BT2,
KM50;26445;0;0;0.00753204;0.00709204;0.00632204;0.0055524;0.004787;0.00403409;0.00196477;GEBEITST,
TB50;21138;0;0;0.00424721;0.00382354;0.00311568;0.00249087;0.00205171;0.00196477;0.00209176;SG3,SDG,TTS,HDG,
TB50;21138;0;0;0.00676204;0.00632204;0.0055524;0.004787;0.00403409;0.0033121;0.00196477;SG3,SDG,TTS,HDG,
TB50;21138;0;0;0.00753204;0.00709204;0.00632204;0.0055524;0.004787;0.00403409;0.00196477;SG3,SDG,TTS,HDG,
LT70;17896;0;0;0.0252471;0.031934;0.0422437;0.0641281;0.0909081;0.122587;0.159165;SG3,SDG,BT2,HDG,
LT70;17896;0;0;0.00424721;0.00382354;0.00311568;0.00249087;0.00205171;0.00196477;0.00209176;SG3,SDG,BT2,HDG,
TB60;21365;0;0;0.00676204;0.00632204;0.0055524;0.004787;0.00403409;0.0033121;0.00196477;GALTEC,SDG,BT2,HDG,
T230;23300;0;0;0.00414042;0.00371934;0.00301968;0.00241314;0.0020148;0.00196477;0.00217226;GALTEC,SDG,BT2,HDG,
L620;48474;0;0;0.00311568;0.00274359;0.00220669;0.00196477;0.00197231;0.00257305;0.0050491;GALTEC,SDG,TTS,HDG,
K110;28990;0;0;0.00424721;0.00382354;0.00311568;0.00249087;0.00205171;0.00196477;0.00209176;BAF_HNX,BAF,TTS,ELG,
NB60;22885;0;0;-0.160483;0.0479972;0.0607021;0.0867826;0.117761;0.153639;0.194417;SG3,SDG,TTS,HDG,
NB60;22885;0;0;0.0039284;0.00351372;0.00283292;0.00227048;0.0019711;0.00196477;0.00240998;SG3,SDG,TTS,HDG,
NB60;35794;0;0;0.00808204;0.00764204;0.00687204;0.00610204;0.00533308;0.00456995;0.00196477;SG3,SDG,TTS,HDG,
T250;41659;0;0;0.00214847;0.00198813;0.00196477;0.00227747;0.00404042;0.00923905;0.0194514;SG3,SDG,TTS,HDG,
L610;24427;0;0;0.0020148;0.00196477;0.00199442;0.00277186;0.00567697;0.0130556;0.0252471;CAPL,BT2,
L610;24427;0;0;0.00424721;0.00382354;0.00311568;0.00249087;0.00205171;0.00196477;0.00209176;CAPL,BT2,
L610;24427;0;0;0.00676204;0.00632204;0.0055524;0.004787;0.00403409;0.0033121;0.00196477;CAPL,BT2,
L610;24427;0;0;0.00753204;0.00709204;0.00632204;0.0055524;0.004787;0.00403409;0.00196477;CAPL,BT2,
KM40;29619;0;0;0.00643204;0.00599204;0.0052236;0.0044619;0.00371934;0.00301968;0.00196477;GEBEITST,
KM40;29619;0;0;0.00797204;0.00753204;0.00676204;0.00599204;0.0052236;0.0044619;0.00196477;GEBEITST,
KM40;29619;0;0;0.00808204;0.00764204;0.00687204;0.00610204;0.00533308;0.00456995;0.00196477;GEBEITST,
LT70;24522;0;0;0.00214847;0.00198813;0.00196477;0.00227747;0.00404042;0.00923905;0.0194514;SG3,SDG,TTS,HDG,
T250;24720;0;0;0.00676204;0.00632204;0.0055524;0.004787;0.00403409;0.0033121;0.00196477;SG3,SDG,TTS,HDG,
K320;38081;0;0;0.00265631;0.00233967;0.00198813;0.00196477;0.00227747;0.00404042;0.00923905;GEBEITST,
K320;19041;0;0;0.00643204;0.00599204;0.0052236;0.0044619;0.00371934;0.00301968;0.00196477;GEBEITST,
T230;14912;0;0;0.00274359;0.00241314;0.0020148;0.00196477;0.00217226;0.00364156;0.00817559;GALTEC,SDG,BT2,HDG,
T230;44738;0;0;0.00341243;0.00301968;0.00241314;0.0020148;0.00196477;0.00217226;0.00364156;GALTEC,SDG,BT2,HDG,
T230;44738;0;0;0.00414042;0.00371934;0.00301968;0.00241314;0.0020148;0.00196477;0.00217226;GALTEC,SDG,BT2,HDG,
T230;29824;0;0;0.00424721;0.00382354;0.00311568;0.00249087;0.00205171;0.00196477;0.00209176;GALTEC,SDG,BT2,HDG,
T230;44738;0;0;0.00424721;0.00382354;0.00311568;0.00249087;0.00205171;0.00196477;0.00209176;GALTEC,SDG,BT2,HDG,
T230;44738;0;0;0.00643204;0.00599204;0.0052236;0.0044619;0.00371934;0.00301968;0.00196477;GALTEC,SDG,BT2,HDG,
T230;29824;0;0;0.00720204;0.00676204;0.00599204;0.0052236;0.0044619;0.00371934;0.00196477;GALTEC,SDG,BT2,HDG,
L610;21261;0;0;0.00632204;0.00588204;0.00511421;0.00435446;0.003616;0.00292537;0.00196477;CAPL,BT2,
L610;27586;0;0;0.00621204;0.00577204;0.00500497;0.00424721;0.00351372;0.00283292;0.00196477;CAPL,TTS,
KM80;14809;0;0;0.00364156;0.0050491;0.00817559;0.0177148;0.031934;0.0510236;0.0750055;GEBEITST,
KN40;15977;0;0;0.00621204;0.00577204;0.00500497;0.00424721;0.00351372;0.00283292;0.00196477;CAPL,BT2,
K570;24109;0;0;0.0020148;0.00196477;0.00199442;0.00277186;0.00567697;0.0130556;0.0252471;GEBEITST,
K570;24109;0;0;0.00599204;0.0055524;0.004787;0.00403409;0.0033121;0.00265631;0.00196477;GEBEITST,
L650;24404;0;0;0.00424721;0.00382354;0.00311568;0.00249087;0.00205171;0.00196477;0.00209176;CAPL,TTS,
L650;24404;0;0;0.00687204;0.00643204;0.00566213;0.00489585;0.00414042;0.00341243;0.00196477;CAPL,TTS,
L650;24404;0;0;0.00764204;0.00720204;0.00643204;0.00566213;0.00489585;0.00414042;0.00196477;CAPL,TTS,
L650;24404;0;0;0.00808204;0.00764204;0.00687204;0.00610204;0.00533308;0.00456995;0.00196477;CAPL,TTS,
L650;24404;0;0;0.00808204;0.00764204;0.00687204;0.00610204;0.00533308;0.00456995;0.00196477;CAPL,TTS,
KT70;15867;0;0;0.00265631;0.00233967;0.00198813;0.00196477;0.00227747;0.00404042;0.00923905;GEBEITST,
KT70;47602;0;0;0.00311568;0.00274359;0.00220669;0.00196477;0.00197231;0.00257305;0.0050491;GEBEITST,
KT70;31734;0;0;0.00632204;0.00588204;0.00511421;0.00435446;0.003616;0.00292537;0.00196477;GEBEITST,
KT70;15867;0;0;0.00786204;0.00742204;0.00665204;0.00588204;0.00511421;0.00435446;0.00196477;GEBEITST,
KT70;31734;0;0;0.00808204;0.00764204;0.00687204;0.00610204;0.00533308;0.00456995;0.00196477;GEBEITST,
KM30;23272;0;0;0.00341243;0.00301968;0.00241314;0.0020148;0.00196477;0.00217226;0.00364156;GEBEITST,
KM50;26445;0;0;0.00341243;0.00301968;0.00241314;0.0020148;0.00196477;0.00217226;0.00364156;GEBEITST,
KM50;15867;0;0;0.00341243;0.00301968;0.00241314;0.0020148;0.00196477;0.00217226;0.00364156;GEBEITST,
KM50;31734;0;0;0.00797204;0.00753204;0.00676204;0.00599204;0.0052236;0.0044619;0.00196477;GEBEITST,
KM50;23272;0;0;0.00797204;0.00753204;0.00676204;0.00599204;0.0052236;0.0044619;0.00196477;GEBEITST,
KM50;15867;0;0;0.00341243;0.00301968;0.00241314;0.0020148;0.00196477;0.00217226;0.00364156;GEBEITST,
KM80;16925;0;0;0.00797204;0.00753204;0.00676204;0.00599204;0.0052236;0.0044619;0.00196477;GEBEITST,
KT70;31734;0;0;0.00797204;0.00753204;0.00676204;0.00599204;0.0052236;0.0044619;0.00196477;GEBEITST,
KT70;7530;0;0;0.00265631;0.00233967;0.00198813;0.00196477;0.00227747;0.00404042;0.00923905;GEBEITST,
T230;83154;0;0;0.00643204;0.00599204;0.0052236;0.0044619;0.00371934;0.00301968;0.00196477;BAF_HNX,BAF,TTS,
KM80;72989;0;0;0.00764204;0.00720204;0.00643204;0.00566213;0.00489585;0.00414042;0.00196477;GEBEITST,
K200;25318;0;0;0.00424721;0.00382354;0.00311568;0.00249087;0.00205171;0.00196477;0.00209176;SG3,SDG,TTS,HDG,
KK80;24321;0;0;-0.174753;0.031934;0.0422437;0.0641281;0.0909081;0.122587;0.159165;GEBEITST,
KK80;121648;0;0;0.00292537;0.00257191;0.00209667;0.00196477;0.00203321;0.00301436;0.00639731;GEBEITST,
KK80;82509;0;0;-0.18548;0.0194514;0.0273767;0.0450707;0.0676541;0.0951337;0.127512;GEBEITST,
KK80;55006;0;0;0.00639731;0.00923905;0.0145202;0.0273767;0.0450707;0.0676541;0.0951337;GEBEITST,
KK80;110012;0;0;0.00301436;0.00404042;0.00639731;0.0145202;0.0273767;0.0450707;0.0676541;GEBEITST,
K820;55222;0;0;0.00292537;0.00257191;0.00209667;0.00196477;0.00203321;0.00301436;0.00639731;GEBEITST,
K820;24330;0;0;0.00227048;0.00205171;0.00196477;0.00209176;0.00330309;0.00722707;0.0160717;GEBEITST,
LT70;11821;0;0;0.00257305;0.00330309;0.0050491;0.0116869;0.023217;0.0395169;0.0607021;SG3,SDG,TTS,HDG,
LT70;32086;0;0;0.00241314;0.00214847;0.00196477;0.00199442;0.00277186;0.00567697;0.0130556;SG3,SDG,TTS,HDG,
LT70;48129;0;0;0.00311568;0.00274359;0.00220669;0.00196477;0.00197231;0.00257305;0.0050491;SG3,SDG,TTS,HDG,
LT70;48129;0;0;0.00382354;0.00341243;0.00274359;0.00220669;0.00196477;0.00197231;0.00257305;SG3,SDG,TTS,HDG,
LT70;32086;0;0;0.0039284;0.00351372;0.00283292;0.00227048;0.0019711;0.00196477;0.00240998;SG3,SDG,TTS,HDG,
LT70;64171;0;0;0.00424721;0.00382354;0.00311568;0.00249087;0.00205171;0.00196477;0.00209176;SG3,SDG,TTS,HDG,
LT70;64171;0;0;0.00610204;0.00566213;0.00489585;0.00414042;0.00341243;0.00274359;0.00196477;SG3,SDG,TTS,HDG,
LT70;48129;0;0;0.00687204;0.00643204;0.00566213;0.00489585;0.00414042;0.00341243;0.00196477;SG3,SDG,TTS,HDG,
LT70;64171;0;0;0.00764204;0.00720204;0.00643204;0.00566213;0.00489585;0.00414042;0.00196477;SG3,SDG,TTS,HDG,
LT70;16058;0;0;0.00424721;0.00382354;0.00311568;0.00249087;0.00205171;0.00196477;0.00209176;SG3,SDG,TTS,HDG,
K320;20098;0;0;0.00676204;0.00632204;0.0055524;0.004787;0.00403409;0.0033121;0.00196477;GEBEITST,
KM50;25387;0;0;0.0020148;0.00196477;0.00199442;0.00277186;0.00567697;0.0130556;0.0252471;GEBEITST,
TB30;10651;0;0;0.00742204;0.00698204;0.00621204;0.00544262;0.00467823;0.0039284;0.00196477;CAPL,BT2,
TB30;10651;0;0;0.00808204;0.00764204;0.00687204;0.00610204;0.00533308;0.00456995;0.00196477;CAPL,BT2,
TB30;10651;0;0;0.00808204;0.00764204;0.00687204;0.00610204;0.00533308;0.00456995;0.00196477;CAPL,BT2,
KN40;22087;0;0;0.00196477;0.00203321;0.00240998;0.00450773;0.0104179;0.0212855;0.0368895;CAPL,BT2,
KM40;26445;0;0;-0.113217;0.0994592;0.117761;0.153639;0.194417;0.240095;0.290673;GEBEITST,
L920;102601;0;0;0.00371934;0.0033121;0.00265631;0.00214847;0.00196477;0.00199442;0.00277186;SG3,SDG,TTS,HDG,
KM80;16176;0;0;0.00197231;0.00209176;0.00257305;0.0050491;0.0116869;0.023217;0.0395169;GEBEITST,
KM80;48527;0;0;0.00414042;0.00371934;0.00301968;0.00241314;0.0020148;0.00196477;0.00217226;GEBEITST,
KM80;22646;0;0;0.00414042;0.00371934;0.00301968;0.00241314;0.0020148;0.00196477;0.00217226;GEBEITST,
K200;17983;0;0;0.0116869;0.0160717;0.023217;0.0395169;0.0607021;0.0867826;0.117761;GEBEITST,
K200;17983;0;0;0.00197231;0.00209176;0.00257305;0.0050491;0.0116869;0.023217;0.0395169;GEBEITST,
K200;8040;0;0;0.00610204;0.00566213;0.00489585;0.00414042;0.00341243;0.00274359;0.00196477;GALTEC,SDG,TTS,HDG,
T230;6535;0;0;0.00424721;0.00382354;0.00311568;0.00249087;0.00205171;0.00196477;0.00209176;BAF_HNX,BAF,BT2,
T230;18217;0;0;0.00808204;0.00764204;0.00687204;0.00610204;0.00533308;0.00456995;0.00196477;BAF_HNX,BAF,BT2,
K320;32135;0;0;0.00610204;0.00566213;0.00489585;0.00414042;0.00341243;0.00274359;0.00196477;GEBEITST,
KT30;19041;0;0;0.00567697;0.00817559;0.0130556;0.0252471;0.0422437;0.0641281;0.0909081;GEBEITST,
KT30;19041;0;0;0.0020148;0.00196477;0.00199442;0.00277186;0.00567697;0.0130556;0.0252471;GEBEITST,
KN30;20562;0;0;0.00197231;0.00209176;0.00257305;0.0050491;0.0116869;0.023217;0.0395169;CAPL,BT2,
KM40;11636;0;0;0.00424721;0.00382354;0.00311568;0.00249087;0.00205171;0.00196477;0.00209176;GEBEITST,
K130;15267;0;0;0.0039284;0.00351372;0.00283292;0.00227048;0.0019711;0.00196477;0.00240998;BAF_HNX,BAF,TTS,ELG,
KM40;21156;0;0;0.00257305;0.00330309;0.0050491;0.0116869;0.023217;0.0395169;0.0607021;GEBEITST,
T210;33505;0;0;0.00274359;0.00241314;0.0020148;0.00196477;0.00217226;0.00364156;0.00817559;GALTEC,SDG,BT2,HDG,
T210;50136;0;0;0.00341243;0.00301968;0.00241314;0.0020148;0.00196477;0.00217226;0.00364156;GALTEC,SDG,BT2,HDG,
T210;50136;0;0;0.00414042;0.00371934;0.00301968;0.00241314;0.0020148;0.00196477;0.00217226;GALTEC,SDG,BT2,HDG,
T210;66848;0;0;0.00424721;0.00382354;0.00311568;0.00249087;0.00205171;0.00196477;0.00209176;GALTEC,SDG,BT2,HDG,
T210;50136;0;0;0.00424721;0.00382354;0.00311568;0.00249087;0.00205171;0.00196477;0.00209176;GALTEC,SDG,BT2,HDG,
T210;66848;0;0;0.00643204;0.00599204;0.0052236;0.0044619;0.00371934;0.00301968;0.00196477;GALTEC,SDG,BT2,HDG,
T210;50136;0;0;0.00720204;0.00676204;0.00599204;0.0052236;0.0044619;0.00371934;0.00196477;GALTEC,SDG,BT2,HDG,
K580;24330;0;0;0.0050491;0.00722707;0.0116869;0.023217;0.0395169;0.0607021;0.0867826;GEBEITST,
L650;15962;0;0;0.00808204;0.00764204;0.00687204;0.00610204;0.00533308;0.00456995;0.00196477;CAPL,BT2,
K130;14724;0;0;0.00709204;0.00665204;0.00588204;0.00511421;0.00435446;0.003616;0.00196477;BAF_HNX,BAF,TTS,
KT70;46544;0;0;0.00599204;0.0055524;0.004787;0.00403409;0.0033121;0.00265631;0.00196477;GEBEITST,
KT70;23272;0;0;0.00808204;0.00764204;0.00687204;0.00610204;0.00533308;0.00456995;0.00196477;GEBEITST,
TB80;26362;0;0;0.00214847;0.00198813;0.00196477;0.00227747;0.00404042;0.00923905;0.0194514;SG3,SDG,TTS,HDG,
TB80;26362;0;0;0.0039284;0.00351372;0.00283292;0.00227048;0.0019711;0.00196477;0.00240998;SG3,SDG,TTS,HDG,
TB80;26362;0;0;0.00424721;0.00382354;0.00311568;0.00249087;0.00205171;0.00196477;0.00209176;SG3,SDG,TTS,HDG,
TB80;26362;0;0;0.00709204;0.00665204;0.00588204;0.00511421;0.00435446;0.003616;0.00196477;SG3,SDG,TTS,HDG,
LT70;26603;0;0;0.00321322;0.00283292;0.00227048;0.0019711;0.00196477;0.00240998;0.00450773;SG3,SDG,TTS,HDG,
KM40;22214;0;0;0.023217;0.0296055;0.0395169;0.0607021;0.0867826;0.117761;0.153639;GEBEITST,
K130;11834;0;0;0.00808204;0.00764204;0.00687204;0.00610204;0.00533308;0.00456995;0.00196477;BAF_HNX,BAF,TTS,
L610;11944;0;0;0.00424721;0.00382354;0.00311568;0.00249087;0.00205171;0.00196477;0.00209176;CAPL,TTS,
L610;25489;0;0;0.00698204;0.00654204;0.00577204;0.00500497;0.00424721;0.00351372;0.00196477;CAPL,TTS,
KN40;22195;0;0;0.00610204;0.00566213;0.00489585;0.00414042;0.00341243;0.00274359;0.00196477;GALTEC,SDG,TTS,HDG,
T230;25465;0;0;0.00786204;0.00742204;0.00665204;0.00588204;0.00511421;0.00435446;0.00196477;CAPL,TTS,
T230;25465;0;0;0.00808204;0.00764204;0.00687204;0.00610204;0.00533308;0.00456995;0.00196477;CAPL,TTS,
KN70;30086;0;0;0.00632204;0.00588204;0.00511421;0.00435446;0.003616;0.00292537;0.00196477;BAF_HNX,BAF,TTS,
KN70;152500;0;0;0.00709204;0.00665204;0.00588204;0.00511421;0.00435446;0.003616;0.00196477;BAF_HNX,BAF,TTS,
KN70;152500;0;0;0.00786204;0.00742204;0.00665204;0.00588204;0.00511421;0.00435446;0.00196477;BAF_HNX,BAF,TTS,
K820;26445;0;0;0.0116869;0.0160717;0.023217;0.0395169;0.0607021;0.0867826;0.117761;GEBEITST,
K820;26445;0;0;0.0050491;0.00722707;0.0116869;0.023217;0.0395169;0.0607021;0.0867826;GEBEITST,
K820;26445;0;0;0.00257305;0.00330309;0.0050491;0.0116869;0.023217;0.0395169;0.0607021;GEBEITST,
T230;46559;0;0;0.00424721;0.00382354;0.00311568;0.00249087;0.00205171;0.00196477;0.00209176;BAF_H2,BAF,TTS,
KM50;36092;0;0;0.00414042;0.00371934;0.00301968;0.00241314;0.0020148;0.00196477;0.00217226;GEBEITST,
L920;17521;0;0;0.00382354;0.00341243;0.00274359;0.00220669;0.00196477;0.00197231;0.00257305;SG3,SDG,BT2,HDG,
KM40;21156;0;0;0.00205171;0.00196477;0.00197231;0.00257305;0.0050491;0.0116869;0.023217;GEBEITST,
KM80;22347;0;0;0.00720204;0.00676204;0.00599204;0.0052236;0.0044619;0.00371934;0.00196477;CAPL,BT2,
K110;24285;0;0;0.00665204;0.00621204;0.00544262;0.00467823;0.0039284;0.00321322;0.00196477;BAF_HNX,BAF,TTS,ELG,
T230;27830;0;0;0.00227048;0.00205171;0.00196477;0.00209176;0.00330309;0.00722707;0.0160717;BAF_HNX,BAF,TTS,ELG,
KM80;12694;0;0;0.00301968;0.00265631;0.00214847;0.00196477;0.00199442;0.00277186;0.00567697;GEBEITST,
KM50;28561;0;0;0.00599204;0.0055524;0.004787;0.00403409;0.0033121;0.00265631;0.00196477;GEBEITST,
KM50;28561;0;0;0.00808204;0.00764204;0.00687204;0.00610204;0.00533308;0.00456995;0.00196477;GEBEITST,
K820;22214;0;0;0.00197231;0.00209176;0.00257305;0.0050491;0.0116869;0.023217;0.0395169;GEBEITST,
K130;21796;0;0;0.00424721;0.00382354;0.00311568;0.00249087;0.00205171;0.00196477;0.00209176;BAF_HNX,BAF,BT2,ELG,
KN40;31861;0;0;0.00720204;0.00676204;0.00599204;0.0052236;0.0044619;0.00371934;0.00196477;GALTEC,SDG,BT2,HDG,
KM50;6760;0;0;0.00196477;0.00203321;0.00240998;0.00450773;0.0104179;0.0212855;0.0368895;GEBEITST,
KM50;16068;0;0;0.00621204;0.00577204;0.00500497;0.00424721;0.00351372;0.00283292;0.00196477;GEBEITST,
KN70;21303;0;0;0.00808204;0.00764204;0.00687204;0.00610204;0.00533308;0.00456995;0.00196477;GALTEC,SDG,BT2,HDG,
KN70;21303;0;0;0.00808204;0.00764204;0.00687204;0.00610204;0.00533308;0.00456995;0.00196477;GALTEC,SDG,BT2,HDG,
KM80;22214;0;0;0.0050491;0.00722707;0.0116869;0.023217;0.0395169;0.0607021;0.0867826;GEBEITST,
K820;22214;0;0;0.00197231;0.00209176;0.00257305;0.0050491;0.0116869;0.023217;0.0395169;GEBEITST,
K820;24330;0;0;0.00257305;0.00330309;0.0050491;0.0116869;0.023217;0.0395169;0.0607021;GEBEITST,
K820;24330;0;0;0.00197231;0.00209176;0.00257305;0.0050491;0.0116869;0.023217;0.0395169;GEBEITST,
T250;23274;0;0;0.00424721;0.00382354;0.00311568;0.00249087;0.00205171;0.00196477;0.00209176;SG3,SDG,BT2,HDG,
T250;23274;0;0;0.00424721;0.00382354;0.00311568;0.00249087;0.00205171;0.00196477;0.00209176;SG3,SDG,BT2,HDG,
TB30;12872;0;0;0.00257191;0.00227048;0.0019711;0.00196477;0.00240998;0.00450773;0.0104179;GALTEC,SDG,TTS,HDG,
TB30;13999;0;0;0.00621204;0.00577204;0.00500497;0.00424721;0.00351372;0.00283292;0.00196477;GALTEC,SDG,TTS,HDG,
TB30;13999;0;0;0.00808204;0.00764204;0.00687204;0.00610204;0.00533308;0.00456995;0.00196477;GALTEC,SDG,TTS,HDG,
T230;66589;0;0;0.00321322;0.00283292;0.00227048;0.0019711;0.00196477;0.00240998;0.00450773;BAF_HNX,BAF,TTS,ELG,
T230;66589;0;0;0.00371934;0.0033121;0.00265631;0.00214847;0.00196477;0.00199442;0.00277186;BAF_HNX,BAF,TTS,ELG,
T230;66589;0;0;0.0039284;0.00351372;0.00283292;0.00227048;0.0019711;0.00196477;0.00240998;BAF_HNX,BAF,TTS,ELG,
T230;33294;0;0;0.0039284;0.00351372;0.00283292;0.00227048;0.0019711;0.00196477;0.00240998;BAF_HNX,BAF,TTS,ELG,
T230;66589;0;0;0.00424721;0.00382354;0.00311568;0.00249087;0.00205171;0.00196477;0.00209176;BAF_HNX,BAF,TTS,ELG,
T230;66589;0;0;0.00424721;0.00382354;0.00311568;0.00249087;0.00205171;0.00196477;0.00209176;BAF_HNX,BAF,TTS,ELG,
T230;432825;0;0;0.00588204;0.00544262;0.00467823;0.0039284;0.00321322;0.00257191;0.00196477;BAF_HNX,BAF,TTS,ELG,
T230;432825;0;0;0.00808204;0.00764204;0.00687204;0.00610204;0.00533308;0.00456995;0.00196477;BAF_HNX,BAF,TTS,ELG,
T230;432825;0;0;0.00808204;0.00764204;0.00687204;0.00610204;0.00533308;0.00456995;0.00196477;BAF_HNX,BAF,TTS,ELG,
K820;48659;0;0;0.0050491;0.00722707;0.0116869;0.023217;0.0395169;0.0607021;0.0867826;GEBEITST,
K820;48659;0;0;0.00257305;0.00330309;0.0050491;0.0116869;0.023217;0.0395169;0.0607021;GEBEITST,
K820;48659;0;0;0.00197231;0.00209176;0.00257305;0.0050491;0.0116869;0.023217;0.0395169;GEBEITST,
K820;25387;0;0;0.00257305;0.00330309;0.0050491;0.0116869;0.023217;0.0395169;0.0607021;GEBEITST,
KM40;23272;0;0;0.00227048;0.00205171;0.00196477;0.00209176;0.00330309;0.00722707;0.0160717;GEBEITST,
T250;25402;0;0;0.0039284;0.00351372;0.00283292;0.00227048;0.0019711;0.00196477;0.00240998;SG3,SDG,TTS,HDG,
T250;25402;0;0;0.00424721;0.00382354;0.00311568;0.00249087;0.00205171;0.00196477;0.00209176;SG3,SDG,TTS,HDG,
KT20;26599;0;0;0.00424721;0.00382354;0.00311568;0.00249087;0.00205171;0.00196477;0.00209176;BAF_H2,BAF,TTS,
KT20;49547;0;0;0.00808204;0.00764204;0.00687204;0.00610204;0.00533308;0.00456995;0.00196477;BAF_H2,BAF,TTS,
LT70;16075;0;0;0.00808204;0.00764204;0.00687204;0.00610204;0.00533308;0.00456995;0.00196477;SG3,SDG,TTS,HDG,
LT70;48176;0;0;0.0039284;0.00351372;0.00283292;0.00227048;0.0019711;0.00196477;0.00240998;SG3,SDG,TTS,HDG,
LT80;26325;0;0;0.0050491;0.00722707;0.0116869;0.023217;0.0395169;0.0607021;0.0867826;GEBEITST,
T230;27798;0;0;0.00450773;0.00639731;0.0104179;0.0212855;0.0368895;0.057376;0.082757;SG3,SDG,TTS,HDG,
T230;27798;0;0;0.00450773;0.00639731;0.0104179;0.0212855;0.0368895;0.057376;0.082757;SG3,SDG,TTS,HDG,
T230;27798;0;0;0.00199442;0.00217226;0.00277186;0.00567697;0.0130556;0.0252471;0.0422437;SG3,SDG,TTS,HDG,
T230;27798;0;0;0.00196477;0.00199442;0.00227747;0.00404042;0.00923905;0.0194514;0.0343621;SG3,SDG,TTS,HDG,
T230;27798;0;0;0.00371934;0.0033121;0.00265631;0.00214847;0.00196477;0.00199442;0.00277186;SG3,SDG,TTS,HDG,
T230;27798;0;0;0.0039284;0.00351372;0.00283292;0.00227048;0.0019711;0.00196477;0.00240998;SG3,SDG,TTS,HDG,
T230;27798;0;0;0.00424721;0.00382354;0.00311568;0.00249087;0.00205171;0.00196477;0.00209176;SG3,SDG,TTS,HDG,
T230;27798;0;0;0.00599204;0.0055524;0.004787;0.00403409;0.0033121;0.00265631;0.00196477;SG3,SDG,TTS,HDG,
T230;27798;0;0;0.00199442;0.00217226;0.00277186;0.00567697;0.0130556;0.0252471;0.0422437;SG3,SDG,TTS,HDG,
T230;27798;0;0;0.00196477;0.00199442;0.00227747;0.00404042;0.00923905;0.0194514;0.0343621;SG3,SDG,TTS,HDG,
T230;27798;0;0;0.00241314;0.00214847;0.00196477;0.00199442;0.00277186;0.00567697;0.0130556;SG3,SDG,TTS,HDG,
T230;27798;0;0;0.0039284;0.00351372;0.00283292;0.00227048;0.0019711;0.00196477;0.00240998;SG3,SDG,TTS,HDG,
T230;27798;0;0;0.00599204;0.0055524;0.004787;0.00403409;0.0033121;0.00265631;0.00196477;SG3,SDG,TTS,HDG,
T230;27798;0;0;0.00665204;0.00621204;0.00544262;0.00467823;0.0039284;0.00321322;0.00196477;SG3,SDG,TTS,HDG,
TB80;374760;0;0;0.00283292;0.00249087;0.00205171;0.00196477;0.00209176;0.00330309;0.00722707;ZWART,
TB80;399744;0;0;0.00424721;0.00382354;0.00311568;0.00249087;0.00205171;0.00196477;0.00209176;ZWART,
TB80;22902;0;0;0.00330309;0.00450773;0.00722707;0.0160717;0.0296055;0.0479972;0.0712798;ZWART,
TB80;22902;0;0;0.00209176;0.00240998;0.00330309;0.00722707;0.0160717;0.0296055;0.0479972;ZWART,
TB80;22902;0;0;0.0019711;0.00196477;0.00209176;0.00330309;0.00722707;0.0160717;0.0296055;ZWART,
TB80;22902;0;0;0.00283292;0.00249087;0.00205171;0.00196477;0.00209176;0.00330309;0.00722707;ZWART,
TB80;45804;0;0;0.00351372;0.00311568;0.00249087;0.00205171;0.00196477;0.00209176;0.00330309;ZWART,
TB80;22902;0;0;0.00424721;0.00382354;0.00311568;0.00249087;0.00205171;0.00196477;0.00209176;ZWART,
TB80;22902;0;0;0.00424721;0.00382354;0.00311568;0.00249087;0.00205171;0.00196477;0.00209176;ZWART,
TB80;22902;0;0;0.00424721;0.00382354;0.00311568;0.00249087;0.00205171;0.00196477;0.00209176;ZWART,
TB80;524664;0;0;0.00283292;0.00249087;0.00205171;0.00196477;0.00209176;0.00330309;0.00722707;ZWART,
TB80;524664;0;0;0.00424721;0.00382354;0.00311568;0.00249087;0.00205171;0.00196477;0.00209176;ZWART,
L740;25489;0;0;0.00808204;0.00764204;0.00687204;0.00610204;0.00533308;0.00456995;0.00196477;CAPL,TTS,
KN70;176690;0;0;0.0033121;0.00292537;0.00233967;0.00198813;0.00196477;0.00227747;0.00404042;BAF_HNX,BAF,TTS,
KN70;147241;0;0;0.0039284;0.00351372;0.00283292;0.00227048;0.0019711;0.00196477;0.00240998;BAF_HNX,BAF,TTS,
KN70;147241;0;0;0.00424721;0.00382354;0.00311568;0.00249087;0.00205171;0.00196477;0.00209176;BAF_HNX,BAF,TTS,
KN70;176690;0;0;0.00632204;0.00588204;0.00511421;0.00435446;0.003616;0.00292537;0.00196477;BAF_HNX,BAF,TTS,
KN70;147241;0;0;0.00709204;0.00665204;0.00588204;0.00511421;0.00435446;0.003616;0.00196477;BAF_HNX,BAF,TTS,
KN70;147241;0;0;0.00786204;0.00742204;0.00665204;0.00588204;0.00511421;0.00435446;0.00196477;BAF_HNX,BAF,TTS,
L920;17776;0;0;-0.0352097;0.182267;0.206968;0.254046;0.306024;0.362902;0.42468;CAPL,TTS,ELG,
K320;28561;0;0;0.00808204;0.00764204;0.00687204;0.00610204;0.00533308;0.00456995;0.00196477;GEBEITST,
K130;25129;0;0;0.00424721;0.00382354;0.00311568;0.00249087;0.00205171;0.00196477;0.00209176;BAF_HNX,BAF,BT2,ELG,
K320;24330;0;0;0.00676204;0.00632204;0.0055524;0.004787;0.00403409;0.0033121;0.00196477;GEBEITST,
K130;26047;0;0;0.0039284;0.00351372;0.00283292;0.00227048;0.0019711;0.00196477;0.00240998;BAF_HNX,BAF,TTS,ELG,
T230;26441;0;0;0.00808204;0.00764204;0.00687204;0.00610204;0.00533308;0.00456995;0.00196477;BAF_HNX,BAF,TTS,ELG,
K320;17588;0;0;0.00371934;0.0033121;0.00265631;0.00214847;0.00196477;0.00199442;0.00277186;GEBEITST,
K320;24740;0;0;0.00808204;0.00764204;0.00687204;0.00610204;0.00533308;0.00456995;0.00196477;GEBEITST,
K320;17983;0;0;0.00676204;0.00632204;0.0055524;0.004787;0.00403409;0.0033121;0.00196477;GEBEITST,
TB50;4900;0;0;0.0510236;0.0607021;0.0750055;0.103885;0.137663;0.176341;0.219919;CAPL,BT2,
TB50;36321;0;0;0.00817559;0.0116869;0.0177148;0.031934;0.0510236;0.0750055;0.103885;CAPL,BT2,
TB50;72643;0;0;0.00249087;0.00220669;0.00196477;0.00197231;0.00257305;0.0050491;0.0116869;CAPL,BT2,
TB50;54482;0;0;0.00424721;0.00382354;0.00311568;0.00249087;0.00205171;0.00196477;0.00209176;CAPL,BT2,
TB50;27613;0;0;0.00808204;0.00764204;0.00687204;0.00610204;0.00533308;0.00456995;0.00196477;CAPL,TTS,
TB80;18307;0;0;0.00450773;0.00639731;0.0104179;0.0212855;0.0368895;0.057376;0.082757;SG3,SDG,TTS,HDG,
TB80;23978;0;0;0.00450773;0.00639731;0.0104179;0.0212855;0.0368895;0.057376;0.082757;SG3,SDG,TTS,HDG,
TB80;23978;0;0;0.00257191;0.00227048;0.0019711;0.00196477;0.00240998;0.00450773;0.0104179;SG3,SDG,TTS,HDG,
TB80;23978;0;0;0.00292537;0.00257191;0.00209667;0.00196477;0.00203321;0.00301436;0.00639731;SG3,SDG,TTS,HDG,
TB80;47956;0;0;0.003616;0.00321322;0.00257191;0.00209667;0.00196477;0.00203321;0.00301436;SG3,SDG,TTS,HDG,
TB80;23978;0;0;0.0039284;0.00351372;0.00283292;0.00227048;0.0019711;0.00196477;0.00240998;SG3,SDG,TTS,HDG,
TB80;47956;0;0;0.00424721;0.00382354;0.00311568;0.00249087;0.00205171;0.00196477;0.00209176;SG3,SDG,TTS,HDG,
TB80;23978;0;0;0.00588204;0.00544262;0.00467823;0.0039284;0.00321322;0.00257191;0.00196477;SG3,SDG,TTS,HDG,
TB80;47956;0;0;0.00665204;0.00621204;0.00544262;0.00467823;0.0039284;0.00321322;0.00196477;SG3,SDG,TTS,HDG,
TB80;23978;0;0;0.00742204;0.00698204;0.00621204;0.00544262;0.00467823;0.0039284;0.00196477;SG3,SDG,TTS,HDG,
TB80;23978;0;0;0.00808204;0.00764204;0.00687204;0.00610204;0.00533308;0.00456995;0.00196477;SG3,SDG,TTS,HDG,
KM30;17983;0;0;0.00808204;0.00764204;0.00687204;0.00610204;0.00533308;0.00456995;0.00196477;GEBEITST,
LT40;31799;0;0;0.00301968;0.00265631;0.00214847;0.00196477;0.00199442;0.00277186;0.00567697;SG3,SDG,BT2,HDG,
LT40;31799;0;0;0.00599204;0.0055524;0.004787;0.00403409;0.0033121;0.00265631;0.00196477;SG3,SDG,BT2,HDG,
KM70;19041;0;0;0.003616;0.00321322;0.00257191;0.00209667;0.00196477;0.00203321;0.00301436;GEBEITST,
TB80;8510;0;0;0.00450773;0.00639731;0.0104179;0.0212855;0.0368895;0.057376;0.082757;SG3,SDG,TTS,HDG,
TB80;24001;0;0;0.00257191;0.00227048;0.0019711;0.00196477;0.00240998;0.00450773;0.0104179;SG3,SDG,TTS,HDG,
TB80;24001;0;0;0.00292537;0.00257191;0.00209667;0.00196477;0.00203321;0.00301436;0.00639731;SG3,SDG,TTS,HDG,
TB80;48001;0;0;0.0039284;0.00351372;0.00283292;0.00227048;0.0019711;0.00196477;0.00240998;SG3,SDG,TTS,HDG,
TB80;24001;0;0;0.00424721;0.00382354;0.00311568;0.00249087;0.00205171;0.00196477;0.00209176;SG3,SDG,TTS,HDG,
TB80;24001;0;0;0.00588204;0.00544262;0.00467823;0.0039284;0.00321322;0.00257191;0.00196477;SG3,SDG,TTS,HDG,
TB80;24001;0;0;0.00665204;0.00621204;0.00544262;0.00467823;0.0039284;0.00321322;0.00196477;SG3,SDG,TTS,HDG,
TB80;24001;0;0;0.00742204;0.00698204;0.00621204;0.00544262;0.00467823;0.0039284;0.00196477;SG3,SDG,TTS,HDG,
TB80;24001;0;0;0.00808204;0.00764204;0.00687204;0.00610204;0.00533308;0.00456995;0.00196477;SG3,SDG,TTS,HDG,
K320;31734;0;0;0.00676204;0.00632204;0.0055524;0.004787;0.00403409;0.0033121;0.00196477;GEBEITST,
K320;22214;0;0;0.00676204;0.00632204;0.0055524;0.004787;0.00403409;0.0033121;0.00196477;GEBEITST,
K320;66642;0;0;0.00753204;0.00709204;0.00632204;0.0055524;0.004787;0.00403409;0.00196477;GEBEITST,
K350;22214;0;0;0.00371934;0.0033121;0.00265631;0.00214847;0.00196477;0.00199442;0.00277186;GEBEITST,
TB50;50928;0;0;0.00610204;0.00566213;0.00489585;0.00414042;0.00341243;0.00274359;0.00196477;CAPL,TTS,
TB50;25465;0;0;0.00687204;0.00643204;0.00566213;0.00489585;0.00414042;0.00341243;0.00196477;CAPL,TTS,
KN40;20218;0;0;0.00265631;0.00233967;0.00198813;0.00196477;0.00227747;0.00404042;0.00923905;CAPL,BT2,
K320;30677;0;0;0.00241314;0.00214847;0.00196477;0.00199442;0.00277186;0.00567697;0.0130556;GEBEITST,
LK40;49416;0;0;0.00424721;0.00382354;0.00311568;0.00249087;0.00205171;0.00196477;0.00209176;GEBEITST,
LK40;24708;0;0;0.00687204;0.00643204;0.00566213;0.00489585;0.00414042;0.00341243;0.00196477;GEBEITST,
LK40;49416;0;0;0.00808204;0.00764204;0.00687204;0.00610204;0.00533308;0.00456995;0.00196477;GEBEITST,
LK40;49416;0;0;0.00808204;0.00764204;0.00687204;0.00610204;0.00533308;0.00456995;0.00196477;GEBEITST,
T230;23692;0;0;0.00209176;0.00240998;0.00330309;0.00722707;0.0160717;0.0296055;0.0479972;BAF_HNX,BAF,TTS,
T230;23692;0;0;0.0019711;0.00196477;0.00209176;0.00330309;0.00722707;0.0160717;0.0296055;BAF_HNX,BAF,TTS,
T230;23692;0;0;0.0039284;0.00351372;0.00283292;0.00227048;0.0019711;0.00196477;0.00240998;BAF_HNX,BAF,TTS,
T230;23692;0;0;0.00424721;0.00382354;0.00311568;0.00249087;0.00205171;0.00196477;0.00209176;BAF_HNX,BAF,TTS,
KK80;16925;0;0;0.00599204;0.0055524;0.004787;0.00403409;0.0033121;0.00265631;0.00196477;GEBEITST,
KT20;10814;0;0;0.00808204;0.00764204;0.00687204;0.00610204;0.00533308;0.00456995;0.00196477;BAF_H2,BAF,BT2,
K130;15776;0;0;0.00220669;0.0020148;0.00196477;0.00217226;0.00364156;0.00817559;0.0177148;BAF_HNX,BAF,BT2,
K200;31734;0;0;0.00599204;0.0055524;0.004787;0.00403409;0.0033121;0.00265631;0.00196477;GEBEITST,
K320;21258;0;0;0.0020148;0.00196477;0.00199442;0.00277186;0.00567697;0.0130556;0.0252471;GEBEITST,
KK80;21508;0;0;0.00808204;0.00764204;0.00687204;0.00610204;0.00533308;0.00456995;0.00196477;GEBEITST,
KM80;51861;0;0;0.00205171;0.00196477;0.00197231;0.00257305;0.0050491;0.0116869;0.023217;GEBEITST,
KM80;38895;0;0;0.00249087;0.00220669;0.00196477;0.00197231;0.00257305;0.0050491;0.0116869;GEBEITST,
KN40;12872;0;0;0.00265631;0.00233967;0.00198813;0.00196477;0.00227747;0.00404042;0.00923905;GALTEC,SDG,BT2,HDG,
KN40;12872;0;0;0.00709204;0.00665204;0.00588204;0.00511421;0.00435446;0.003616;0.00196477;GALTEC,SDG,BT2,HDG,
KN20;10867;0;0;0.00450773;0.00639731;0.0104179;0.0212855;0.0368895;0.057376;0.082757;GALTEC,SDG,TTS,HDG,
K360;88703;0;0;0.00351372;0.00311568;0.00249087;0.00205171;0.00196477;0.00209176;0.00330309;GEBEITST,
KN30;6740;0;0;0.00196477;0.00199442;0.00227747;0.00404042;0.00923905;0.0194514;0.0343621;SG3,SDG,TTS,HDG,
KN30;26447;0;0;0.0039284;0.00351372;0.00283292;0.00227048;0.0019711;0.00196477;0.00240998;SG3,SDG,TTS,HDG,
KN30;132239;0;0;0.0039284;0.00351372;0.00283292;0.00227048;0.0019711;0.00196477;0.00240998;SG3,SDG,TTS,HDG,
KN30;132239;0;0;0.00786204;0.00742204;0.00665204;0.00588204;0.00511421;0.00435446;0.00196477;SG3,SDG,TTS,HDG,
KT10;32128;0;0;0.00196477;0.00199442;0.00227747;0.00404042;0.00923905;0.0194514;0.0343621;SG3,SDG,TTS,HDG,
KT10;26293;0;0;0.00214847;0.00198813;0.00196477;0.00227747;0.00404042;0.00923905;0.0194514;SG3,SDG,TTS,HDG,
KT10;26293;0;0;0.00321322;0.00283292;0.00227048;0.0019711;0.00196477;0.00240998;0.00450773;SG3,SDG,TTS,HDG,
KT10;131465;0;0;0.0039284;0.00351372;0.00283292;0.00227048;0.0019711;0.00196477;0.00240998;SG3,SDG,TTS,HDG,
KT10;131465;0;0;0.00786204;0.00742204;0.00665204;0.00588204;0.00511421;0.00435446;0.00196477;SG3,SDG,TTS,HDG,
KM60;28561;0;0;0.00599204;0.0055524;0.004787;0.00403409;0.0033121;0.00265631;0.00196477;GEBEITST,
KN50;23138;0;0;0.00424721;0.00382354;0.00311568;0.00249087;0.00205171;0.00196477;0.00209176;BAF_HNX,BAF,TTS,
T230;92824;0;0;0.00214847;0.00198813;0.00196477;0.00227747;0.00404042;0.00923905;0.0194514;SG3,SDG,TTS,HDG,
T230;82611;0;0;0.0130556;0.0177148;0.0252471;0.0422437;0.0641281;0.0909081;0.122587;SG3,SDG,TTS,HDG,
T230;632080;0;0;0.00214847;0.00198813;0.00196477;0.00227747;0.00404042;0.00923905;0.0194514;SG3,SDG,TTS,HDG,
T230;20759;0;0;0.0039284;0.00351372;0.00283292;0.00227048;0.0019711;0.00196477;0.00240998;BAF_HNX,BAF,TTS,ELG,
KT30;25614;0;0;0.00196477;0.00203321;0.00240998;0.00450773;0.0104179;0.0212855;0.0368895;CAPL,BT2,
KT30;25614;0;0;0.00196477;0.00203321;0.00240998;0.00450773;0.0104179;0.0212855;0.0368895;CAPL,BT2,
KT30;102455;0;0;0.00198813;0.00196477;0.00203321;0.00301436;0.00639731;0.0145202;0.0273767;CAPL,BT2,
KT30;25614;0;0;0.00292537;0.00257191;0.00209667;0.00196477;0.00203321;0.00301436;0.00639731;CAPL,BT2,
K570;75330;0;0;0.0273767;0.0343621;0.0450707;0.0676541;0.0951337;0.127512;0.16479;GEBEITST,
KT30;22932;0;0;0.00599204;0.0055524;0.004787;0.00403409;0.0033121;0.00265631;0.00196477;GEBEITST,
KN50;26230;0;0;0.00424721;0.00382354;0.00311568;0.00249087;0.00205171;0.00196477;0.00209176;BAF_HNX,BAF,TTS,ELG,
LM40;25489;0;0;0.00709204;0.00665204;0.00588204;0.00511421;0.00435446;0.003616;0.00196477;CAPL,BT2,
LM40;25489;0;0;0.00808204;0.00764204;0.00687204;0.00610204;0.00533308;0.00456995;0.00196477;CAPL,BT2,
LT70;25719;0;0;0.00240998;0.00301436;0.00450773;0.0104179;0.0212855;0.0368895;0.057376;SG3,SDG,TTS,HDG,
KM20;12073;0;0;0.00125406;0.00134575;0.00175477;0.00396752;0.0103575;0.024556;0.0428424;GEBEITST,
K570;21156;0;0;0.00146236;0.00128646;0.00125336;0.00149828;0.00306541;0.00787307;0.0198783;GEBEITST,
LK70;22281;0;0;0.00173547;0.00146236;0.00125336;0.00126695;0.00192906;0.00454663;0.011855;SG3,SDG,BT2,HDG,
LK40;29451;0;0;0.00311568;0.00274359;0.00220669;0.00196477;0.00197231;0.00257305;0.0050491;GEBEITST,
LK40;50775;0;0;0.00698204;0.00654204;0.00577204;0.00500497;0.00424721;0.00351372;0.00196477;GEBEITST,
K570;23943;0;0;0.00731204;0.00687204;0.00610204;0.00533308;0.00456995;0.00382354;0.00196477;ZWART,
TB40;39889;0;0;0.00687204;0.00643204;0.00566213;0.00489585;0.00414042;0.00341243;0.00196477;SG3,SDG,TTS,HDG,
KT20;37476;0;0;0.00227048;0.00205171;0.00196477;0.00209176;0.00330309;0.00722707;0.0160717;ZWART,
KT20;74952;0;0;0.00654204;0.00610204;0.00533308;0.00456995;0.00382354;0.00311568;0.00196477;ZWART,
LT70;84138;0;0;0.0039284;0.00351372;0.00283292;0.00227048;0.0019711;0.00196477;0.00240998;SG3,SDG,TTS,HDG,
LK40;43722;0;0;0.00742204;0.00698204;0.00621204;0.00544262;0.00467823;0.0039284;0.00196477;ZWART,
LK40;15708;0;0;0.00209667;0.0019711;0.00196477;0.00240998;0.00450773;0.0104179;0.0212855;GEBEITST,
LK40;121648;0;0;0.00257191;0.00227048;0.0019711;0.00196477;0.00240998;0.00450773;0.0104179;GEBEITST,
LK40;121648;0;0;0.00698204;0.00654204;0.00577204;0.00500497;0.00424721;0.00351372;0.00196477;GEBEITST,
LK40;121648;0;0;0.00775204;0.00731204;0.00654204;0.00577204;0.00500497;0.00424721;0.00196477;GEBEITST,
LK60;25387;0;0;0.00808204;0.00764204;0.00687204;0.00610204;0.00533308;0.00456995;0.00196477;GEBEITST,
T230;66241;0;0;0.00424721;0.00382354;0.00311568;0.00249087;0.00205171;0.00196477;0.00209176;BAF_HNX,BAF,TTS,ELG,
T230;81457;0;0;0.00654204;0.00610204;0.00533308;0.00456995;0.00382354;0.00311568;0.00196477;BAF_HNX,BAF,TTS,ELG,
KN50;25514;0;0;0.00610204;0.00566213;0.00489585;0.00414042;0.00341243;0.00274359;0.00196477;SG3,SDG,TTS,HDG,
L630;30150;0;0;0.00621204;0.00577204;0.00500497;0.00424721;0.00351372;0.00283292;0.00196477;SG3,SDG,TTS,HDG,
KN30;14355;0;0;0.0039284;0.00351372;0.00283292;0.00227048;0.0019711;0.00196477;0.00240998;BAF_HNX,BAF,TTS,ELG,
T230;94344;0;0;0.00351372;0.00311568;0.00249087;0.00205171;0.00196477;0.00209176;0.00330309;BAF_HNX,BAF,TTS,ELG,
T230;218623;0;0;0.0039284;0.00351372;0.00283292;0.00227048;0.0019711;0.00196477;0.00240998;BAF_HNX,BAF,TTS,ELG,
T230;218623;0;0;0.00424721;0.00382354;0.00311568;0.00249087;0.00205171;0.00196477;0.00209176;BAF_HNX,BAF,TTS,ELG,
T230;191294;0;0;0.00424721;0.00382354;0.00311568;0.00249087;0.00205171;0.00196477;0.00209176;BAF_HNX,BAF,TTS,ELG,
T230;163966;0;0;0.00654204;0.00610204;0.00533308;0.00456995;0.00382354;0.00311568;0.00196477;BAF_HNX,BAF,TTS,ELG,
T230;163966;0;0;0.00731204;0.00687204;0.00610204;0.00533308;0.00456995;0.00382354;0.00196477;BAF_HNX,BAF,TTS,ELG,
KT70;5810;0;0;0.00808204;0.00764204;0.00687204;0.00610204;0.00533308;0.00456995;0.00196477;CAPL,TTS,
T230;20247;0;0;0.023217;0.0296055;0.0395169;0.0607021;0.0867826;0.117761;0.153639;SG3,SDG,TTS,HDG,
L650;19209;0;0;0.00423346;0.00379871;0.00305336;0.00235005;0.00173547;0.00131912;0.00125336;CAPL,BT2,
LK40;21156;0;0;0.00146236;0.00128646;0.00125336;0.00149828;0.00306541;0.00787307;0.0198783;GEBEITST,
LK40;21156;0;0;0.00423346;0.00379871;0.00305336;0.00235005;0.00173547;0.00131912;0.00125336;GEBEITST,
K320;24330;0;0;0.00643204;0.00599204;0.00522204;0.00445204;0.00369067;0.00294935;0.00125336;GEBEITST,
KM60;5096;0;0;0.00423346;0.00379871;0.00305336;0.00235005;0.00173547;0.00131912;0.00125336;GEBEITST,
KM40;21156;0;0;0.00412411;0.00369067;0.00294935;0.00225602;0.00165867;0.00128646;0.00125336;GEBEITST,
K200;20181;0;0;0.00643204;0.00599204;0.00522204;0.00445204;0.00369067;0.00294935;0.00125336;GEBEITST,
K570;19041;0;0;0.00198446;0.00165867;0.00128646;0.00125336;0.00149828;0.00306541;0.00787307;GEBEITST,
K570;24330;0;0;0.00423346;0.00379871;0.00305336;0.00235005;0.00173547;0.00131912;0.00125336;GEBEITST,
LK70;22180;0;0;0.00687204;0.00643204;0.00566213;0.00489585;0.00414042;0.00341243;0.00196477;SG3,SDG,TTS,HDG,
LK40;21156;0;0;0.00720204;0.00676204;0.00599204;0.00522204;0.00445204;0.00369067;0.00125336;GEBEITST,
LK40;21156;0;0;0.00254425;0.00216361;0.00158981;0.00126485;0.00125336;0.00161271;0.00348114;GEBEITST,
LK40;21156;0;0;0.00423346;0.00379871;0.00305336;0.00235005;0.00173547;0.00131912;0.00125336;GEBEITST,